{"name":"lampLight_271","class":"SpotLight","__parent":"lampLights_136","position":[-261.775055,788.565369,82.3874207],"animationPeriod":2,"brightness":0.899999976,"color":[0.82745105,0.92549026,0.470588267,1],"fadeStartDistance":10,"hidden":true,"innerAngle":10,"isEnabled":false,"outerAngle":170,"rotationMatrix":[-4.92006778e-14,0.99999994,1.50995803e-07,3.2584137e-07,1.50995788e-07,-1,-0.99999994,0,-3.25841341e-07],"shadowDarkenColor":[0,0,0,0],"shadowDistance":20}
{"name":"lampBulb_811","class":"PointLight","__parent":"lampLights_136","position":[-260.663727,788.352905,82.3656006],"brightness":20,"color":[0.826189578,0.925667524,0.471540183,1],"hidden":true,"isEnabled":false,"radius":0.5,"rotationMatrix":[-4.92006778e-14,0.99999994,1.50995803e-07,3.2584137e-07,1.50995788e-07,-1,-0.99999994,0,-3.25841341e-07],"shadowDarkenColor":[0,0,0,0]}
{"name":"lampBulb_812","class":"PointLight","__parent":"lampLights_136","position":[-260.665009,788.862915,82.3656006],"brightness":20,"color":[0.826189578,0.925667524,0.471540183,1],"hidden":true,"isEnabled":false,"radius":0.5,"rotationMatrix":[-4.92006778e-14,0.99999994,1.50995803e-07,3.2584137e-07,1.50995788e-07,-1,-0.99999994,0,-3.25841341e-07],"shadowDarkenColor":[0,0,0,0]}
{"name":"lampBulb_813","class":"PointLight","__parent":"lampLights_136","position":[-261.416656,788.351135,82.3656006],"brightness":20,"color":[0.826189578,0.925667524,0.471540183,1],"hidden":true,"isEnabled":false,"radius":0.5,"rotationMatrix":[-4.92006778e-14,0.99999994,1.50995803e-07,3.2584137e-07,1.50995788e-07,-1,-0.99999994,0,-3.25841341e-07],"shadowDarkenColor":[0,0,0,0]}
{"name":"lampLight_272","class":"SpotLight","__parent":"lampLights_136","position":[-261.023712,788.5672,82.3874207],"animationPeriod":2,"brightness":0.899999976,"color":[0.82745105,0.92549026,0.470588267,1],"fadeStartDistance":10,"hidden":true,"innerAngle":10,"isEnabled":false,"outerAngle":170,"rotationMatrix":[-4.92006778e-14,0.99999994,1.50995803e-07,3.2584137e-07,1.50995788e-07,-1,-0.99999994,0,-3.25841341e-07],"shadowDarkenColor":[0,0,0,0],"shadowDistance":20}
{"name":"lampBulb_814","class":"PointLight","__parent":"lampLights_136","position":[-262.121979,788.859192,82.3656006],"brightness":20,"color":[0.826189578,0.925667524,0.471540183,1],"hidden":true,"isEnabled":false,"radius":0.5,"rotationMatrix":[-4.92006778e-14,0.99999994,1.50995803e-07,3.2584137e-07,1.50995788e-07,-1,-0.99999994,0,-3.25841341e-07],"shadowDarkenColor":[0,0,0,0]}
{"name":"lampBulb_815","class":"PointLight","__parent":"lampLights_136","position":[-261.417816,788.861084,82.3656006],"brightness":20,"color":[0.826189578,0.925667524,0.471540183,1],"hidden":true,"isEnabled":false,"radius":0.5,"rotationMatrix":[-4.92006778e-14,0.99999994,1.50995803e-07,3.2584137e-07,1.50995788e-07,-1,-0.99999994,0,-3.25841341e-07],"shadowDarkenColor":[0,0,0,0]}
{"name":"lampBulb_816","class":"PointLight","__parent":"lampLights_136","position":[-262.121063,788.349365,82.3656006],"brightness":20,"color":[0.826189578,0.925667524,0.471540183,1],"hidden":true,"isEnabled":false,"radius":0.5,"rotationMatrix":[-4.92006778e-14,0.99999994,1.50995803e-07,3.2584137e-07,1.50995788e-07,-1,-0.99999994,0,-3.25841341e-07],"shadowDarkenColor":[0,0,0,0]}
