{"name":"lampLight_295","class":"SpotLight","__parent":"lampLights_148","position":[-407.676544,464.925873,103.866608],"animationPeriod":2,"brightness":0.899999976,"color":[0.82745105,0.92549026,0.470588267,1],"fadeStartDistance":10,"innerAngle":10,"outerAngle":170,"rotationMatrix":[0.707106709,-0.707106709,-8.0840141e-07,1.43629563e-07,1.28688191e-06,-0.999999881,0.707106709,0.707106769,1.01152432e-06],"shadowDarkenColor":[0,0,0,0],"shadowDistance":20}
{"name":"lampBulb_883","class":"PointLight","__parent":"lampLights_148","position":[-406.726044,465.539703,103.844788],"brightness":20,"color":[0.826189578,0.925667524,0.471540183,1],"radius":0.5,"rotationMatrix":[0.707106709,-0.707106709,-8.0840141e-07,1.43629563e-07,1.28688191e-06,-0.999999881,0.707106709,0.707106769,1.01152432e-06],"shadowDarkenColor":[0,0,0,0]}
{"name":"lampBulb_884","class":"PointLight","__parent":"lampLights_148","position":[-407.079193,465.907684,103.844788],"brightness":20,"color":[0.826189578,0.925667524,0.471540183,1],"radius":0.5,"rotationMatrix":[0.707106709,-0.707106709,-8.0840141e-07,1.43629563e-07,1.28688191e-06,-0.999999881,0.707106709,0.707106769,1.01152432e-06],"shadowDarkenColor":[0,0,0,0]}
{"name":"lampBulb_885","class":"PointLight","__parent":"lampLights_148","position":[-407.269318,465.018341,103.844788],"brightness":20,"color":[0.826189578,0.925667524,0.471540183,1],"radius":0.5,"rotationMatrix":[0.707106709,-0.707106709,-8.0840141e-07,1.43629563e-07,1.28688191e-06,-0.999999881,0.707106709,0.707106769,1.01152432e-06],"shadowDarkenColor":[0,0,0,0]}
{"name":"lampLight_296","class":"SpotLight","__parent":"lampLights_148","position":[-407.134369,465.446136,103.866608],"animationPeriod":2,"brightness":0.899999976,"color":[0.82745105,0.92549026,0.470588267,1],"fadeStartDistance":10,"innerAngle":10,"outerAngle":170,"rotationMatrix":[0.707106709,-0.707106709,-8.0840141e-07,1.43629563e-07,1.28688191e-06,-0.999999881,0.707106709,0.707106769,1.01152432e-06],"shadowDarkenColor":[0,0,0,0],"shadowDistance":20}
{"name":"lampBulb_886","class":"PointLight","__parent":"lampLights_148","position":[-408.130402,464.898712,103.844788],"brightness":20,"color":[0.826189578,0.925667524,0.471540183,1],"radius":0.5,"rotationMatrix":[0.707106709,-0.707106709,-8.0840141e-07,1.43629563e-07,1.28688191e-06,-0.999999881,0.707106709,0.707106769,1.01152432e-06],"shadowDarkenColor":[0,0,0,0]}
{"name":"lampBulb_887","class":"PointLight","__parent":"lampLights_148","position":[-407.622467,465.386383,103.844788],"brightness":20,"color":[0.826189578,0.925667524,0.471540183,1],"radius":0.5,"rotationMatrix":[0.707106709,-0.707106709,-8.0840141e-07,1.43629563e-07,1.28688191e-06,-0.999999881,0.707106709,0.707106769,1.01152432e-06],"shadowDarkenColor":[0,0,0,0]}
{"name":"lampBulb_888","class":"PointLight","__parent":"lampLights_148","position":[-407.777496,464.53067,103.844788],"brightness":20,"color":[0.826189578,0.925667524,0.471540183,1],"radius":0.5,"rotationMatrix":[0.707106709,-0.707106709,-8.0840141e-07,1.43629563e-07,1.28688191e-06,-0.999999881,0.707106709,0.707106769,1.01152432e-06],"shadowDarkenColor":[0,0,0,0]}
