{"name":"lampLight_101","class":"SpotLight","__parent":"lampLights_51","position":[-881.066345,299.174286,166.256485],"animationPeriod":2,"brightness":0.899999976,"color":[0.82745105,0.92549026,0.470588267,1],"fadeStartDistance":10,"innerAngle":10,"isEnabled":false,"outerAngle":170,"rotationMatrix":[0.704390883,-0.709812164,-0.000342041254,-0.000488251448,-2.38418579e-06,-0.999999642,0.709812045,0.704390764,-0.000348210335],"shadowDarkenColor":[0,0,0,0],"shadowDistance":20}
{"name":"lampBulb_301","class":"PointLight","__parent":"lampLights_51","position":[-880.130188,299.809784,166.234756],"brightness":20,"color":[0.826189578,0.925667524,0.471540183,1],"isEnabled":false,"radius":0.5,"rotationMatrix":[0.704390883,-0.709812164,-0.000342041254,-0.000488251448,-2.38418579e-06,-0.999999642,0.709812045,0.704390764,-0.000348210335],"shadowDarkenColor":[0,0,0,0]}
{"name":"lampBulb_302","class":"PointLight","__parent":"lampLights_51","position":[-880.491638,300.169617,166.234924],"brightness":20,"color":[0.826189578,0.925667524,0.471540183,1],"isEnabled":false,"radius":0.5,"rotationMatrix":[0.704390883,-0.709812164,-0.000342041254,-0.000488251448,-2.38418579e-06,-0.999999642,0.709812045,0.704390764,-0.000348210335],"shadowDarkenColor":[0,0,0,0]}
{"name":"lampBulb_303","class":"PointLight","__parent":"lampLights_51","position":[-880.661316,299.276184,166.234634],"brightness":20,"color":[0.826189578,0.925667524,0.471540183,1],"isEnabled":false,"radius":0.5,"rotationMatrix":[0.704390883,-0.709812164,-0.000342041254,-0.000488251448,-2.38418579e-06,-0.999999642,0.709812045,0.704390764,-0.000348210335],"shadowDarkenColor":[0,0,0,0]}
{"name":"lampLight_102","class":"SpotLight","__parent":"lampLights_51","position":[-880.536255,299.706848,166.256577],"animationPeriod":2,"brightness":0.899999976,"color":[0.82745105,0.92549026,0.470588267,1],"fadeStartDistance":10,"innerAngle":10,"isEnabled":false,"outerAngle":170,"rotationMatrix":[0.704390883,-0.709812164,-0.000342041254,-0.000488251448,-2.38418579e-06,-0.999999642,0.709812045,0.704390764,-0.000348210335],"shadowDarkenColor":[0,0,0,0],"shadowDistance":20}
{"name":"lampBulb_304","class":"PointLight","__parent":"lampLights_51","position":[-881.519775,299.136688,166.234695],"brightness":20,"color":[0.826189578,0.925667524,0.471540183,1],"isEnabled":false,"radius":0.5,"rotationMatrix":[0.704390883,-0.709812164,-0.000342041254,-0.000488251448,-2.38418579e-06,-0.999999642,0.709812045,0.704390764,-0.000348210335],"shadowDarkenColor":[0,0,0,0]}
{"name":"lampBulb_305","class":"PointLight","__parent":"lampLights_51","position":[-881.022827,299.635956,166.234802],"brightness":20,"color":[0.826189578,0.925667524,0.471540183,1],"isEnabled":false,"radius":0.5,"rotationMatrix":[0.704390883,-0.709812164,-0.000342041254,-0.000488251448,-2.38418579e-06,-0.999999642,0.709812045,0.704390764,-0.000348210335],"shadowDarkenColor":[0,0,0,0]}
{"name":"lampBulb_306","class":"PointLight","__parent":"lampLights_51","position":[-881.158264,298.776917,166.234528],"brightness":20,"color":[0.826189578,0.925667524,0.471540183,1],"isEnabled":false,"radius":0.5,"rotationMatrix":[0.704390883,-0.709812164,-0.000342041254,-0.000488251448,-2.38418579e-06,-0.999999642,0.709812045,0.704390764,-0.000348210335],"shadowDarkenColor":[0,0,0,0]}
