{"pos":[-6.33809996,655.114868,74.6371536],"rotationMatrix":[-1,0,0,0,-1,0,0,0,1],"scale":1,"type":"billboard_structure1"}
{"pos":[-68.3647003,670.767029,74.1187973],"rotationMatrix":[1,0,0,0,1,0,0,0,1],"scale":1,"type":"billboard_structure1"}
{"pos":[-354.919006,304.287994,101.632004],"rotationMatrix":[0.760429621,0.649420321,0,-0.649420321,0.760429621,0,0,0,1],"scale":1,"type":"billboard_structure1"}
{"pos":[-595.284973,118.179001,102.195999],"rotationMatrix":[0.728268027,0.685292423,0,-0.685292423,0.728268027,0,0,0,1],"scale":1,"type":"billboard_structure1"}
{"pos":[-275.978912,-52.1811676,119.289886],"rotationMatrix":[-0.105647326,0.99440366,0,-0.99440366,-0.105647326,0,0,0,1],"scale":1,"type":"billboard_structure1"}
{"pos":[-98.1482544,-11.4621725,119.830246],"rotationMatrix":[-0.783393264,-0.62152642,0,0.62152642,-0.783393264,0,0,0,1],"scale":1,"type":"billboard_structure1"}
