{"pos":[-447.190002,503.979004,96.405098],"rotationMatrix":[-0.707182407,-0.707031131,0,0.707031131,-0.707182407,0,0,0,1],"scale":1,"type":"bollard_hoop_grey"}
{"pos":[-446.483002,503.272003,96.405098],"rotationMatrix":[-0.707182407,-0.707031131,0,0.707031131,-0.707182407,0,0,0,1],"scale":1,"type":"bollard_hoop_grey"}
{"pos":[-447.897003,504.686005,96.4235001],"rotationMatrix":[-0.707182407,-0.707031131,0,0.707031131,-0.707182407,0,0,0,1],"scale":1,"type":"bollard_hoop_grey"}
{"pos":[-448.604004,505.393005,96.4235001],"rotationMatrix":[-0.707182407,-0.707031131,0,0.707031131,-0.707182407,0,0,0,1],"scale":1,"type":"bollard_hoop_grey"}
{"pos":[-736.930664,764.054199,84.7456436],"rotationMatrix":[1.92876014e-05,0.998741567,0.0501513928,-0.99999994,1.93119031e-05,0,-9.68518862e-07,-0.0501513891,0.998741508],"scale":1,"type":"bollard_hoop_grey"}
{"pos":[-737.930664,764.052002,84.9184875],"rotationMatrix":[1.93008182e-05,0.999425948,0.0338767916,-0.99999994,1.93119031e-05,0,-6.54225289e-07,-0.0338767879,0.999425888],"scale":1,"type":"bollard_hoop_grey"}
{"pos":[-738.930664,764.052002,85.0733871],"rotationMatrix":[1.93115229e-05,0.999980211,0.00629116688,-0.99999994,1.93119031e-05,0,-1.21494409e-07,-0.00629116641,0.999980152],"scale":1,"type":"bollard_hoop_grey"}
{"pos":[-663.689026,504.368988,117.364998],"rotationMatrix":[-0.707182407,-0.707031131,0,0.707031131,-0.707182407,0,0,0,1],"scale":1,"type":"bollard_hoop_grey"}
{"pos":[-662.981995,503.661987,117.315002],"rotationMatrix":[-0.707182407,-0.707031131,0,0.707031131,-0.707182407,0,0,0,1],"scale":1,"type":"bollard_hoop_grey"}
{"pos":[-664.395996,505.075989,117.417999],"rotationMatrix":[-0.707182407,-0.707031131,0,0.707031131,-0.707182407,0,0,0,1],"scale":1,"type":"bollard_hoop_grey"}
{"pos":[-665.103027,505.78299,117.468002],"rotationMatrix":[-0.707182407,-0.707031131,0,0.707031131,-0.707182407,0,0,0,1],"scale":1,"type":"bollard_hoop_grey"}
{"pos":[-795.747009,888.33197,74.7942963],"rotationMatrix":[1,0,0,0,1,0,0,0,1],"scale":1,"type":"bollard_hoop_grey"}
{"pos":[-756.333008,888.33197,74.7942963],"rotationMatrix":[1,0,0,0,1,0,0,0,1],"scale":1,"type":"bollard_hoop_grey"}
{"pos":[-766.359985,888.33197,74.7942963],"rotationMatrix":[1,0,0,0,1,0,0,0,1],"scale":1,"type":"bollard_hoop_grey"}
{"pos":[-776.341003,888.33197,74.7942963],"rotationMatrix":[1,0,0,0,1,0,0,0,1],"scale":1,"type":"bollard_hoop_grey"}
{"pos":[-754.18103,656.088989,106.099998],"rotationMatrix":[1.93119049e-05,1,0,-1,1.93119049e-05,0,0,0,1],"scale":1,"type":"bollard_hoop_grey"}
{"pos":[-755.18103,656.088989,106.181999],"rotationMatrix":[1.93119049e-05,1,0,-1,1.93119049e-05,0,0,0,1],"scale":1,"type":"bollard_hoop_grey"}
{"pos":[-757.18103,656.088989,106.327003],"rotationMatrix":[1.93119049e-05,1,0,-1,1.93119049e-05,0,0,0,1],"scale":1,"type":"bollard_hoop_grey"}
{"pos":[-756.18103,656.088989,106.246002],"rotationMatrix":[1.93119049e-05,1,0,-1,1.93119049e-05,0,0,0,1],"scale":1,"type":"bollard_hoop_grey"}
{"pos":[-752.836975,561.924988,122.768997],"rotationMatrix":[1.93119049e-05,-1,0,1,1.93119049e-05,0,0,0,1],"scale":1,"type":"bollard_hoop_grey"}
{"pos":[-751.836975,561.924988,122.581001],"rotationMatrix":[1.93119049e-05,-1,0,1,1.93119049e-05,0,0,0,1],"scale":1,"type":"bollard_hoop_grey"}
{"pos":[-753.836975,561.924988,122.949997],"rotationMatrix":[1.93119049e-05,-1,0,1,1.93119049e-05,0,0,0,1],"scale":1,"type":"bollard_hoop_grey"}
{"pos":[-754.836975,561.924988,123.137001],"rotationMatrix":[1.93119049e-05,-1,0,1,1.93119049e-05,0,0,0,1],"scale":1,"type":"bollard_hoop_grey"}
{"pos":[-896.692017,667.106995,111.554001],"rotationMatrix":[1.93119049e-05,-1,0,1,1.93119049e-05,0,0,0,1],"scale":1,"type":"bollard_hoop_grey"}
{"pos":[-895.692017,667.106995,111.505997],"rotationMatrix":[1.93119049e-05,-1,0,1,1.93119049e-05,0,0,0,1],"scale":1,"type":"bollard_hoop_grey"}
{"pos":[-903.343018,562.026001,131.649002],"rotationMatrix":[1.93119049e-05,-1,0,1,1.93119049e-05,0,0,0,1],"scale":1,"type":"bollard_hoop_grey"}
{"pos":[-902.343018,562.026001,131.587006],"rotationMatrix":[1.93119049e-05,-1,0,1,1.93119049e-05,0,0,0,1],"scale":1,"type":"bollard_hoop_grey"}
{"pos":[-904.343018,562.026001,131.694],"rotationMatrix":[1.93119049e-05,-1,0,1,1.93119049e-05,0,0,0,1],"scale":1,"type":"bollard_hoop_grey"}
{"pos":[-905.343018,562.026001,131.755005],"rotationMatrix":[1.93119049e-05,-1,0,1,1.93119049e-05,0,0,0,1],"scale":1,"type":"bollard_hoop_grey"}
{"pos":[-555.737,396.661987,107.988998],"rotationMatrix":[-0.707182407,-0.707031131,0,0.707031131,-0.707182407,0,0,0,1],"scale":1,"type":"bollard_hoop_grey"}
{"pos":[-556.44397,397.368988,108.139],"rotationMatrix":[-0.707182407,-0.707031131,0,0.707031131,-0.707182407,0,0,0,1],"scale":1,"type":"bollard_hoop_grey"}
{"pos":[-562.296021,424.171997,107.861],"rotationMatrix":[0.707081437,-0.707132101,0,0.707132101,0.707081437,0,0,0,1],"scale":1,"type":"bollard_hoop_grey"}
{"pos":[-561.588989,424.878998,107.754997],"rotationMatrix":[0.707081437,-0.707132101,0,0.707132101,0.707081437,0,0,0,1],"scale":1,"type":"bollard_hoop_grey"}
{"pos":[-560.174988,426.292999,107.535004],"rotationMatrix":[0.707081437,-0.707132101,0,0.707132101,0.707081437,0,0,0,1],"scale":1,"type":"bollard_hoop_grey"}
{"pos":[-560.882019,425.585999,107.640999],"rotationMatrix":[0.707081437,-0.707132101,0,0.707132101,0.707081437,0,0,0,1],"scale":1,"type":"bollard_hoop_grey"}
{"pos":[-563.710022,422.757996,108.055],"rotationMatrix":[0.707081437,-0.707132101,0,0.707132101,0.707081437,0,0,0,1],"scale":1,"type":"bollard_hoop_grey"}
{"pos":[-563.002991,423.464996,107.948997],"rotationMatrix":[0.707081437,-0.707132101,0,0.707132101,0.707081437,0,0,0,1],"scale":1,"type":"bollard_hoop_grey"}
{"pos":[-564.416992,422.049988,108.168999],"rotationMatrix":[0.707081437,-0.707132101,0,0.707132101,0.707081437,0,0,0,1],"scale":1,"type":"bollard_hoop_grey"}
{"pos":[-565.124023,421.342987,108.275002],"rotationMatrix":[0.707081437,-0.707132101,0,0.707132101,0.707081437,0,0,0,1],"scale":1,"type":"bollard_hoop_grey"}
{"pos":[-877.002991,267.747986,159.451004],"rotationMatrix":[0.707081437,-0.707132101,0,0.707132101,0.707081437,0,0,0,1],"scale":1,"type":"bollard_hoop_grey"}
{"pos":[-877.710022,267.040985,159.451004],"rotationMatrix":[0.707081437,-0.707132101,0,0.707132101,0.707081437,0,0,0,1],"scale":1,"type":"bollard_hoop_grey"}
{"pos":[-876.296021,268.454987,159.451004],"rotationMatrix":[0.707081437,-0.707132101,0,0.707132101,0.707081437,0,0,0,1],"scale":1,"type":"bollard_hoop_grey"}
{"pos":[-875.588989,269.162994,159.451004],"rotationMatrix":[0.707081437,-0.707132101,0,0.707132101,0.707081437,0,0,0,1],"scale":1,"type":"bollard_hoop_grey"}
{"pos":[-118.955421,18.5120697,121.518661],"rotationMatrix":[0.43203789,-0.901855409,0,0.901855409,0.43203789,0,0,0,1],"scale":1,"type":"bollard_hoop_grey"}
{"pos":[-121.43087,16.7410412,121.41349],"rotationMatrix":[0.422797382,0.906224191,0,-0.906224191,0.422797382,0,0,0,1],"scale":1,"type":"bollard_hoop_grey"}
{"pos":[-14.2908325,64.806427,119.923088],"rotationMatrix":[0.0658458471,-0.997829854,0,0.997829854,0.0658458471,0,0,0,1],"scale":1,"type":"bollard_hoop_grey"}
{"pos":[-17.2677441,63.0737076,119.969574],"rotationMatrix":[0.651390016,-0.758743107,0,0.758743107,0.651390016,0,0,0,1],"scale":1,"type":"bollard_hoop_grey"}
{"pos":[-736.137573,610.529114,115.788971],"rotationMatrix":[0.99999994,0,0,0,0.99999994,0,0,0,0.999999881],"scale":1,"type":"bollard_hoop_grey"}
{"pos":[-735.953613,611.524475,115.781616],"rotationMatrix":[0.99999994,0,0,0,0.99999994,0,0,0,0.999999881],"scale":1,"type":"bollard_hoop_grey"}
{"pos":[-824.184753,609.808594,117.143799],"rotationMatrix":[0.99999994,0,0,0,0.99999994,0,0,0,0.999999881],"scale":1,"type":"bollard_hoop_grey"}
{"pos":[-824.218262,610.947021,117.143799],"rotationMatrix":[0.99999994,0,0,0,0.99999994,0,0,0,0.999999881],"scale":1,"type":"bollard_hoop_grey"}
{"pos":[-824.172241,611.99707,117.143799],"rotationMatrix":[0.99999994,0,0,0,0.99999994,0,0,0,0.999999881],"scale":1,