{"pos":[-778.96759,656.514221,111.254707],"rotationMatrix":[1,1.50995803e-07,0,-1.50995803e-07,1,0,0,0,1],"scale":1,"type":"boom_trafficlight_small"}
{"pos":[-775.337585,670.652161,110.822464],"rotationMatrix":[5.96046448e-08,-0.99999994,0,0.99999994,5.96046448e-08,0,0,0,1],"scale":1,"type":"boom_trafficlight_small"}
{"pos":[-584.820435,406.946106,114.045425],"rotationMatrix":[0.707106829,-0.707106769,0,0.707106769,0.707106829,0,0,0,1],"scale":1,"type":"boom_trafficlight_small"}
{"pos":[-690.48761,301.187958,134.499161],"rotationMatrix":[0.707106829,-0.707106769,0,0.707106769,0.707106829,0,0,0,1],"scale":1,"type":"boom_trafficlight_small"}
{"pos":[-663.692871,485.811249,122.122948],"rotationMatrix":[0.707106829,-0.707106769,0,0.707106769,0.707106829,0,0,0,1],"scale":1,"type":"boom_trafficlight_small"}
{"pos":[-778.184143,548.471008,128.870926],"rotationMatrix":[1,1.50995803e-07,0,-1.50995803e-07,1,0,0,0,1],"scale":1,"type":"boom_trafficlight_small"}
{"pos":[-719.433777,113.926552,123.593338],"rotationMatrix":[0.707106829,-0.707106769,0,0.707106769,0.707106829,0,0,0,1],"scale":1,"type":"boom_trafficlight_small"}
{"pos":[-775.509399,565.218445,128.7668],"rotationMatrix":[5.96046448e-08,-0.99999994,0,0.99999994,5.96046448e-08,0,0,0,1],"scale":1,"type":"boom_trafficlight_small"}
{"pos":[-649.011169,494.916138,122.054398],"rotationMatrix":[-0.707106709,-0.707106829,0,0.707106829,-0.707106709,0,0,0,1],"scale":1,"type":"boom_trafficlight_small"}
{"pos":[-570.108337,415.966095,114.020973],"rotationMatrix":[-0.707106709,-0.707106829,0,0.707106829,-0.707106709,0,0,0,1],"scale":1,"type":"boom_trafficlight_small"}
{"pos":[-675.784119,310.26886,134.402985],"rotationMatrix":[-0.707106709,-0.707106829,0,0.707106829,-0.707106709,0,0,0,1],"scale":1,"type":"boom_trafficlight_small"}
{"pos":[-710.413086,129.015732,123.606773],"rotationMatrix":[-0.707106709,-0.707106829,0,0.707106829,-0.707106709,0,0,0,1],"scale":1,"type":"boom_trafficlight_small"}
{"pos":[-470.005493,525.988159,101.560196],"rotationMatrix":[-0.707106709,-0.707106829,0,0.707106829,-0.707106709,0,0,0,1],"scale":1,"type":"boom_trafficlight_small"}
{"pos":[-464.743988,497.201538,101.613945],"rotationMatrix":[0.707106948,0.70710659,0,-0.70710659,0.707106948,0,0,0,1],"scale":1,"type":"boom_trafficlight_small"}
{"pos":[-385.454773,418.07486,101.202438],"rotationMatrix":[0.707106948,0.70710659,0,-0.70710659,0.707106948,0,0,0,1],"scale":1,"type":"boom_trafficlight_small"}
{"pos":[-403.332031,429.917847,101.245277],"rotationMatrix":[0.707106829,-0.707106769,0,0.707106769,0.707106829,0,0,0,1],"scale":1,"type":"boom_trafficlight_small"}
{"pos":[-479.740967,506.096252,101.830933],"rotationMatrix":[0.707106829,-0.707106769,0,0.707106769,0.707106829,0,0,0,1],"scale":1,"type":"boom_trafficlight_small"}
{"pos":[-558.676331,585.084106,95.1681595],"rotationMatrix":[0.707106829,-0.707106769,0,0.707106769,0.707106829,0,0,0,1],"scale":1,"type":"boom_trafficlight_small"}
{"pos":[-540.836365,573.467285,95.0401459],"rotationMatrix":[0.707106948,0.70710659,0,-0.70710659,0.707106948,0,0,0,1],"scale":1,"type":"boom_trafficlight_small"}
{"pos":[-742.917542,377.360535,148.275848],"rotationMatrix":[-0.707106471,0.707107186,0,-0.707107186,-0.707106471,0,0,0,1],"scale":1,"type":"boom_trafficlight_small"}
{"pos":[-420.179626,699.931824,79.8170776],"rotationMatrix":[-0.707106471,0.707107186,0,-0.707107186,-0.707106471,0,0,0,1],"scale":1,"type":"boom_trafficlight_small"}
{"pos":[-453.743225,689.964172,80.1229172],"rotationMatrix":[0.707106411,-0.707107127,0,0.707107127,0.707106411,0,0,0,1],"scale":1,"type":"boom_trafficlight_small"}
{"pos":[-374.61142,611.249939,80.0881042],"rotationMatrix":[0.707106411,-0.707107127,0,0.707107127,0.707106411,0,0,0,1],"scale":1,"type":"boom_trafficlight_small"}
{"pos":[-337.818604,623.743286,79.9558411],"rotationMatrix":[-0.707106471,0.707107186,0,-0.707107186,-0.707106471,0,0,0,1],"scale":1,"type":"boom_trafficlight_small"}
{"pos":[-778.274231,365.443451,148.447876],"rotationMatrix":[0.707106829,-0.707106769,0,0.707106769,0.707106829,0,0,0,1],"scale":1,"type":"boom_trafficlight_small"}
{"pos":[-587.601624,222.256393,117.49939],"rotationMatrix":[-0.707106471,0.707107186,0,-0.707107186,-0.707106471,0,0,0,1],"scale":1,"type":"boom_trafficlight_small"}
{"pos":[-614.177673,219.027878,117.476013],"rotationMatrix":[0.707106411,-0.707107127,0,0.707107127,0.707106411,0,0,0,1],"scale":1,"type":"boom_trafficlight_small"}
{"pos":[-481.959412,328.036682,102.08847],"rotationMatrix":[-0.707106471,0.707107186,0,-0.707107186,-0.707106471,0,0,0,1],"scale":1,"type":"boom_trafficlight_small"}
{"pos":[-508.493835,324.785828,102.112694],"rotationMatrix":[0.707106411,-0.707107127,0,0.707107127,0.707106411,0,0,0,1],"scale":1,"type":"boom_trafficlight_small"}
{"pos":[-108.002098,-953.497131,136.976959],"rotationMatrix":[0.935308516,-0.353833258,0,0.353833258,0.935308516,0,0,0,1],"scale":1,"type":"boom_trafficlight_small"}
{"pos":[-42.4805756,405.884277,106.137314],"rotationMatrix":[0.64795965,-0.761674643,0,0.761674643,0.64795965,0,0,0,1],"scale":1,"type":"boom_trafficlight_small"}
{"pos":[-435.34375,136.193741,104.938873],"rotationMatrix":[0.286230862,0.958160698,0,-0.958160698,0.286230862,0,0,0,1],"scale":1,"type":"boom_trafficlight_small"}
{"pos":[-458.690552,159.152145,105.438446],"rotationMatrix":[-0.34812367,-0.93744868,0,0.93744868,-0.34812367,0,0,0,1],"scale":1,"type":"boom_trafficlight_small"}
{"pos":[-306.063721,330.447845,106.312943],"rotationMatrix":[0.541201115,-0.840893209,0,0.840893209,0.541201115,0,0,0,1],"scale":1,"type":"boom_trafficlight_small"}
{"pos":[172.098572,638.149902,105.330437],"rotationMatrix":[0.98694396,-0.161063954,0,0.161063954,0.98694396,0,0,0,1],"scale":1,"type":"boom_trafficlight_small"}
{"pos":[486.320648,-432.93222,156.100861],"rotationMatrix":[-0.0652171373,0.997871161,0,-0.997871161,-0.0652171373,0,0,0,1],"scale":1,"type":"boom_trafficlight_small"}
{"pos":[472.235596,-434.879272,156.103516],"rotationMatrix":[0.999124765,0.0418296903,0,-0.0418296903,0.999124765,0,0,0,1],"scale":1,"type":"boom_trafficlight_small"}
{"pos":[482.534302,-369.041504,156.201584],"rotationMatrix":[-0.99674356,-0.0806373134,0,0.0806373134,-0.99674356,0,0,0,1],"scale":1,"type":"boom_trafficlight_small"}
{"pos":[469.999176,-370.437744,156.218353],"rotationMatrix":[0.123677075,-0.992322564,0,0.992322564,0.123677075,0,0,0,1],"scale":1,"type":"boom_trafficlight_small"}
{"pos":[470.192474,-380.25061,155.609222],"rotationMatrix":[0.998521924,0.0543506742,0,-0.0543506742,0.998521924,0,0,0,1],"scale":1,"type":"boom_trafficlight_small"}
{"pos":[954.222229,877.772766,137.513992],"rotationMatrix":[-0.898223758,-0.439538687,0,0.439538687,-0.898223758,0,0,0,1],"scale":1,"type":"boom_trafficlight_small"}
{"pos":[941.915894,860.486755,137.513992],"rotationMatrix":[0.904431462,0.426618993,0,-0.426618993,0.904431462,0,0,0,1],"scale":1,"type":"boom_trafficlight_small"}
{"pos":[878.721802,963.703674,130.33223],"rotationMatrix":[0.736486137,0.676452637,0,-0.676452637,0.736486137,0,0,0,1],"scale":1,"type":"boom_trafficlight_small"}
{"pos":[880.349243,984.526123,130.997894],"rotationMatrix":[-0.70161891,-0.712552428,0,0.712552428,-0.70161891,0,0,0,1],"scale":1,"type":"boom_trafficlight_small"}
{"pos":[989.516907,-808.962585,171.987381],"rotationMatrix":[0.987255335,0.159144267,0,-0.159144267,0.987255335,0,0,0,1],"scale":1,"type":"boom_trafficlight_small"}
{"pos":[1006.98621,-793.834167,172.004257],"rotationMatrix":[-0.985854268,-0.167604476,0,0.167604476,-0.985854268,0,0,0,1],"scale":1,"type":"boom_trafficlight_small"}
{"pos":[990.302917,-736.560669,171.510422],"rotationMatrix":[-0.94277215,-0.333437324,0,0.333437324,-0.94277215,0,0,0,1],"scale":1,"type":"boom_trafficlight_small"}
{"pos":[977.296143,-755.285339,172.395828],"rotationMatrix":[0.954239547,0.299043238,0,-0.299043238,0.954239547,0,0,0,1],"scale":1,"type":"boom_trafficlight_small"}
{"pos":[-350.498901,-818.325256,141.951645],