{"pos":[-451.13501,512.892029,99.1660004],"rotationMatrix":[-0.707182407,0.707031131,0,-0.707031131,-0.707182407,0,0,0,1],"scale":1,"type":"crosswalklight"}
{"pos":[-479.615997,506.166992,99.2854996],"rotationMatrix":[0.707081437,-0.707132101,0,0.707132101,0.707081437,0,0,0,1],"scale":1,"type":"crosswalklight"}
{"pos":[-479.734985,505.868011,99.2854996],"rotationMatrix":[-0.707182407,-0.707031131,0,0.707031131,-0.707182407,0,0,0,1],"scale":1,"type":"crosswalklight"}
{"pos":[-469.640991,526.044983,99.0898972],"rotationMatrix":[-0.707182407,-0.707031131,0,0.707031131,-0.707182407,0,0,0,1],"scale":1,"type":"crosswalklight"}
{"pos":[-451.071991,513.057007,99.1660004],"rotationMatrix":[0.707081437,0.707132101,0,-0.707132101,0.707081437,0,0,0,1],"scale":1,"type":"crosswalklight"}
{"pos":[-374.066986,435.908997,98.7916031],"rotationMatrix":[0.707081437,0.707132101,0,-0.707132101,0.707081437,0,0,0,1],"scale":1,"type":"crosswalklight"}
{"pos":[-374.128998,435.743988,98.7916031],"rotationMatrix":[-0.707182407,0.707031131,0,-0.707031131,-0.707182407,0,0,0,1],"scale":1,"type":"crosswalklight"}
{"pos":[-464.833008,497.325989,99.1959991],"rotationMatrix":[0.707081437,-0.707132101,0,0.707132101,0.707081437,0,0,0,1],"scale":1,"type":"crosswalklight"}
{"pos":[-465.083008,497.161987,99.1959991],"rotationMatrix":[0.707081437,0.707132101,0,-0.707132101,0.707081437,0,0,0,1],"scale":1,"type":"crosswalklight"}
{"pos":[-391.365997,447.803009,98.7389984],"rotationMatrix":[-0.707182407,-0.707031131,0,0.707031131,-0.707182407,0,0,0,1],"scale":1,"type":"crosswalklight"}
{"pos":[-385.807007,418.052002,98.780098],"rotationMatrix":[0.707081437,0.707132101,0,-0.707132101,0.707081437,0,0,0,1],"scale":1,"type":"crosswalklight"}
{"pos":[-403.319,429.670013,98.7857971],"rotationMatrix":[-0.707182407,-0.707031131,0,0.707031131,-0.707182407,0,0,0,1],"scale":1,"type":"crosswalklight"}
{"pos":[-403.200012,429.968994,98.7857971],"rotationMatrix":[0.707081437,-0.707132101,0,0.707132101,0.707081437,0,0,0,1],"scale":1,"type":"crosswalklight"}
{"pos":[-385.556,418.216003,98.780098],"rotationMatrix":[0.707081437,-0.707132101,0,0.707132101,0.707081437,0,0,0,1],"scale":1,"type":"crosswalklight"}
{"pos":[-490.990997,312.984009,99.6673965],"rotationMatrix":[0.707081437,0.707132101,0,-0.707132101,0.707081437,0,0,0,1],"scale":1,"type":"crosswalklight"}
{"pos":[-499.32901,339.684998,99.6673965],"rotationMatrix":[-0.707182407,-0.707031131,0,0.707031131,-0.707182407,0,0,0,1],"scale":1,"type":"crosswalklight"}
{"pos":[-481.946991,328.238007,99.6961975],"rotationMatrix":[0.707081437,0.707132101,0,-0.707132101,0.707081437,0,0,0,1],"scale":1,"type":"crosswalklight"}
{"pos":[-482.065002,327.938995,99.6961975],"rotationMatrix":[-0.707182407,0.707031131,0,-0.707031131,-0.707182407,0,0,0,1],"scale":1,"type":"crosswalklight"}
{"pos":[-435.161011,136.278,102.546997],"rotationMatrix":[0.95818162,-0.286160767,0,0.286160767,0.95818162,0,0,0,1],"scale":1,"type":"crosswalklight"}
{"pos":[-435.480011,136.240005,102.546997],"rotationMatrix":[0.286226511,0.95816201,0,-0.95816201,0.286226511,0,0,0,1],"scale":1,"type":"crosswalklight"}
{"pos":[-458.558014,159.097,103.045998],"rotationMatrix":[-0.348081946,-0.937464118,0,0.937464118,-0.348081946,0,0,0,1],"scale":1,"type":"crosswalklight"}
{"pos":[-458.878998,159.080002,103.045998],"rotationMatrix":[-0.937299252,0.348525614,0,-0.348525614,-0.937299252,0,0,0,1],"scale":1,"type":"crosswalklight"}
{"pos":[-529.307983,591.174988,92.6632004],"rotationMatrix":[0.707081437,0.707132101,0,-0.707132101,0.707081437,0,0,0,1],"scale":1,"type":"crosswalklight"}
{"pos":[-546.544006,602.966003,92.6632004],"rotationMatrix":[-0.707182407,-0.707031131,0,0.707031131,-0.707182407,0,0,0,1],"scale":1,"type":"crosswalklight"}
{"pos":[-541.187012,573.421021,92.7758026],"rotationMatrix":[0.707081437,0.707132101,0,-0.707132101,0.707081437,0,0,0,1],"scale":1,"type":"crosswalklight"}
{"pos":[-558.643005,584.843018,92.8087006],"rotationMatrix":[-0.707182407,-0.707031131,0,0.707031131,-0.707182407,0,0,0,1],"scale":1,"type":"crosswalklight"}
{"pos":[-558.525024,585.142029,92.8087006],"rotationMatrix":[0.707081437,-0.707132101,0,0.707132101,0.707081437,0,0,0,1],"scale":1,"type":"crosswalklight"}
{"pos":[-540.935974,573.585022,92.7758026],"rotationMatrix":[0.707081437,-0.707132101,0,0.707132101,0.707081437,0,0,0,1],"scale":1,"type":"crosswalklight"}
{"pos":[-529.370972,591.01001,92.6632004],"rotationMatrix":[-0.707182407,0.707031131,0,-0.707031131,-0.707182407,0,0,0,1],"scale":1,"type":"crosswalklight"}
{"pos":[-758.554993,666.40802,108.994003],"rotationMatrix":[1.93119049e-05,1,0,-1,1.93119049e-05,0,0,0,1],"scale":1,"type":"crosswalklight"}
{"pos":[-775.103027,670.911011,108.994003],"rotationMatrix":[1.93119049e-05,-1,0,1,1.93119049e-05,0,0,0,1],"scale":1,"type":"crosswalklight"}
{"pos":[-762.56897,652.343994,109.137001],"rotationMatrix":[1.93119049e-05,1,0,-1,1.93119049e-05,0,0,0,1],"scale":1,"type":"crosswalklight"}
{"pos":[-778.799988,656.362976,109.139999],"rotationMatrix":[1.93119049e-05,-1,0,1,1.93119049e-05,0,0,0,1],"scale":1,"type":"crosswalklight"}
{"pos":[-778.927979,656.65802,109.139999],"rotationMatrix":[1,0,0,0,1,0,0,0,1],"scale":1,"type":"crosswalklight"}
{"pos":[-762.507019,652.637024,109.137001],"rotationMatrix":[1,0,0,0,1,0,0,0,1],"scale":1,"type":"crosswalklight"}
{"pos":[-758.481995,666.247009,108.994003],"rotationMatrix":[-1,0,0,0,-1,0,0,0,1],"scale":1,"type":"crosswalklight"}
{"pos":[-775.164978,670.61499,108.994003],"rotationMatrix":[-1,0,0,0,-1,0,0,0,1],"scale":1,"type":"crosswalklight"}
{"pos":[-775.356018,565.20697,126.320999],"rotationMatrix":[-1,0,0,0,-1,0,0,0,1],"scale":1,"type":"crosswalklight"}
{"pos":[-758.86499,561.507996,126.320999],"rotationMatrix":[-1,0,0,0,-1,0,0,0,1],"scale":1,"type":"crosswalklight"}
{"pos":[-762.482971,545.315002,126.462997],"rotationMatrix":[1,0,0,0,1,0,0,0,1],"scale":1,"type":"crosswalklight"}
{"pos":[-778.163025,548.619019,126.467003],"rotationMatrix":[1,0,0,0,1,0,0,0,1],"scale":1,"type":"crosswalklight"}
{"pos":[-778.034973,548.323975,126.467003],"rotationMatrix":[1.93119049e-05,-1,0,1,1.93119049e-05,0,0,0,1],"scale":1,"type":"crosswalklight"}
{"pos":[-762.544983,545.021973,126.462997],"rotationMatrix":[1.93119049e-05,1,0,-1,1.93119049e-05,0,0,0,1],"scale":1,"type":"crosswalklight"}
{"pos":[-775.294983,565.502991,126.320999],"rotationMatrix":[1.93119049e-05,-1,0,1,1.93119049e-05,0,0,0,1],"scale":1,"type":"crosswalklight"}
{"pos":[-758.937012,561.669006,126.320999],"rotationMatrix":[1.93119049e-05,1,0,-1,1.93119049e-05,0,0,0,1],"scale":1,"type":"crosswalklight"}
{"pos":[-561.268005,401.053009,111.550003],"rotationMatrix":[-0.707182407,0.707031131,0,-0.707031131,-0.707182407,0,0,0,1],"scale":1,"type":"crosswalklight"}
{"pos":[-575.872986,392.265991,111.692001],"rotationMatrix":[0.707081437,-0.707132101,0,0.707132101,0.707081437,0,0,0,1],"scale":1,"type":"crosswalklight"}
{"pos":[-584.689026,407.014008,111.695],"rotationMatrix":[0.707081437,-0.707132101,0,0.707132101,0.707081437,0,0,0,1],"scale":1,"type":"crosswalklight"}
{"pos":[-584.807983,406.714996,111.695],"rotationMatrix":[-0.707182407,-0.707031131,0,0.707031131,-0.707182407,0,0,0,1],"scale":1,"type":"crosswalklight"}
{"pos":[-576.122986,392.10199,111.692001],"rotationMatrix":[0.707081437,0.707132101,0,-0.707132101,0.707081437,0,0,0,1],"scale":1,"type":"crosswalklight"}
{"pos":[-569.755005,416.014008,111.550003],"rotationMatrix":[-0.707182407,-0.707031131,0,0.707031131,-0.707182407,0,0,0,1],"scale":1,"type":"crosswalklight"}
{"pos":[-561.205017,401.217987,111.550003],"rotationMatrix":[0.707081437,0.707132101,0,-0.707132101,0.707081437,0,0,0,1],"scale":1,"type":"crosswalklight"}
{"pos":[-508.388,324.884003,99.7203979],"rotationMatrix":[0.707081437,-0.707132101,0,0.707132101,0.707081437,0,0,0,1],"scale":1,"type":"crosswalklight"}
{"pos":[-508.506989,324.584991,99.7203979],"rotationMatrix":[-0.707182407,-0.707031131,0,0.707031131,-0.707182407,0,0,0,1],"scale":1,