{"pos":[-1053.73291,2067.56396,69.3685989],"rotationMatrix":[0.189784274,-0.98182565,0,0.98182565,0.189784274,0,0,0,0.999999881],"scale":1.27358198,"type":"desert_rocks_large_04"}
{"pos":[-1064.32434,2059.46655,70.1391373],"rotationMatrix":[0.497781038,-0.867302597,0,0.867302597,0.497781038,0,0,0,0.999999881],"scale":1.12242484,"type":"desert_rocks_large_04"}
{"pos":[-1110.07544,2052.53369,70.149437],"rotationMatrix":[0.719787538,-0.694194317,0,0.694194317,0.719787538,0,0,0,0.999999881],"scale":0.763052881,"type":"desert_rocks_large_04"}
{"pos":[-1189.66211,2052.86133,67.1371002],"rotationMatrix":[0.687963367,-0.725745261,0,0.725745261,0.687963367,0,0,0,0.999999881],"scale":1.19631016,"type":"desert_rocks_large_04"}
{"pos":[-1257.58228,2037.30518,69.1300201],"rotationMatrix":[0.862958133,-0.50527513,0,0.50527513,0.862958133,0,0,0,0.999999881],"scale":1.30635631,"type":"desert_rocks_large_04"}
{"pos":[-477.690521,2035.6864,71.9154434],"rotationMatrix":[0.213082656,0.977034152,0,-0.977034152,0.213082656,0,0,0,0.999999881],"scale":0.803078055,"type":"desert_rocks_large_04"}
{"pos":[621.682922,1899.802,70.0193253],"rotationMatrix":[0.939802527,0.341717869,0,-0.341717869,0.939802527,0,0,0,0.999999881],"scale":1.1325134,"type":"desert_rocks_large_04"}
{"pos":[616.310242,1916.24792,69.7683029],"rotationMatrix":[-0.79981041,-0.600252748,0,0.600252748,-0.79981041,0,0,0,0.999999881],"scale":0.757242084,"type":"desert_rocks_large_04"}
{"pos":[597.821716,1932.56885,69.7153778],"rotationMatrix":[-0.379118353,0.925348043,0,-0.925348043,-0.379118353,0,0,0,0.999999881],"scale":1.36115241,"type":"desert_rocks_large_04"}
{"pos":[585.411377,1946.86182,69.5560913],"rotationMatrix":[0.799288511,0.60094744,0,-0.60094744,0.799288511,0,0,0,0.999999881],"scale":1.10270619,"type":"desert_rocks_large_04"}
{"pos":[537.446533,1956.1062,68.9609299],"rotationMatrix":[-0.972104847,-0.234546632,0,0.234546632,-0.972104847,0,0,0,0.999999881],"scale":1.27746212,"type":"desert_rocks_large_04"}
{"pos":[476.117584,1933.19202,69.1982117],"rotationMatrix":[0.983080208,0.183175221,0,-0.183175221,0.983080208,0,0,0,0.999999881],"scale":1.06602955,"type":"desert_rocks_large_04"}
{"pos":[629.390503,1917.88708,69.1513519],"rotationMatrix":[-0.912399054,-0.409301788,0,0.409301788,-0.912399054,0,0,0,0.999999881],"scale":1.2655741,"type":"desert_rocks_large_04"}
{"pos":[146.519241,894.221313,72.0496979],"rotationMatrix":[0.630628943,-0.776084363,0,0.776084363,0.630628943,0,0,0,0.999999881],"scale":0.6696105,"type":"desert_rocks_large_04"}
{"pos":[447.305115,981.418152,70.6043701],"rotationMatrix":[-0.75234884,0.65876478,0,-0.65876478,-0.75234884,0,0,0,0.999999881],"scale":1.26583397,"type":"desert_rocks_large_04"}
{"pos":[430.339417,977.040527,70.8330154],"rotationMatrix":[0.884882152,-0.465814799,0,0.465814799,0.884882152,0,0,0,0.999999881],"scale":0.973051548,"type":"desert_rocks_large_04"}
{"pos":[460.198395,989.0177,69.91745],"rotationMatrix":[0.0189089775,0.999821126,0,-0.999821126,0.0189089775,0,0,0,0.999999881],"scale":0.83306694,"type":"desert_rocks_large_04"}
{"pos":[100.55899,940.654053,71.10392],"rotationMatrix":[-0.00522736646,0.999986231,0,-0.999986231,-0.00522736646,0,0,0,0.999999881],"scale":1.08261085,"type":"desert_rocks_large_04"}
{"pos":[226.722885,839.418579,101.175476],"rotationMatrix":[0.0893977508,-0.995995939,0,0.995995939,0.0893977508,0,0,0,0.999999881],"scale":0.654818356,"type":"desert_rocks_large_04"}
{"pos":[268.479553,873.773499,102.090706],"rotationMatrix":[-0.502275825,0.864707291,0,-0.864707291,-0.502275825,0,0,0,0.999999881],"scale":0.917249441,"type":"desert_rocks_large_04"}
{"pos":[282.637878,-675.401245,150.43071],"rotationMatrix":[0.99607116,0.0885558277,0,-0.0885558277,0.99607116,0,0,0,0.999999881],"scale":0.85483402,"type":"desert_rocks_large_04"}
{"pos":[274.309448,-685.037476,151.558792],"rotationMatrix":[-0.475411505,-0.879763424,0,0.879763424,-0.475411505,0,0,0,0.999999881],"scale":1.10272944,"type":"desert_rocks_large_04"}
{"pos":[259.303345,-677.592285,153.520676],"rotationMatrix":[-0.309304863,0.950962842,0,-0.950962842,-0.309304863,0,0,0,0.999999881],"scale":1.27927041,"type":"desert_rocks_large_04"}
{"pos":[259.116302,-656.212646,152.19722],"rotationMatrix":[0.750486195,0.660886168,0,-0.660886168,0.750486195,0,0,0,0.999999881],"scale":1.3367945,"type":"desert_rocks_large_04"}
{"pos":[278.937012,-660.989197,149.966797],"rotationMatrix":[0.926068068,-0.377356321,0,0.377356321,0.926068068,0,0,0,0.999999881],"scale":1.20376432,"type":"desert_rocks_large_04"}
{"pos":[266.880096,-665.768372,151.737213],"rotationMatrix":[-0.99751097,-0.0705094337,0,0.0705094337,-0.99751097,0,0,0,0.999999881],"scale":0.741093934,"type":"desert_rocks_large_04"}
{"pos":[271.501862,-672.395081,151.23259],"rotationMatrix":[-0.338008702,0.941142857,0,-0.941142857,-0.338008702,0,0,0,0.999999881],"scale":0.967481136,"type":"desert_rocks_large_04"}
{"pos":[293.365265,-674.058472,150.783051],"rotationMatrix":[-0.469851196,-0.882745564,0,0.882745564,-0.469851196,0,0,0,0.999999881],"scale":1.21592391,"type":"desert_rocks_large_04"}
{"pos":[380.000397,-490.71109,145.289352],"rotationMatrix":[0.364077538,0.931368649,0,-0.931368649,0.364077538,0,0,0,0.999999881],"scale":0.962211072,"type":"desert_rocks_large_04"}
{"pos":[391.613617,-500.808868,146.911148],"rotationMatrix":[0.125424728,-0.99210304,0,0.99210304,0.125424728,0,0,0,0.999999881],"scale":1.18524599,"type":"desert_rocks_large_04"}
{"pos":[337.039825,-557.163757,147.431122],"rotationMatrix":[-0.937357068,0.348369837,0,-0.348369837,-0.937357068,0,0,0,0.999999881],"scale":1.33994472,"type":"desert_rocks_large_04"}
{"pos":[348.414124,-672.371765,155.665833],"rotationMatrix":[-0.99999404,-0.00343098724,0,0.00343098724,-0.99999404,0,0,0,0.999999881],"scale":0.799560666,"type":"desert_rocks_large_04"}
{"pos":[357.669342,-673.10968,156.431641],"rotationMatrix":[-0.58306855,-0.812422931,0,0.812422931,-0.58306855,0,0,0,0.999999881],"scale":1.18093967,"type":"desert_rocks_large_04"}
{"pos":[319.120544,-687.412659,152.850067],"rotationMatrix":[-0.999955416,-0.00943423342,0,0.00943423342,-0.999955416,0,0,0,0.999999881],"scale":1.1031028,"type":"desert_rocks_large_04"}
{"pos":[337.289825,-689.573669,154.410446],"rotationMatrix":[-0.984830439,0.173519075,0,-0.173519075,-0.984830439,0,0,0,0.999999881],"scale":1.14060271,"type":"desert_rocks_large_04"}
{"pos":[411.05899,-671.632263,162.789368],"rotationMatrix":[-0.976291656,-0.216458783,0,0.216458783,-0.976291656,0,0,0,0.999999881],"scale":1.09275663,"type":"desert_rocks_large_04"}
{"pos":[317.790039,-575.024719,142.904709],"rotationMatrix":[0.556096554,-0.83111757,0,0.83111757,0.556096554,0,0,0,0.999999881],"scale":0.842365623,"type":"desert_rocks_large_04"}
{"pos":[326.570374,-563.677917,143.145065],"rotationMatrix":[-0.013385674,0.999910295,0,-0.999910295,-0.013385674,0,0,0,0.999999881],"scale":0.930088043,"type":"desert_rocks_large_04"}
{"pos":[313.252869,-571.713867,141.708862],"rotationMatrix":[0.999915659,0.0129803978,0,-0.0129803978,0.999915659,0,0,0,0.999999881],"scale":1.28499997,"type":"desert_rocks_large_04"}
{"pos":[307.810028,-590.787292,142.774078],"rotationMatrix":[-0.515763819,0.85673064,0,-0.85673064,-0.515763819,0,0,0,0.999999881],"scale":0.766964674,"type":"desert_rocks_large_04"}
{"pos":[311.614655,-599.295166,144.720901],"rotationMatrix":[-0.38623175,0.922401607,0,-0.922401607,-0.38623175,0,0,0,0.999999881],"scale":0.920823276,"type":"desert_rocks_large_04"}
{"pos":[361.97995,-644.399109,156.729813],"rotationMatrix":[-0.990861952,0.134879306,0,-0.134879306,-0.990861952,0,0,0,0.999999881],"scale":0.689450979,"type":"desert_rocks_large_04"}
{"pos":[371.65451,-625.345947,156.727005],"rotationMatrix":[0.210998461,-0.977486312,0,0.977486312,0.210998461,0,0,0,0.999999881],"scale":1.2474612,"type":"desert_rocks_large_04"}
{"pos":[407.388977,-561.1828,161.807907],"rotationMatrix":[0.302758217,-0.953067362,0,0.953067362,0.302758217,0,0,0,0.999999881],"scale":0.720076799,