{"pos":[-991.344116,2072.19141,69.0479126],"rotationMatrix":[0.969390273,-0.245524585,0,0.245524585,0.969390273,0,0,0,0.999999881],"scale":0.761566043,"type":"desert_rocks_large_05"}
{"pos":[-1030.13928,2075.34155,67.4342194],"rotationMatrix":[0.892633319,-0.450783342,0,0.450783342,0.892633319,0,0,0,0.999999881],"scale":1.28601062,"type":"desert_rocks_large_05"}
{"pos":[-1084.54321,2055.37061,68.7694092],"rotationMatrix":[-0.497507155,-0.867459714,0,0.867459714,-0.497507155,0,0,0,0.999999881],"scale":1.08465481,"type":"desert_rocks_large_05"}
{"pos":[-1125.69702,2056.84204,69.0040054],"rotationMatrix":[0.697452724,-0.716630697,0,0.716630697,0.697452724,0,0,0,0.999999881],"scale":0.636977017,"type":"desert_rocks_large_05"}
{"pos":[-1287.92261,1984.78015,70.1703873],"rotationMatrix":[0.790272772,0.612755239,0,-0.612755239,0.790272772,0,0,0,0.999999881],"scale":1.20444536,"type":"desert_rocks_large_05"}
{"pos":[-480.427368,2037.70911,71.8874054],"rotationMatrix":[0.644908488,0.764259815,0,-0.764259815,0.644908488,0,0,0,0.999999881],"scale":0.669317305,"type":"desert_rocks_large_05"}
{"pos":[530.962524,1951.63696,69.2710419],"rotationMatrix":[0.611968756,0.790881932,0,-0.790881932,0.611968756,0,0,0,0.999999881],"scale":0.840670884,"type":"desert_rocks_large_05"}
{"pos":[636.285156,1911.43506,68.8656693],"rotationMatrix":[-0.0131196221,0.999913871,0,-0.999913871,-0.0131196221,0,0,0,0.999999881],"scale":1.13626122,"type":"desert_rocks_large_05"}
{"pos":[299.674469,957.906311,72.0148849],"rotationMatrix":[0.591066658,-0.806622684,0,0.806622684,0.591066658,0,0,0,0.999999881],"scale":0.710999191,"type":"desert_rocks_large_05"}
{"pos":[444.771393,977.150635,71.4576797],"rotationMatrix":[0.2273857,0.973804772,0,-0.973804772,0.2273857,0,0,0,0.999999881],"scale":0.981232643,"type":"desert_rocks_large_05"}
{"pos":[221.167557,837.892212,101.106544],"rotationMatrix":[-0.247154772,-0.968976021,0,0.968976021,-0.247154772,0,0,0,0.999999881],"scale":0.945084214,"type":"desert_rocks_large_05"}
{"pos":[-988.027283,-345.738708,102.872543],"rotationMatrix":[-0.970106959,-0.24267754,0,0.24267754,-0.970106959,0,0,0,0.999999881],"scale":0.753191829,"type":"desert_rocks_large_05"}
{"pos":[543.470337,1916.729,74.827179],"rotationMatrix":[-0.943698049,0.330808043,0,-0.330808043,-0.943698049,0,0,0,0.999999881],"scale":1.36629379,"type":"desert_rocks_large_05"}
{"pos":[559.081482,1878.22729,74.8603363],"rotationMatrix":[0.99919045,-0.0402275063,0,0.0402275063,0.99919045,0,0,0,0.999999881],"scale":1.12691355,"type":"desert_rocks_large_05"}
{"pos":[523.734802,1916.49512,75.010437],"rotationMatrix":[-0.516900659,0.856045187,0,-0.856045187,-0.516900659,0,0,0,0.999999881],"scale":0.851145387,"type":"desert_rocks_large_05"}
{"pos":[285.332458,-673.884399,150.248108],"rotationMatrix":[0.921532333,0.388301522,0,-0.388301522,0.921532333,0,0,0,0.999999881],"scale":0.620986164,"type":"desert_rocks_large_05"}
{"pos":[278.337128,-684.7547,151.445724],"rotationMatrix":[0.0706252754,0.997502863,0,-0.997502863,0.0706252754,0,0,0,0.999999881],"scale":0.924522758,"type":"desert_rocks_large_05"}
{"pos":[289.399963,-684.578247,150.973465],"rotationMatrix":[0.775253296,-0.631650329,0,0.631650329,0.775253296,0,0,0,0.999999881],"scale":1.20065296,"type":"desert_rocks_large_05"}
{"pos":[253.407928,-672.005127,154.746857],"rotationMatrix":[0.154241964,0.988033116,0,-0.988033116,0.154241964,0,0,0,0.999999881],"scale":0.737073839,"type":"desert_rocks_large_05"}
{"pos":[251.501694,-664.411499,154.187439],"rotationMatrix":[0.136474982,-0.990643442,0,0.990643442,0.136474982,0,0,0,0.999999881],"scale":0.992247939,"type":"desert_rocks_large_05"}
{"pos":[254.814163,-658.724365,152.862701],"rotationMatrix":[-0.969860852,0.243659422,0,-0.243659422,-0.969860852,0,0,0,0.999999881],"scale":0.805268049,"type":"desert_rocks_large_05"}
{"pos":[253.647064,-668.018005,154.024155],"rotationMatrix":[0.999993384,0.00362997828,0,-0.00362997828,0.999993384,0,0,0,0.999999881],"scale":1.23675632,"type":"desert_rocks_large_05"}
{"pos":[276.797791,-672.710449,150.608841],"rotationMatrix":[0.896522641,0.442997873,0,-0.442997873,0.896522641,0,0,0,0.999999881],"scale":1.30617452,"type":"desert_rocks_large_05"}
{"pos":[281.032928,-672.06311,150.097931],"rotationMatrix":[0.687083125,0.726578772,0,-0.726578772,0.687083125,0,0,0,0.999999881],"scale":1.15864432,"type":"desert_rocks_large_05"}
{"pos":[284.898163,-670.310913,150.097778],"rotationMatrix":[0.933001459,-0.359872252,0,0.359872252,0.933001459,0,0,0,0.999999881],"scale":0.800463796,"type":"desert_rocks_large_05"}
{"pos":[331.136658,-660.332764,153.788712],"rotationMatrix":[0.821761668,-0.569831073,0,0.569831073,0.821761668,0,0,0,0.999999881],"scale":0.961240411,"type":"desert_rocks_large_05"}
{"pos":[323.53653,-668.336548,153.513672],"rotationMatrix":[0.0936280861,0.995607197,0,-0.995607197,0.0936280861,0,0,0,0.999999881],"scale":0.975471556,"type":"desert_rocks_large_05"}
{"pos":[358.887024,-689.042053,156.447968],"rotationMatrix":[-0.240855604,0.970560849,0,-0.970560849,-0.240855604,0,0,0,0.999999881],"scale":1.367805,"type":"desert_rocks_large_05"}
{"pos":[403.37326,-679.328552,161.520645],"rotationMatrix":[-0.990803897,-0.135305047,0,0.135305047,-0.990803897,0,0,0,0.999999881],"scale":0.96711874,"type":"desert_rocks_large_05"}
{"pos":[307.738342,-661.301514,152.081512],"rotationMatrix":[0.946871698,-0.321611285,0,0.321611285,0.946871698,0,0,0,0.999999881],"scale":1.36132264,"type":"desert_rocks_large_05"}
{"pos":[317.671875,-669.761414,152.844482],"rotationMatrix":[0.999943674,-0.0106051853,0,0.0106051853,0.999943674,0,0,0,0.999999881],"scale":0.692704678,"type":"desert_rocks_large_05"}
{"pos":[328.84317,-554.696045,142.654953],"rotationMatrix":[-0.41381225,-0.910362184,0,0.910362184,-0.41381225,0,0,0,0.999999881],"scale":1.33415806,"type":"desert_rocks_large_05"}
{"pos":[320.840759,-557.554626,141.633041],"rotationMatrix":[0.886623442,0.462491959,0,-0.462491959,0.886623442,0,0,0,0.999999881],"scale":1.03653109,"type":"desert_rocks_large_05"}
{"pos":[308.460327,-595.069763,143.646164],"rotationMatrix":[0.9993366,0.0364164039,0,-0.0364164039,0.9993366,0,0,0,0.999999881],"scale":0.650544941,"type":"desert_rocks_large_05"}
{"pos":[343.841248,-628.237671,153.051529],"rotationMatrix":[0.206889555,-0.978364229,0,0.978364229,0.206889555,0,0,0,0.999999881],"scale":1.28094018,"type":"desert_rocks_large_05"}
{"pos":[387.427338,-551.614014,156.523468],"rotationMatrix":[-0.952009261,0.306069314,0,-0.306069314,-0.952009261,0,0,0,0.999999881],"scale":0.98173213,"type":"desert_rocks_large_05"}
{"pos":[410.991364,-489.28656,150.131882],"rotationMatrix":[0.967182457,0.25408268,0,-0.25408268,0.967182457,0,0,0,0.999999881],"scale":1.3506726,"type":"desert_rocks_large_05"}
{"pos":[418.655548,-501.498077,151.241318],"rotationMatrix":[-0.944507539,-0.328489661,0,0.328489661,-0.944507539,0,0,0,0.999999881],"scale":1.29980671,"type":"desert_rocks_large_05"}
{"pos":[399.792877,-502.155029,148.25119],"rotationMatrix":[0.96257621,0.271010756,0,-0.271010756,0.96257621,0,0,0,0.999999881],"scale":1.3441968,"type":"desert_rocks_large_05"}
{"pos":[388.650055,-486.276398,146.201538],"rotationMatrix":[-0.835553348,-0.549409211,0,0.549409211,-0.835553348,0,0,0,0.999999881],"scale":0.899682164,"type":"desert_rocks_large_05"}
{"pos":[397.56955,-691.119751,160.500702],"rotationMatrix":[0.5768525,0.816848338,0,-0.816848338,0.5768525,0,0,0,0.999999881],"scale":1.03130698,"type":"desert_rocks_large_05"}
{"pos":[321.059448,-586.599792,147.720963],"rotationMatrix":[-0.55602175,0.831167519,0,-0.831167519,-0.55602175,0,0,0,0.999999881],"scale":0.815529704,"type":"desert_rocks_large_05"}
{"pos":[322.886047,-579.584717,147.680054],"rotationMatrix":[0.884742498,0.46608004,0,-0.46608004,0.884742498,0,0,0,0.999999881],"scale":1.24301755,"type":"desert_rocks_large_05"}
{"pos":[275.520203,-666.476624,150.41478],"rotationMatrix":[-0.882441938,0.470421046,-0,-0.470421046,-0.882441938,0,-0,0,0.999999881],"scale":1.1676209,