{"pos":[-1219.08459,2081.54199,69.5382233],"rotationMatrix":[0.387709856,0.92178148,0,-0.92178148,0.387709856,0,0,0,0.999999881],"scale":1.19688523,"type":"desert_rocks_large_06"}
{"pos":[-1320.44385,1942.52295,70.356308],"rotationMatrix":[0.417463601,-0.908693612,0,0.908693612,0.417463601,0,0,0,0.999999881],"scale":1.23866594,"type":"desert_rocks_large_06"}
{"pos":[-1314.53967,1951.18262,70.4151154],"rotationMatrix":[0.582248449,0.813010871,0,-0.813010871,0.582248449,0,0,0,0.999999881],"scale":0.899749517,"type":"desert_rocks_large_06"}
{"pos":[-1306.71277,1968.17822,69.3523407],"rotationMatrix":[0.582345724,0.812941253,0,-0.812941253,0.582345724,0,0,0,0.999999881],"scale":0.987686396,"type":"desert_rocks_large_06"}
{"pos":[-1286.94604,1988.89673,69.6589508],"rotationMatrix":[-0.417144805,0.908839881,0,-0.908839881,-0.417144805,0,0,0,0.999999881],"scale":0.750567377,"type":"desert_rocks_large_06"}
{"pos":[-1269.65173,2014.27686,69.7401962],"rotationMatrix":[-0.913046658,-0.407854885,0,0.407854885,-0.913046658,0,0,0,0.999999881],"scale":1.00116491,"type":"desert_rocks_large_06"}
{"pos":[-1260.25171,2029.42615,69.3367538],"rotationMatrix":[-0.994832575,-0.101529017,0,0.101529017,-0.994832575,0,0,0,0.999999881],"scale":0.997514069,"type":"desert_rocks_large_06"}
{"pos":[-1183.08936,2045.94556,71.0382462],"rotationMatrix":[0.0614848025,0.99810797,0,-0.99810797,0.0614848025,0,0,0,0.999999881],"scale":0.707815051,"type":"desert_rocks_large_06"}
{"pos":[614.87207,1876.96558,70.2567444],"rotationMatrix":[0.0102038356,0.999947846,0,-0.999947846,0.0102038356,0,0,0,0.999999881],"scale":1.28934062,"type":"desert_rocks_large_06"}
{"pos":[606.726074,1933.16431,69.5201416],"rotationMatrix":[0.620882988,0.783903241,0,-0.783903241,0.620882988,0,0,0,0.999999881],"scale":1.20646298,"type":"desert_rocks_large_06"}
{"pos":[508.450439,1948.37561,69.0951462],"rotationMatrix":[-0.980955303,-0.19423297,0,0.19423297,-0.980955303,0,0,0,0.999999881],"scale":1.16464067,"type":"desert_rocks_large_06"}
{"pos":[177.068375,905.714294,71.965744],"rotationMatrix":[-0.649872184,-0.760043323,0,0.760043323,-0.649872184,0,0,0,0.999999881],"scale":1.02977026,"type":"desert_rocks_large_06"}
{"pos":[70.4633636,944.539551,71.6881027],"rotationMatrix":[0.568219662,-0.822876751,0,0.822876751,0.568219662,0,0,0,0.999999881],"scale":1.10237026,"type":"desert_rocks_large_06"}
{"pos":[532.988403,1914.62231,75.6684418],"rotationMatrix":[-0.978106081,-0.208106026,0,0.208106026,-0.978106081,0,0,0,0.999999762],"scale":1.1507237,"type":"desert_rocks_large_06"}
{"pos":[543.085632,1912.11719,74.8897247],"rotationMatrix":[0.796137273,0.605116069,0,-0.605116069,0.796137273,0,0,0,0.999999881],"scale":1.01479959,"type":"desert_rocks_large_06"}
{"pos":[531.407166,1921.14294,74.9175262],"rotationMatrix":[0.697234035,0.716843545,0,-0.716843545,0.697234035,0,0,0,0.999999881],"scale":0.780240953,"type":"desert_rocks_large_06"}
{"pos":[288.244934,-673.237488,150.282776],"rotationMatrix":[-0.406396896,-0.913696587,0,0.913696587,-0.406396896,0,0,0,0.999999881],"scale":0.828566968,"type":"desert_rocks_large_06"}
{"pos":[281.809235,-685.067505,151.357071],"rotationMatrix":[0.674643755,0.738143504,0,-0.738143504,0.674643755,0,0,0,0.999999881],"scale":1.01331127,"type":"desert_rocks_large_06"}
{"pos":[253.923233,-661.754883,153.252594],"rotationMatrix":[-0.784675062,0.619906962,0,-0.619906962,-0.784675062,0,0,0,0.999999881],"scale":1.01859713,"type":"desert_rocks_large_06"}
{"pos":[344.047546,-676.238403,155.451675],"rotationMatrix":[-0.46905461,0.883168995,0,-0.883168995,-0.46905461,0,0,0,0.999999881],"scale":0.780229092,"type":"desert_rocks_large_06"}
{"pos":[319.363007,-663.542114,153.033524],"rotationMatrix":[-0.654550195,-0.756018519,0,0.756018519,-0.654550195,0,0,0,0.999999881],"scale":0.650203407,"type":"desert_rocks_large_06"}
{"pos":[344.597137,-689.565857,155.231949],"rotationMatrix":[-0.42626977,0.904595971,0,-0.904595971,-0.42626977,0,0,0,0.999999881],"scale":0.825028062,"type":"desert_rocks_large_06"}
{"pos":[331.930908,-686.662842,153.903259],"rotationMatrix":[0.436915278,-0.899502575,0,0.899502575,0.436915278,0,0,0,0.999999881],"scale":1.10418832,"type":"desert_rocks_large_06"}
{"pos":[309.557251,-651.479614,151.759079],"rotationMatrix":[-0.637370348,-0.770557463,0,0.770557463,-0.637370348,0,0,0,0.999999881],"scale":1.15285611,"type":"desert_rocks_large_06"}
{"pos":[310.923279,-607.595459,146.048065],"rotationMatrix":[0.41026786,0.911965072,0,-0.911965072,0.41026786,0,0,0,0.999999881],"scale":1.24098325,"type":"desert_rocks_large_06"}
{"pos":[322.139191,-567.066528,142.848969],"rotationMatrix":[-0.813444614,0.58164227,0,-0.58164227,-0.813444614,0,0,0,0.999999881],"scale":1.22335637,"type":"desert_rocks_large_06"}
{"pos":[307.805969,-584.164612,142.076645],"rotationMatrix":[0.682759047,0.73064363,0,-0.73064363,0.682759047,0,0,0,0.999999881],"scale":0.730425835,"type":"desert_rocks_large_06"}
{"pos":[335.316833,-631.712341,153.080154],"rotationMatrix":[0.932059526,-0.362304926,0,0.362304926,0.932059526,0,0,0,0.999999881],"scale":0.745148063,"type":"desert_rocks_large_06"}
{"pos":[378.082916,-632.841064,158.944519],"rotationMatrix":[-0.493163973,-0.869936347,0,0.869936347,-0.493163973,0,0,0,0.999999881],"scale":0.922685206,"type":"desert_rocks_large_06"}
{"pos":[399.000885,-637.578979,164.839874],"rotationMatrix":[-0.999986351,0.00520593347,0,-0.00520593347,-0.999986351,0,0,0,0.999999881],"scale":0.798945189,"type":"desert_rocks_large_06"}
{"pos":[381.406372,-552.891052,155.10643],"rotationMatrix":[0.603359103,0.797469616,0,-0.797469616,0.603359103,0,0,0,0.999999881],"scale":1.20780158,"type":"desert_rocks_large_06"}
{"pos":[422.572418,-646.551392,167.310577],"rotationMatrix":[-0.979632795,0.200796738,0,-0.200796738,-0.979632795,0,0,0,0.999999881],"scale":0.889746726,"type":"desert_rocks_large_06"}
{"pos":[271.923462,-613.341064,140.803009],"rotationMatrix":[-0.997151554,0.0754224434,0,-0.0754224434,-0.997151554,0,0,0,0.999999881],"scale":1.09594679,"type":"desert_rocks_large_06"}
