{"pos":[-1037.76331,2070.9939,68.7935791],"rotationMatrix":[-0.351464957,-0.936200917,0,0.936200917,-0.351464957,0,0,0,0.999999881],"scale":0.68149811,"type":"desert_rocks_large_07"}
{"pos":[-1067.1344,2065.91016,68.8546295],"rotationMatrix":[0.916683435,0.399614155,0,-0.399614155,0.916683435,0,0,0,0.999999881],"scale":0.909483075,"type":"desert_rocks_large_07"}
{"pos":[-1189.82739,2046.94031,67.537468],"rotationMatrix":[0.635466695,-0.772128165,0,0.772128165,0.635466695,0,0,0,0.999999881],"scale":1.29498243,"type":"desert_rocks_large_07"}
{"pos":[612.361877,1921.5553,69.7503662],"rotationMatrix":[0.973240733,0.229787648,0,-0.229787648,0.973240733,0,0,0,0.999999881],"scale":1.33349156,"type":"desert_rocks_large_07"}
{"pos":[295.777252,961.762024,71.443161],"rotationMatrix":[0.821417391,-0.570327342,0,0.570327342,0.821417391,0,0,0,0.999999881],"scale":1.18827569,"type":"desert_rocks_large_07"}
{"pos":[145.404144,900.382874,72.0099258],"rotationMatrix":[-0.621583283,0.783347845,0,-0.783347845,-0.621583283,0,0,0,0.999999881],"scale":0.632656693,"type":"desert_rocks_large_07"}
{"pos":[464.309326,989.962158,70.4739227],"rotationMatrix":[-0.95644778,-0.291902989,0,0.291902989,-0.95644778,0,0,0,0.999999881],"scale":0.746485353,"type":"desert_rocks_large_07"}
{"pos":[434.500458,976.426453,70.9713135],"rotationMatrix":[0.202387825,0.979305387,0,-0.979305387,0.202387825,0,0,0,0.999999881],"scale":0.912415266,"type":"desert_rocks_large_07"}
{"pos":[483.931885,1004.00146,68.5456696],"rotationMatrix":[-0.711022317,0.703169167,0,-0.703169167,-0.711022317,0,0,0,0.999999881],"scale":1.13972497,"type":"desert_rocks_large_07"}
{"pos":[402.612701,971.533203,70.9601364],"rotationMatrix":[0.637793839,0.770207107,0,-0.770207107,0.637793839,0,0,0,0.999999881],"scale":0.655995727,"type":"desert_rocks_large_07"}
{"pos":[98.7004547,896.881653,71.7438736],"rotationMatrix":[-0.0475073606,-0.99887079,0,0.99887079,-0.0475073606,0,0,0,0.999999881],"scale":0.827934623,"type":"desert_rocks_large_07"}
{"pos":[106.592575,823.544861,101.04528],"rotationMatrix":[0.999809206,-0.0195301007,0,0.0195301007,0.999809206,0,0,0,0.999999881],"scale":1.42121708,"type":"desert_rocks_large_07"}
{"pos":[137.998154,840.870422,100.29982],"rotationMatrix":[-0.734718621,0.678371727,0,-0.678371727,-0.734718621,0,0,0,0.999999881],"scale":0.637709737,"type":"desert_rocks_large_07"}
{"pos":[207.66954,855.563354,106.378571],"rotationMatrix":[-0.48056525,-0.876958787,0,0.876958787,-0.48056525,0,0,0,0.999999881],"scale":1.25496125,"type":"desert_rocks_large_07"}
{"pos":[198.538574,857.897217,105.054581],"rotationMatrix":[-0.712899745,0.701265872,0,-0.701265872,-0.712899745,0,0,0,0.999999881],"scale":0.755385041,"type":"desert_rocks_large_07"}
{"pos":[255.810059,863.74231,101.411507],"rotationMatrix":[0.676177204,0.73673898,0,-0.73673898,0.676177204,0,0,0,0.999999881],"scale":0.803707123,"type":"desert_rocks_large_07"}
{"pos":[516.167908,1920.92432,74.8014526],"rotationMatrix":[0.97732079,-0.211763799,0,0.211763799,0.97732079,0,0,0,0.999999762],"scale":1.19363582,"type":"desert_rocks_large_07"}
{"pos":[266.954529,-681.903992,152.572601],"rotationMatrix":[0.0532272272,0.998582304,0,-0.998582304,0.0532272272,0,0,0,0.999999881],"scale":1.44731903,"type":"desert_rocks_large_07"}
{"pos":[262.419159,-680.298218,153.054855],"rotationMatrix":[-0.0103694154,0.999946177,0,-0.999946177,-0.0103694154,0,0,0,0.999999881],"scale":1.05648291,"type":"desert_rocks_large_07"}
{"pos":[249.834976,-659.244385,153.562347],"rotationMatrix":[0.608430505,0.793607116,0,-0.793607116,0.608430505,0,0,0,0.999999881],"scale":1.43115902,"type":"desert_rocks_large_07"}
{"pos":[265.319946,-652.669128,151.783356],"rotationMatrix":[-0.576081514,0.817392051,0,-0.817392051,-0.576081514,0,0,0,0.999999881],"scale":1.32342422,"type":"desert_rocks_large_07"}
{"pos":[268.708435,-651.722412,151.199692],"rotationMatrix":[0.5966717,0.802485406,0,-0.802485406,0.5966717,0,0,0,0.999999881],"scale":1.3123014,"type":"desert_rocks_large_07"}
{"pos":[289.343384,-667.862183,150.06752],"rotationMatrix":[0.358228326,-0.933633924,0,0.933633924,0.358228326,0,0,0,0.999999881],"scale":1.11966491,"type":"desert_rocks_large_07"}
{"pos":[340.954224,-552.277466,147.427887],"rotationMatrix":[-0.643542051,-0.765410602,0,0.765410602,-0.643542051,0,0,0,0.999999881],"scale":0.697647691,"type":"desert_rocks_large_07"}
{"pos":[356.54599,-540.825623,147.626907],"rotationMatrix":[0.061593771,-0.998101175,0,0.998101175,0.061593771,0,0,0,0.999999881],"scale":0.935159147,"type":"desert_rocks_large_07"}
{"pos":[354.116943,-521.756531,145.215057],"rotationMatrix":[0.357126474,-0.934055984,0,0.934055984,0.357126474,0,0,0,0.999999881],"scale":1.46273994,"type":"desert_rocks_large_07"}
{"pos":[348.238922,-675.179749,155.705887],"rotationMatrix":[0.338359505,0.941016972,0,-0.941016972,0.338359505,0,0,0,0.999999881],"scale":1.1230303,"type":"desert_rocks_large_07"}
{"pos":[330.673981,-682.647827,154.034149],"rotationMatrix":[-0.854950905,-0.518708944,0,0.518708944,-0.854950905,0,0,0,0.999999881],"scale":0.797706425,"type":"desert_rocks_large_07"}
{"pos":[378.693268,-687.159424,158.932053],"rotationMatrix":[-0.213154554,-0.977018416,0,0.977018416,-0.213154554,0,0,0,0.999999881],"scale":0.751612782,"type":"desert_rocks_large_07"}
{"pos":[390.500061,-682.634277,159.831924],"rotationMatrix":[0.845307469,-0.534279883,0,0.534279883,0.845307469,0,0,0,0.999999881],"scale":1.28584754,"type":"desert_rocks_large_07"}
{"pos":[309.466949,-573.004211,141.580002],"rotationMatrix":[-0.00831338391,0.99996531,0,-0.99996531,-0.00831338391,0,0,0,0.999999881],"scale":1.39204931,"type":"desert_rocks_large_07"}
{"pos":[392.315033,-640.030762,163.249695],"rotationMatrix":[-0.735195875,-0.677854717,0,0.677854717,-0.735195875,0,0,0,0.999999881],"scale":0.631074071,"type":"desert_rocks_large_07"}
{"pos":[373.35202,-628.713684,157.562454],"rotationMatrix":[0.998953164,0.0457425788,0,-0.0457425788,0.998953164,0,0,0,0.999999881],"scale":0.694924235,"type":"desert_rocks_large_07"}
{"pos":[410.737457,-686.132019,161.759445],"rotationMatrix":[-0.516691685,-0.856171489,0,0.856171489,-0.516691685,0,0,0,0.999999881],"scale":1.24799192,"type":"desert_rocks_large_07"}
