{"pos":[-997.623352,2070.49316,66.7432404],"rotationMatrix":[0.682365596,0.731011093,0,-0.731011093,0.682365596,0,0,0,0.999999881],"scale":1.08767533,"type":"desert_rocks_large_03"}
{"pos":[-1022.59399,2067.62646,69.9636307],"rotationMatrix":[0.755484283,0.655166805,0,-0.655166805,0.755484283,0,0,0,0.999999881],"scale":1.13186908,"type":"desert_rocks_large_03"}
{"pos":[-1091.94348,2062.87305,68.4025726],"rotationMatrix":[-0.810851693,0.585251331,0,-0.585251331,-0.810851693,0,0,0,0.999999881],"scale":0.770545483,"type":"desert_rocks_large_03"}
{"pos":[-1122.83459,2054.79834,69.3081131],"rotationMatrix":[0.991556883,0.129671887,0,-0.129671887,0.991556883,0,0,0,0.999999881],"scale":1.19089401,"type":"desert_rocks_large_03"}
{"pos":[-1247.0907,2046.94055,70.3894424],"rotationMatrix":[0.985392034,-0.170300424,0,0.170300424,0.985392034,0,0,0,0.999999881],"scale":0.916384697,"type":"desert_rocks_large_03"}
{"pos":[-445.844513,2037.75854,73.3560638],"rotationMatrix":[-0.72535032,-0.688379586,0,0.682792783,-0.719463468,-0.127145261,0.0875242427,-0.092224896,0.991883755],"scale":1.06578326,"type":"desert_rocks_large_03"}
{"pos":[613.354065,1893.3457,70.3920288],"rotationMatrix":[-0.256276846,-0.966603339,0,0.966603339,-0.256276846,0,0,0,0.999999881],"scale":0.880433321,"type":"desert_rocks_large_03"}
{"pos":[570.933777,1951.49292,69.365654],"rotationMatrix":[-0.651886761,0.7583161,0,-0.7583161,-0.651886761,0,0,0,0.999999881],"scale":0.964311957,"type":"desert_rocks_large_03"}
{"pos":[481.271545,1932.73535,69.2412643],"rotationMatrix":[0.572900891,0.819624662,0,-0.819624662,0.572900891,0,0,0,0.999999881],"scale":1.08637655,"type":"desert_rocks_large_03"}
{"pos":[624.571289,1935.20056,68.661377],"rotationMatrix":[-0.267611623,0.963526785,0,-0.963526785,-0.267611623,0,0,0,0.999999881],"scale":0.695611119,"type":"desert_rocks_large_03"}
{"pos":[144.649277,897.41925,72.0391541],"rotationMatrix":[0.819138587,-0.573595524,0,0.573595524,0.819138587,0,0,0,0.999999881],"scale":0.912168384,"type":"desert_rocks_large_03"}
{"pos":[177.285217,909.586304,72.1279755],"rotationMatrix":[-0.999484599,-0.0320993662,0,0.0320993662,-0.999484599,0,0,0,0.999999881],"scale":0.688068748,"type":"desert_rocks_large_03"}
{"pos":[468.372101,994.691528,70.3801193],"rotationMatrix":[0.955466688,-0.295098811,0,0.295098811,0.955466688,0,0,0,0.999999881],"scale":1.14218676,"type":"desert_rocks_large_03"}
{"pos":[419.53479,972.500488,71.3515625],"rotationMatrix":[-0.270975918,-0.962586105,0,0.962586105,-0.270975918,0,0,0,0.999999881],"scale":1.33698368,"type":"desert_rocks_large_03"}
{"pos":[97.4679565,870.3573,72.194664],"rotationMatrix":[0.714441478,-0.699694991,0,0.699694991,0.714441478,0,0,0,0.999999881],"scale":0.739017844,"type":"desert_rocks_large_03"}
{"pos":[245.892914,856.939026,101.860794],"rotationMatrix":[0.974293709,0.225281343,0,-0.225281343,0.974293709,0,0,0,0.999999881],"scale":1.25011849,"type":"desert_rocks_large_03"}
{"pos":[274.143097,877.006836,104.430176],"rotationMatrix":[0.563867331,0.825865388,0,-0.825865388,0.563867331,0,0,0,0.999999881],"scale":0.825148225,"type":"desert_rocks_large_03"}
{"pos":[541.8797,1895.34717,74.8381271],"rotationMatrix":[-0.975773215,0.218784064,0,-0.218784064,-0.975773215,0,0,0,0.999999762],"scale":0.798056781,"type":"desert_rocks_large_03"}
{"pos":[411.876251,1878.24231,74.4985809],"rotationMatrix":[-0.965610266,0.259993434,0,-0.259993434,-0.965610266,0,0,0,0.999999762],"scale":0.959186256,"type":"desert_rocks_large_03"}
{"pos":[-471.557312,1991.67419,80.0622864],"rotationMatrix":[0.490290225,-0.871559203,0,0.871559203,0.490290225,0,0,0,0.999999881],"scale":0.823315322,"type":"desert_rocks_large_03"}
{"pos":[-466.948303,2002.05627,78.5507507],"rotationMatrix":[-0.939406693,-0.342804432,0,0.342804432,-0.939406693,0,0,0,0.999999881],"scale":1.35183656,"type":"desert_rocks_large_03"}
{"pos":[256.128967,-675.932373,154.339096],"rotationMatrix":[0.0876769572,-0.996148884,0,0.996148884,0.0876769572,0,0,0,0.999999881],"scale":0.784794033,"type":"desert_rocks_large_03"}
{"pos":[278.814819,-649.138855,150.024368],"rotationMatrix":[-0.979063213,-0.20355624,0,0.20355624,-0.979063213,0,0,0,0.999999881],"scale":1.26546264,"type":"desert_rocks_large_03"}
{"pos":[265.479523,-662.560242,151.705887],"rotationMatrix":[-0.581219554,0.813746512,0,-0.813746512,-0.581219554,0,0,0,0.999999881],"scale":0.950744092,"type":"desert_rocks_large_03"}
{"pos":[288.689575,-663.432068,149.946518],"rotationMatrix":[-0.999506354,-0.0314152092,0,0.0314152092,-0.999506354,0,0,0,0.999999881],"scale":1.11794829,"type":"desert_rocks_large_03"}
{"pos":[351.119324,-558.107361,146.991226],"rotationMatrix":[-0.637187362,0.77070868,0,-0.77070868,-0.637187362,0,0,0,0.999999881],"scale":1.1015662,"type":"desert_rocks_large_03"}
{"pos":[365.225922,-672.565125,157.496536],"rotationMatrix":[0.941021383,0.338347048,0,-0.338347048,0.941021383,0,0,0,0.999999881],"scale":1.16029513,"type":"desert_rocks_large_03"}
{"pos":[419.493683,-671.40332,163.569031],"rotationMatrix":[0.931277037,0.364311695,0,-0.364311695,0.931277037,0,0,0,0.999999881],"scale":1.09890521,"type":"desert_rocks_large_03"}
{"pos":[310.505981,-666.775146,152.256226],"rotationMatrix":[0.944093883,-0.329676479,0,0.329676479,0.944093883,0,0,0,0.999999881],"scale":1.0225445,"type":"desert_rocks_large_03"}
{"pos":[315.343445,-586.392822,143.475159],"rotationMatrix":[0.996958196,0.0779369846,0,-0.0779369846,0.996958196,0,0,0,0.999999881],"scale":0.795105815,"type":"desert_rocks_large_03"}
{"pos":[314.263275,-580.649048,142.65564],"rotationMatrix":[-0.313736528,-0.949510038,0,0.949510038,-0.313736528,0,0,0,0.999999881],"scale":1.2713213,"type":"desert_rocks_large_03"}
{"pos":[324.42868,-555.406799,142.063904],"rotationMatrix":[-0.97735852,0.21158962,0,-0.21158962,-0.97735852,0,0,0,0.999999881],"scale":1.20968437,"type":"desert_rocks_large_03"}
{"pos":[316.168671,-562.500916,141.43457],"rotationMatrix":[-0.881740868,0.471733987,0,-0.471733987,-0.881740868,0,0,0,0.999999881],"scale":1.2559123,"type":"desert_rocks_large_03"}
{"pos":[397.551025,-646.224731,165.013641],"rotationMatrix":[-0.260503709,0.965472758,0,-0.965472758,-0.260503709,0,0,0,0.999999881],"scale":0.697551906,"type":"desert_rocks_large_03"}
{"pos":[358.436554,-558.182556,147.445389],"rotationMatrix":[-0.965133846,-0.261756927,0,0.261756927,-0.965133846,0,0,0,0.999999881],"scale":0.887720942,"type":"desert_rocks_large_03"}
{"pos":[409.326324,-475.419556,148.149689],"rotationMatrix":[0.320239186,-0.947336614,0,0.947336614,0.320239186,0,0,0,0.999999881],"scale":0.976658344,"type":"desert_rocks_large_03"}
{"pos":[463.427155,-601.121948,171.985931],"rotationMatrix":[0.00454415428,-0.999989569,0,0.999989569,0.00454415428,0,0,0,0.999999881],"scale":1.33082092,"type":"desert_rocks_large_03"}
{"pos":[289.817322,-636.379578,148.189926],"rotationMatrix":[-0.977242768,0.212123439,0,-0.212123439,-0.977242768,0,0,0,0.999999881],"scale":1.17252982,"type":"desert_rocks_large_03"}
{"pos":[327.441895,-573.760498,147.699936],"rotationMatrix":[0.860273898,0.509832084,0,-0.509832084,0.860273898,0,0,0,0.999999881],"scale":1.32703876,"type":"desert_rocks_large_03"}
{"pos":[280.353729,-667.47699,150.035416],"rotationMatrix":[-0.187071383,-0.982346237,0,0.982346237,-0.187071383,0,-0,0,0.999999881],"scale":1.09747446,"type":"desert_rocks_large_03"}
