{"pos":[-1232.51929,2075.84521,68.3327255],"rotationMatrix":[-0.995483696,-0.0949316248,0,0.0949316248,-0.995483696,0,0,0,0.999999881],"scale":0.703157187,"type":"desert_rocks_large_02"}
{"pos":[-1242.7384,2061.76489,68.5272446],"rotationMatrix":[0.978211224,0.207611829,0,-0.207611829,0.978211224,0,0,0,0.999999881],"scale":1.24477994,"type":"desert_rocks_large_02"}
{"pos":[-1271.61523,2003.38159,70.3312073],"rotationMatrix":[0.532493353,-0.846434116,0,0.846434116,0.532493353,0,0,0,0.999999881],"scale":1.25385821,"type":"desert_rocks_large_02"}
{"pos":[-1164.22693,2070.30908,68.7848434],"rotationMatrix":[0.978524327,0.206131086,0,-0.206131086,0.978524327,0,0,0,0.999999881],"scale":0.818361402,"type":"desert_rocks_large_02"}
{"pos":[609.950623,1861.93787,70.2076111],"rotationMatrix":[0.127453014,0.991844594,0,-0.991844594,0.127453014,0,0,0,0.999999881],"scale":0.859612942,"type":"desert_rocks_large_02"}
{"pos":[563.458069,1957.68848,68.989975],"rotationMatrix":[-0.821808755,-0.569763422,0,0.569763422,-0.821808755,0,0,0,0.999999881],"scale":1.04314756,"type":"desert_rocks_large_02"}
{"pos":[547.403809,1946.48438,70.1189499],"rotationMatrix":[0.308469385,0.951234281,0,-0.951234281,0.308469385,0,0,0,0.999999881],"scale":1.16127729,"type":"desert_rocks_large_02"}
{"pos":[457.929413,985.439514,70.385788],"rotationMatrix":[-0.462003618,-0.886877954,0,0.886877954,-0.462003618,0,0,0,0.999999881],"scale":0.68305403,"type":"desert_rocks_large_02"}
{"pos":[147.301544,847.331482,100.440689],"rotationMatrix":[0.840925932,0.541150212,0,-0.541150212,0.840925932,0,0,0,0.999999881],"scale":0.795398474,"type":"desert_rocks_large_02"}
{"pos":[-994.064331,-343.287994,102.997559],"rotationMatrix":[-0.214146763,-0.976801455,0,0.976801455,-0.214146763,0,0,0,0.999999881],"scale":0.811782837,"type":"desert_rocks_large_02"}
{"pos":[-991.465637,-348.232849,103.045227],"rotationMatrix":[-0.667573035,0.744544208,0,-0.744544208,-0.667573035,0,0,0,0.999999881],"scale":1.14423966,"type":"desert_rocks_large_02"}
{"pos":[561.382996,1881.35205,74.9390488],"rotationMatrix":[-0.998199582,-0.0599788539,0,0.0599788539,-0.998199582,0,0,0,0.999999881],"scale":0.653447866,"type":"desert_rocks_large_02"}
{"pos":[269.891022,-684.554443,152.065277],"rotationMatrix":[0.956979394,0.290155679,0,-0.290155679,0.956979394,0,0,0,0.999999881],"scale":0.908935785,"type":"desert_rocks_large_02"}
{"pos":[293.947327,-682.184937,150.896515],"rotationMatrix":[0.0386150703,-0.999254048,0,0.999254048,0.0386150703,0,0,0,0.999999881],"scale":0.770757556,"type":"desert_rocks_large_02"}
{"pos":[274.262909,-649.081055,150.663162],"rotationMatrix":[0.631002128,0.775781095,0,-0.775781095,0.631002128,0,0,0,0.999999881],"scale":0.834441423,"type":"desert_rocks_large_02"}
{"pos":[287.339905,-647.933167,149.970612],"rotationMatrix":[0.950603366,-0.310407877,0,0.310407877,0.950603366,0,0,0,0.999999881],"scale":0.753572226,"type":"desert_rocks_large_02"}
{"pos":[288.283875,-657.444946,149.676041],"rotationMatrix":[-0.97098875,-0.239124909,0,0.239124909,-0.97098875,0,0,0,0.999999881],"scale":1.23817623,"type":"desert_rocks_large_02"}
{"pos":[266.968048,-669.921509,151.877304],"rotationMatrix":[-0.895398796,-0.445265055,0,0.445265055,-0.895398796,0,0,0,0.999999881],"scale":1.29071426,"type":"desert_rocks_large_02"}
{"pos":[380.689331,-509.024017,145.936844],"rotationMatrix":[-0.994429767,0.105400249,0,-0.105400249,-0.994429767,0,0,0,0.999999881],"scale":0.992879331,"type":"desert_rocks_large_02"}
{"pos":[348.465759,-689.039612,155.710007],"rotationMatrix":[-0.985090196,-0.172038287,0,0.172038287,-0.985090196,0,0,0,0.999999881],"scale":0.925456285,"type":"desert_rocks_large_02"}
{"pos":[317.280426,-578.315857,143.15744],"rotationMatrix":[-0.863098443,0.505035639,0,-0.505035639,-0.863098443,0,0,0,0.999999881],"scale":0.861490965,"type":"desert_rocks_large_02"}
{"pos":[319.714264,-571.836792,142.792099],"rotationMatrix":[-0.917729318,0.397206306,0,-0.397206306,-0.917729318,0,0,0,0.999999881],"scale":0.697132289,"type":"desert_rocks_large_02"}
{"pos":[403.190033,-641.057678,165.858261],"rotationMatrix":[0.993682146,-0.112230383,0,0.112230383,0.993682146,0,0,0,0.999999881],"scale":0.650211513,"type":"desert_rocks_large_02"}
{"pos":[417.683777,-471.78833,148.188797],"rotationMatrix":[-0.939716876,-0.341953188,0,0.341953188,-0.939716876,0,0,0,0.999999881],"scale":1.2829442,"type":"desert_rocks_large_02"}
{"pos":[432.280731,-662.039917,165.967209],"rotationMatrix":[-0.956638515,0.291277826,0,-0.291277826,-0.956638515,0,0,0,0.999999881],"scale":1.0990653,"type":"desert_rocks_large_02"}
{"pos":[467.809479,-617.610718,173.270569],"rotationMatrix":[-0.574095905,0.818787873,0,-0.818787873,-0.574095905,0,0,0,0.999999881],"scale":1.04382992,"type":"desert_rocks_large_02"}
{"pos":[300.524384,-618.162292,145.921417],"rotationMatrix":[-0.764730394,-0.64435035,0,0.64435035,-0.764730394,0,0,0,0.999999881],"scale":0.922070801,"type":"desert_rocks_large_02"}
