{"pos":[-14.5324001,695.968994,75.6953964],"rotationMatrix":[1,0,0,0,1,0,0,0,1],"scale":1,"type":"dumpster"}
{"pos":[-67.1565018,649.40802,75.549202],"rotationMatrix":[1,0,0,0,1,0,0,0,1],"scale":1,"type":"dumpster"}
{"pos":[-209.146057,544.18988,75.8247528],"rotationMatrix":[0.118736364,-0.992925465,0,0.992925465,0.118736364,0,0,0,0.999999523],"scale":1,"type":"dumpster"}
{"pos":[-397.165955,212.978531,101.658051],"rotationMatrix":[0.465008259,0.885306358,0,-0.885306358,0.465008259,0,0,0,1],"scale":1,"type":"dumpster"}
{"pos":[-482.859222,109.684006,101.236923],"rotationMatrix":[0.956428528,-0.291966558,0,0.291966558,0.956428528,0,0,0,1],"scale":1,"type":"dumpster"}
{"pos":[-697.003235,620.663757,113.193207],"rotationMatrix":[0.755489588,0.655025482,0.013293325,-0.653419435,0.751848698,0.0881257057,0.0477300286,-0.0752641857,0.996020377],"scale":1,"type":"dumpster"}
{"pos":[-836.224121,841.634705,75.8399963],"rotationMatrix":[0.0415892564,0.999134719,0,-0.999134719,0.0415892564,0,0,0,0.999999881],"scale":1,"type":"dumpster"}
{"pos":[-936.80603,550.224976,133.041],"rotationMatrix":[1,0,0,0,0.999878407,-0.0155939786,0,0.0155939786,0.999878407],"scale":1,"type":"dumpster"}
{"pos":[-672,435.828003,126.254997],"rotationMatrix":[0.686985493,0.720962882,-0.0909034014,-0.725090683,0.688352585,-0.020352412,0.0479002558,0.0798950195,0.995651722],"scale":1,"type":"dumpster"}
{"pos":[-645.955994,74.3911972,103.899338],"rotationMatrix":[0.812727928,0.58264339,0,-0.58264339,0.812727928,0,0,0,1],"scale":1,"type":"dumpster"}
{"pos":[-745.593994,54.5742989,119.037003],"rotationMatrix":[1,0,0,0,1,0,0,0,1],"scale":1,"type":"dumpster"}
{"pos":[67.3086014,721.343018,75.6651154],"rotationMatrix":[0.864591956,0.502474606,0,-0.502474606,0.864591956,0,0,0,1],"scale":1,"type":"dumpster"}
{"pos":[58.4615135,724.131897,75.6789246],"rotationMatrix":[0.534387589,-0.84523958,0,0.84523958,0.534387589,0,0,0,1],"scale":1,"type":"dumpster"}
{"pos":[43.7585983,689.090027,75.6826019],"rotationMatrix":[1,0,0,0,1,0,0,0,1],"scale":1,"type":"dumpster"}
{"pos":[53.1785011,668.594971,75.6849747],"rotationMatrix":[0.811747551,0.584008515,0,-0.584008515,0.811747551,0,0,0,1],"scale":1,"type":"dumpster"}
{"pos":[5.37489986,677.119995,75.7104797],"rotationMatrix":[1,0,0,0,1,0,0,0,1],"scale":1,"type":"dumpster"}
{"pos":[39.5934982,586.339294,75.549202],"rotationMatrix":[0.930211544,0.367023826,0,-0.367023826,0.930211544,0,0,0,1],"scale":1,"type":"dumpster"}
{"pos":[49.8753014,566.06897,75.5188599],"rotationMatrix":[1,0,0,0,1,0,0,0,1],"scale":1,"type":"dumpster"}
{"pos":[54.4887009,568.703979,75.549202],"rotationMatrix":[-0.218360424,0.975868165,0,-0.975868165,-0.218360424,0,0,0,1],"scale":1,"type":"dumpster"}
{"pos":[-594.515198,73.4427032,102.696594],"rotationMatrix":[0.707106709,0.707106769,0,-0.707106769,0.707106709,0,0,0,0.999999881],"scale":1,"type":"dumpster"}
{"pos":[-177.059357,-40.3078041,121.95713],"rotationMatrix":[-0.582640707,0.81272769,0.00161403231,-0.812669992,-0.582572818,-0.0132438857,-0.00982339401,-0.00902810413,0.999910355],"scale":1,"type":"dumpster"}
{"pos":[-109.169601,13.6847687,122.715721],"rotationMatrix":[0.99999994,0,0,0,0.999897718,-0.0142984791,0,0.01429848,0.999897659],"scale":1,"type":"dumpster"}
{"pos":[-55.825676,17.1347733,120.80867],"rotationMatrix":[0.719323039,0.694675684,0,-0.694675684,0.719323039,0,0,0,1],"scale":1,"type":"dumpster"}
{"pos":[-548.893433,297.962952,103.879089],"rotationMatrix":[0.621462166,0.777169466,-0.0989561304,-0.777328491,0.627423823,0.0458215363,0.0976985395,0.0484450758,0.994036198],"scale":1,"type":"dumpster"}
{"pos":[-605.958313,295.689178,113.323616],"rotationMatrix":[1,0,0,0,1,0,0,0,1],"scale":1,"type":"dumpster"}
{"pos":[887.700562,-495.636444,163.840469],"rotationMatrix":[-0.0965681151,-0.994325519,0.044616688,0.995291531,-0.0968410522,-0.00399174448,0.00828982238,0.0440211557,0.9989959],"scale":1,"type":"dumpster"}
{"pos":[305.902649,-191.772522,144.867996],"rotationMatrix":[3.25841313e-07,0.999999881,0,-0.999999881,3.25841313e-07,0,0,0,0.999999762],"scale":1,"type":"dumpster"}
{"pos":[917.801331,-565.698303,164.521347],"rotationMatrix":[-0.609711349,0.79233402,-0.0213832911,-0.792533934,-0.6098243,0.00151139288,-0.0118425451,0.0178685226,0.99976939],"scale":1,"type":"dumpster"}
{"pos":[-726.843994,598.959595,116.773491],"rotationMatrix":[-0.68844384,0.725200653,-0.0113157686,-0.725226521,-0.68850553,-0.00238514668,-0.00952068809,0.00656446908,0.999932349],"scale":1,"type":"dumpster"}
{"pos":[-29.5272141,705.902649,75.6908035],"rotationMatrix":[0.0146557195,-0.999892473,0,0.999892473,0.0146557195,0,0,0,0.999999762],"scale":1,"type":"dumpster"}
{"pos":[320.311951,-136.365707,144.871185],"rotationMatrix":[-0.999999881,3.25841341e-07,0,-3.25841341e-07,-0.999999881,0,0,0,0.999999881],"scale":1,"type":"dumpster"}
