{"pos":[-481.445038,2008.35645,79.0807953],"rotationMatrix":[-0.993429482,0.11444319,0,-0.108964168,-0.945868492,0.305710912,0.0349865444,0.303702295,0.95212388],"scale":1,"type":"eca_rock_big_narrow"}
{"pos":[260.302216,-666.259644,152.574188],"rotationMatrix":[0.0463149808,-0.998926818,0,0.998926818,0.0463149808,0,0,0,0.999999881],"scale":1,"type":"eca_rock_big_narrow"}
{"pos":[261.609222,-662.627808,152.496735],"rotationMatrix":[0.972285271,-0.233797371,0,0.233797371,0.972285271,0,0,0,0.999999881],"scale":1,"type":"eca_rock_big_narrow"}
{"pos":[265.5354,-676.305176,151.793594],"rotationMatrix":[-0.329776675,0.944058836,0,-0.944058836,-0.329776675,0,0,0,0.999999881],"scale":1,"type":"eca_rock_big_narrow"}
{"pos":[267.676605,-676.189087,151.792557],"rotationMatrix":[-0.442337722,-0.89684844,0,0.89684844,-0.442337722,0,0,0,0.999999881],"scale":1,"type":"eca_rock_big_narrow"}
{"pos":[289.586639,-678.626648,150.643707],"rotationMatrix":[-0.83291328,0.553403199,0,-0.553403199,-0.83291328,0,0,0,0.999999881],"scale":1,"type":"eca_rock_big_narrow"}
{"pos":[286.922516,-677.665588,150.14772],"rotationMatrix":[-0.427732348,-0.903905332,0,0.903905332,-0.427732348,0,0,0,0.999999881],"scale":1,"type":"eca_rock_big_narrow"}
{"pos":[283.771088,-656.16272,149.10025],"rotationMatrix":[0.994327366,-0.106361687,0,0.106361687,0.994327366,0,0,0,0.999999881],"scale":1,"type":"eca_rock_big_narrow"}
{"pos":[425.287445,-511.94754,152.140335],"rotationMatrix":[0.255811155,0.96672672,0,-0.96672672,0.255811155,0,0,0,0.999999881],"scale":1,"type":"eca_rock_big_narrow"}
{"pos":[432.427002,-506.194794,151.630295],"rotationMatrix":[-0.99943167,0.0337051302,0,-0.0337051302,-0.99943167,0,0,0,0.999999881],"scale":1,"type":"eca_rock_big_narrow"}
{"pos":[430.059418,-508.783783,151.864532],"rotationMatrix":[-0.378991276,0.925400078,0,-0.925400078,-0.378991276,0,0,0,0.999999881],"scale":1,"type":"eca_rock_big_narrow"}
{"pos":[425.610474,-522.996826,155.601837],"rotationMatrix":[-0.850971878,-0.525211275,0,0.525211275,-0.850971878,0,0,0,0.999999881],"scale":1,"type":"eca_rock_big_narrow"}
{"pos":[431.027008,-525.13092,156.733658],"rotationMatrix":[0.916003406,-0.401170224,0,0.401170224,0.916003406,0,0,0,0.999999881],"scale":1,"type":"eca_rock_big_narrow"}
{"pos":[433.618103,-533.564026,159.576263],"rotationMatrix":[-0.327083349,0.944995344,0,-0.944995344,-0.327083349,0,0,0,0.999999881],"scale":1,"type":"eca_rock_big_narrow"}
{"pos":[429.375488,-537.498718,161.289291],"rotationMatrix":[0.99713546,-0.0756348819,0,0.0756348819,0.99713546,0,0,0,0.999999881],"scale":1,"type":"eca_rock_big_narrow"}
{"pos":[427.284943,-536.859802,160.901962],"rotationMatrix":[-0.713422239,0.700734138,0,-0.700734138,-0.713422239,0,0,0,0.999999881],"scale":1,"type":"eca_rock_big_narrow"}
{"pos":[434.559998,-542.330139,163.705429],"rotationMatrix":[-0.740158141,-0.67243278,0,0.67243278,-0.740158141,0,0,0,0.999999881],"scale":1,"type":"eca_rock_big_narrow"}
{"pos":[432.611664,-539.930481,162.377914],"rotationMatrix":[-0.67213881,0.740424871,0,-0.740424871,-0.67213881,0,0,0,0.999999881],"scale":1,"type":"eca_rock_big_narrow"}
{"pos":[429.807983,-539.696899,162.25499],"rotationMatrix":[-0.988347948,-0.152211025,0,0.152211025,-0.988347948,0,0,0,0.999999881],"scale":1,"type":"eca_rock_big_narrow"}
{"pos":[432.385651,-542.816345,163.768387],"rotationMatrix":[-0.205445141,0.978668511,0,-0.978668511,-0.205445141,0,0,0,0.999999881],"scale":1,"type":"eca_rock_big_narrow"}
{"pos":[429.839233,-544.627808,164.157883],"rotationMatrix":[0.556471586,-0.830866516,0,0.830866516,0.556471586,0,0,0,0.999999881],"scale":1,"type":"eca_rock_big_narrow"}
{"pos":[434.41806,-546.765747,165.345901],"rotationMatrix":[-0.897908509,0.440181941,0,-0.440181941,-0.897908509,0,0,0,0.999999881],"scale":1,"type":"eca_rock_big_narrow"}
{"pos":[426.697327,-541.74115,163.029343],"rotationMatrix":[0.507634878,0.861572325,0,-0.861572325,0.507634878,0,0,0,0.999999881],"scale":1,"type":"eca_rock_big_narrow"}
{"pos":[451.012787,-505.857361,152.033813],"rotationMatrix":[-0.95015806,-0.311768442,0,0.311768442,-0.95015806,0,0,0,0.999999881],"scale":1,"type":"eca_rock_big_narrow"}
{"pos":[447.984711,-512.167969,152.31427],"rotationMatrix":[-0.999554157,-0.0298545398,0,0.0298545398,-0.999554157,0,0,0,0.999999881],"scale":1,"type":"eca_rock_big_narrow"}
{"pos":[451.619568,-516.237183,153.213333],"rotationMatrix":[0.990155041,0.139974341,0,-0.139974341,0.990155041,0,0,0,0.999999881],"scale":1,"type":"eca_rock_big_narrow"}
{"pos":[449.213623,-521.42041,154.872894],"rotationMatrix":[0.686854959,-0.726794422,0,0.726794422,0.686854959,0,0,0,0.999999881],"scale":1,"type":"eca_rock_big_narrow"}
{"pos":[448.829468,-530.973511,158.736725],"rotationMatrix":[-0.930256069,0.366910756,0,-0.366910756,-0.930256069,0,0,0,0.999999881],"scale":1,"type":"eca_rock_big_narrow"}
{"pos":[452.19162,-539.608215,163.853806],"rotationMatrix":[0.859516144,-0.51110822,0,0.51110822,0.859516144,0,0,0,0.999999881],"scale":1,"type":"eca_rock_big_narrow"}
{"pos":[331.727753,-663.402649,153.987045],"rotationMatrix":[0.955857456,0.293830574,0,-0.293830574,0.955857456,0,0,0,0.999999881],"scale":1,"type":"eca_rock_big_narrow"}
{"pos":[343.39447,-653.970093,154.38205],"rotationMatrix":[0.703536034,-0.710659444,0,0.710659444,0.703536034,0,0,0,0.999999881],"scale":1,"type":"eca_rock_big_narrow"}
{"pos":[335.721283,-651.050049,153.972839],"rotationMatrix":[-0.39191103,-0.920003057,0,0.920003057,-0.39191103,0,0,0,0.999999881],"scale":1,"type":"eca_rock_big_narrow"}
{"pos":[333.639557,-662.181396,153.823273],"rotationMatrix":[0.772840261,0.634600639,0,-0.634600639,0.772840261,0,0,0,0.999999881],"scale":1,"type":"eca_rock_big_narrow"}
{"pos":[336.403748,-664.699097,154.173523],"rotationMatrix":[-0.0749355182,0.99718827,0,-0.99718827,-0.0749355182,0,0,0,0.999999881],"scale":1,"type":"eca_rock_big_narrow"}
{"pos":[341.877014,-664.160095,154.498383],"rotationMatrix":[0.258898348,0.965904534,0,-0.965904534,0.258898348,0,0,0,0.999999881],"scale":1,"type":"eca_rock_big_narrow"}
{"pos":[345.044159,-656.971375,154.513275],"rotationMatrix":[-0.626866043,-0.779127002,0,0.779127002,-0.626866043,0,0,0,0.999999881],"scale":1,"type":"eca_rock_big_narrow"}
{"pos":[333.897888,-652.085144,154.001877],"rotationMatrix":[-0.757821023,-0.652462304,0,0.652462304,-0.757821023,0,0,0,0.999999881],"scale":1,"type":"eca_rock_big_narrow"}
