{"pos":[-725.641235,718.652832,92.3708954],"rotationMatrix":[0.978498459,-0.108504362,-0.175402865,-0.0319526643,0.760418773,-0.648645818,0.203760564,0.64030385,0.740602136],"scale":1.46726072,"type":"eca_rock_big_wide"}
{"pos":[-476.391663,2007.07556,79.0505676],"rotationMatrix":[0.969693422,-0.244323805,0,0.237470955,0.942495286,-0.235180527,0.0574602149,0.228053078,0.971951306],"scale":1,"type":"eca_rock_big_wide"}
{"pos":[-486.687775,2008.30383,79.2462921],"rotationMatrix":[-0.97313118,0.230222583,0.00351186609,-0.225308821,-0.955282331,0.191496447,0.0474416427,0.185559973,0.98148638],"scale":1,"type":"eca_rock_big_wide"}
{"pos":[-731.558838,718.652832,93.5],"rotationMatrix":[0.978498459,-0.108504362,-0.175402865,-0.0319526643,0.760418773,-0.648645818,0.203760564,0.64030385,0.740602136],"scale":1.46726072,"type":"eca_rock_big_wide"}
{"pos":[-731.558838,713.700012,97.1999969],"rotationMatrix":[0.956903815,-0.21580264,-0.194324985,0.0912251621,0.858664751,-0.504352629,0.275700778,0.464890063,0.841346681],"scale":1.46726072,"type":"eca_rock_big_wide"}
{"pos":[-724,713.399963,95.7000046],"rotationMatrix":[0.956903815,-0.21580264,-0.194324985,0.0912251621,0.858664751,-0.504352629,0.275700778,0.464890063,0.841346681],"scale":1.46726072,"type":"eca_rock_big_wide"}
{"pos":[653.689026,-1027.80994,174.151031],"rotationMatrix":[-0.139537826,-0.901575565,0.409500152,0.990216553,-0.127046853,0.0577053204,0,0.413545966,0.910482883],"scale":3.33807993,"type":"eca_rock_big_wide"}
{"pos":[671.389404,-1027.38184,172.994598],"rotationMatrix":[0.0064863693,-0.922671497,0.385530978,0.999919713,0.00179783814,-0.012520547,0.0108593395,0.385581404,0.922609329],"scale":3.08564425,"type":"eca_rock_big_wide"}
{"pos":[636.652466,-1024.50769,170.317673],"rotationMatrix":[-0.982306182,-0.108810663,-0.152425945,0.038517829,-0.913879156,0.404153883,-0.183275178,0.391131878,0.901901066],"scale":2.79262209,"type":"eca_rock_big_wide"}
{"pos":[623.281006,-1025.80945,166.181595],"rotationMatrix":[-0.933899403,0.335341185,-0.124005094,-0.357238889,-0.861101151,0.361779153,0.0145384502,0.382164866,0.923979402],"scale":2.88969707,"type":"eca_rock_big_wide"}
{"pos":[608.74115,-1027.85132,168.983978],"rotationMatrix":[-0.960247755,0.129454464,-0.247316748,-0.278058767,-0.521790147,0.806485057,-0.0246443674,0.843194127,0.537043929],"scale":2.59561157,"type":"eca_rock_big_wide"}
{"pos":[592.121582,-1023.99316,160.335709],"rotationMatrix":[0.964226544,0.144650072,-0.222134113,-0.265053034,0.53797996,-0.800202668,0.00375431031,0.830453932,0.557074547],"scale":2.51691413,"type":"eca_rock_big_wide"}
{"pos":[570.975708,-1022.96515,165.667862],"rotationMatrix":[0.235018164,0.923108637,-0.304362327,0.951147735,-0.282911569,-0.123606615,-0.200210139,-0.260443807,-0.944502175],"scale":2.61733818,"type":"eca_rock_big_wide"}
{"pos":[558.854309,-1023.27924,169.911301],"rotationMatrix":[-0.153120533,-0.885483563,0.438716471,0.966343999,-0.227036327,-0.120966114,0.206718162,0.405428767,0.890445769],"scale":2.85839462,"type":"eca_rock_big_wide"}
{"pos":[544.298645,-1022.41168,168.717926],"rotationMatrix":[0.268937588,0.912773967,-0.307434469,-0.935489893,0.17159161,-0.30889219,-0.229195535,0.37067467,0.900038183],"scale":2.90389585,"type":"eca_rock_big_wide"}
{"pos":[-592.229492,-1018.47589,185.271851],"rotationMatrix":[0.027383415,0.999624908,0,-0.999624908,0.027383415,0,0,0,0.999999881],"scale":2.55786252,"type":"eca_rock_big_wide"}
{"pos":[-578.558105,-1017.15979,184.558044],"rotationMatrix":[-0.998748362,0.0500165895,0,-0.0500165895,-0.998748362,0,0,0,0.999999881],"scale":2.51931763,"type":"eca_rock_big_wide"}
{"pos":[-560.231812,-1014.90594,187.944611],"rotationMatrix":[0.561577559,0.827424109,0,-0.827424109,0.561577559,0,0,0,0.999999881],"scale":2.7951355,"type":"eca_rock_big_wide"}
{"pos":[-572.39325,-1004.93799,185.126617],"rotationMatrix":[0.295133263,-0.955456018,0,0.955456018,0.295133263,0,0,0,0.999999881],"scale":2.8947556,"type":"eca_rock_big_wide"}
{"pos":[-583.483337,-1005.86157,186.629639],"rotationMatrix":[0.444605738,0.895726383,0,-0.895726383,0.444605738,0,0,0,0.999999881],"scale":2.54754996,"type":"eca_rock_big_wide"}
{"pos":[-547.279419,-1019.69904,191.630493],"rotationMatrix":[0.932140887,-0.362095565,0,0.362095565,0.932140887,0,0,0,0.999999881],"scale":2.82174301,"type":"eca_rock_big_wide"}
{"pos":[-473.626343,-1026.40991,186.195969],"rotationMatrix":[-0.894047618,-0.0410720259,0.446084946,0.386451781,-0.574350357,0.721648574,0.226569504,0.817578554,0.529368997],"scale":2.906003,"type":"eca_rock_big_wide"}
{"pos":[-486.029236,-1024.50537,189.670013],"rotationMatrix":[0.830136001,0.181684002,-0.527128935,-0.519391596,0.595771134,-0.612608254,0.202747077,0.782334626,0.58893621],"scale":2.71598792,"type":"eca_rock_big_wide"}
{"pos":[-499.672668,-1022.2464,192.458374],"rotationMatrix":[0.998911738,-0.0252226572,-0.0392274559,0.000246562064,0.843973935,-0.536383748,0.0466360301,0.535790503,0.843061805],"scale":2.54909992,"type":"eca_rock_big_wide"}
{"pos":[-514.695496,-1021.16406,191.769211],"rotationMatrix":[-0.910195708,-0.384695828,0.15346466,0.408731759,-0.774411321,0.482932627,-0.0669373572,0.502289593,0.862103879],"scale":2.50730324,"type":"eca_rock_big_wide"}
{"pos":[-458.870605,-1025.99951,178.747208],"rotationMatrix":[-0.889780045,0.0915018916,0.447122753,0.290400833,-0.642266273,0.709338605,0.352077723,0.761000216,0.544903576],"scale":2.68096781,"type":"eca_rock_big_wide"}
{"pos":[-444.868469,-1021.76001,164.793152],"rotationMatrix":[0.273192108,-0.649429739,0.709652662,0.896016061,-0.0966422558,-0.43337664,0.350030273,0.754255295,0.555497646],"scale":2.88019586,"type":"eca_rock_big_wide"}
{"pos":[-447.100464,-1029.37268,174.211029],"rotationMatrix":[-0.802665591,0.517995596,0.295646727,-0.136332497,-0.64191848,0.754554272,0.580637336,0.565349221,0.585866034],"scale":2.97754908,"type":"eca_rock_big_wide"}
{"pos":[681.247925,-1040.93677,179.732941],"rotationMatrix":[-0.063031286,0.98575002,-0.155959114,-0.988167107,-0.083537437,-0.128633693,-0.139829054,0.14600578,0.979351342],"scale":2.84473825,"type":"eca_rock_big_wide"}
{"pos":[694.826904,-1041.6344,182.614456],"rotationMatrix":[-0.729892492,0.58911711,-0.346695274,-0.614352763,-0.787737608,-0.0451644659,-0.299712092,0.180028021,0.936889529],"scale":2.97355723,"type":"eca_rock_big_wide"}
{"pos":[709.202209,-1034.63354,184.174377],"rotationMatrix":[0.790015578,0.61308676,0,-0.61308676,0.790015578,0,0,0,0.999999881],"scale":2.88277674,"type":"eca_rock_big_wide"}
{"pos":[708.151917,-1043.52271,187.689651],"rotationMatrix":[-0.141470924,0.98716265,-0.0741309524,-0.989443481,-0.143379167,-0.0210564323,-0.0314149857,0.0703694373,0.997025669],"scale":2.51603842,"type":"eca_rock_big_wide"}
{"pos":[682.924316,-1027.12366,176.342041],"rotationMatrix":[0.156618834,-0.864505351,0.477598488,0.906048954,0.31823802,0.278925002,-0.393122256,0.389042854,0.833126366],"scale":2.75387192,"type":"eca_rock_big_wide"}
{"pos":[695.868958,-1025.56042,180.975967],"rotationMatrix":[0.892154038,0.333939195,0.304213107,-0.316069305,0.942594528,-0.107775591,-0.322740078,0,0.946487367],"scale":2.93236208,"type":"eca_rock_big_wide"}
{"pos":[712.620178,-1027.47827,187.171997],"rotationMatrix":[0.990122378,0.0994048342,0.0988740996,-0.0930510014,0.993408799,-0.0669317842,-0.104875773,0.0570703223,0.992846072],"scale":2.84198189,"type":"eca_rock_big_wide"}
{"pos":[727.512756,-1025.10535,188.530197],"rotationMatrix":[0.961641133,0.273256332,-0.0240177028,-0.274309814,0.957947969,-0.0841982663,0,0.0875568241,0.996159136],"scale":2.51882601,"type":"eca_rock_big_wide"}
{"pos":[741.952515,-1022.22699,188.178406],"rotationMatrix":[-0.253649861,0.946739197,-0.198358908,-0.967295885,-0.24825938,0.0520148128,0,0.205065355,0.978747904],"scale":2.87367368,"type":"eca_rock_big_wide"}
{"pos":[289.297089,-653.126648,149.402237],"rotationMatrix":[0.992611527,-0.12133462,0,0.12133462,0.992611527,0,0,0,0.999999881],"scale":1,