{"pos":[-408.971985,-151.932999,101.633003],"rotationMatrix":[0.975313663,-0.220824048,0,0.220824048,0.975313663,0,0,0,1],"scale":1.15980005,"type":"fanpalm_skirt"}
{"pos":[-471.294006,-200.278,97.6259003],"rotationMatrix":[0.953670263,0.300853819,0,-0.300853819,0.953670263,0,0,0,1],"scale":1.20019996,"type":"fanpalm_skirt"}
{"pos":[-332.484009,-492.17099,106.040001],"rotationMatrix":[-0.970112562,-0.242655352,0,0.242655352,-0.970112562,0,0,0,1],"scale":1.01129997,"type":"fanpalm_skirt"}
{"pos":[-477.429993,-287.131989,98.1780014],"rotationMatrix":[0.963927031,-0.266166627,0,0.266166627,0.963927031,0,0,0,1],"scale":1.15840006,"type":"fanpalm_skirt"}
{"pos":[-248.077988,-696.981384,127.230003],"rotationMatrix":[-0.947153807,-0.320779771,0,0.320779771,-0.947153807,0,0,0,1],"scale":1.1365,"type":"fanpalm_skirt"}
{"pos":[-340.928986,-641.02301,126.078003],"rotationMatrix":[-0.656200051,0.754586995,0,-0.754586995,-0.656200051,0,0,0,1],"scale":0.855199993,"type":"fanpalm_skirt"}
{"pos":[-382.229218,-564.458801,126.355415],"rotationMatrix":[0.926271915,0.37685585,0,-0.37685585,0.926271915,0,0,0,1],"scale":0.743200004,"type":"fanpalm_skirt"}
{"pos":[-570.984009,-206.970993,105.355003],"rotationMatrix":[-0.935331345,0.353772908,0,-0.353772908,-0.935331345,0,0,0,1],"scale":1.1595,"type":"fanpalm_skirt"}
{"pos":[-704.85614,-54.4376831,101.908997],"rotationMatrix":[-0.145795226,0.989314795,0,-0.989314795,-0.145795226,0,0,0,1],"scale":1.09389997,"type":"fanpalm_skirt"}
{"pos":[-559.630005,-349.136993,104.053001],"rotationMatrix":[0.693925142,0.720047176,0,-0.720047176,0.693925142,0,0,0,1],"scale":1.06260002,"type":"fanpalm_skirt"}
{"pos":[-536.086975,-477.463013,118.169998],"rotationMatrix":[0.809285164,0.587415993,0,-0.587415993,0.809285164,0,0,0,1],"scale":1.08159995,"type":"fanpalm_skirt"}
{"pos":[-654.073975,-371.574005,108.913002],"rotationMatrix":[-0.156720519,-0.987643003,0,0.987643003,-0.156720519,0,0,0,1],"scale":0.909200013,"type":"fanpalm_skirt"}
{"pos":[-764.013,-467.773987,103.324997],"rotationMatrix":[-0.65547204,-0.75521946,0,0.75521946,-0.65547204,0,0,0,1],"scale":0.921599984,"type":"fanpalm_skirt"}
{"pos":[-947.469971,-595.705017,105.627998],"rotationMatrix":[0.0516600609,-0.998664737,0,0.998664737,0.0516600609,0,0,0,1],"scale":0.761399984,"type":"fanpalm_skirt"}
{"pos":[-78.8932037,701.171997,74.5289001],"rotationMatrix":[-0.0634652376,0.997984052,0,-0.997984052,-0.0634652376,0,0,0,1],"scale":1.23640001,"type":"fanpalm_skirt"}
{"pos":[-232.998993,679.176025,74.0402985],"rotationMatrix":[-0.862064123,-0.506799221,0,0.506799221,-0.862064123,0,0,0,1],"scale":1.27209997,"type":"fanpalm_skirt"}
{"pos":[-186.820999,679.599976,74.5999985],"rotationMatrix":[-0.818705916,0.574213028,0,-0.574213028,-0.818705916,0,0,0,1],"scale":1.05120003,"type":"fanpalm_skirt"}
{"pos":[-178.804001,605.120972,74.5670013],"rotationMatrix":[-0.117811561,-0.993035972,0,0.993035972,-0.117811561,0,0,0,1],"scale":1.02020001,"type":"fanpalm_skirt"}
{"pos":[-227.061005,620.552002,74.5615005],"rotationMatrix":[-0.499219418,0.866475582,0,-0.866475582,-0.499219418,0,0,0,1],"scale":1.09000003,"type":"fanpalm_skirt"}
{"pos":[-278.977997,684.017029,74.3454971],"rotationMatrix":[0.407039523,-0.913410544,0,0.913410544,0.407039523,0,0,0,1],"scale":1.05929995,"type":"fanpalm_skirt"}
{"pos":[-252.065918,562.444092,75.2048721],"rotationMatrix":[-0.402812362,-0.915282607,0,0.915282607,-0.402812362,0,0,0,1],"scale":1.09010005,"type":"fanpalm_skirt"}
{"pos":[-446.299011,742.325989,74.5186005],"rotationMatrix":[-0.070477128,-0.997513413,0,0.997513413,-0.070477128,0,0,0,1],"scale":1.29340005,"type":"fanpalm_skirt"}
{"pos":[-479.182007,721.437012,74.4542007],"rotationMatrix":[-0.988416791,-0.151763782,0,0.151763782,-0.988416791,0,0,0,1],"scale":0.676699996,"type":"fanpalm_skirt"}
{"pos":[-176.391006,438.415985,77.6628036],"rotationMatrix":[0.731062174,0.682310879,0,-0.682310879,0.731062174,0,0,0,1],"scale":1.1681,"type":"fanpalm_skirt"}
{"pos":[-196.848007,465.282013,75.0586014],"rotationMatrix":[0.197608829,0.980280936,0,-0.980280936,0.197608829,0,0,0,1],"scale":1.12300003,"type":"fanpalm_skirt"}
{"pos":[-189.240005,427.028015,78.4139023],"rotationMatrix":[-0.974879503,-0.222732916,0,0.222732916,-0.974879503,0,0,0,1],"scale":1.03799999,"type":"fanpalm_skirt"}
{"pos":[-148.447006,299.941986,92.7212982],"rotationMatrix":[0.667235136,0.744847119,0,-0.744847119,0.667235136,0,0,0,1],"scale":1.21449995,"type":"fanpalm_skirt"}
{"pos":[-6.81820011,187.746994,125.905998],"rotationMatrix":[-0.971303701,0.237842634,0,-0.237842634,-0.971303701,0,0,0,1],"scale":1.29050004,"type":"fanpalm_skirt"}
{"pos":[-13.3752003,191.544006,125.713997],"rotationMatrix":[0.936204076,0.351456881,0,-0.351456881,0.936204076,0,0,0,1],"scale":1.00510001,"type":"fanpalm_skirt"}
{"pos":[-363.29599,391.203003,97.7878036],"rotationMatrix":[0.430989265,0.901803672,-0.0315969102,-0.901924014,0.431602955,0.0158741325,0.0279526711,0.0216564294,0.999374628],"scale":0.950399995,"type":"fanpalm_skirt"}
{"pos":[-383.171997,44.3951988,105.658997],"rotationMatrix":[0.611919522,-0.790920019,0,0.790920019,0.611919522,0,0,0,1],"scale":1.17780006,"type":"fanpalm_skirt"}
{"pos":[-563.658997,745.414001,76.4522018],"rotationMatrix":[0.0527615547,-0.998607159,0,0.998607159,0.0527615547,0,0,0,1],"scale":1.20840001,"type":"fanpalm_skirt"}
{"pos":[-621.143982,688.643982,91.9561081],"rotationMatrix":[-0.321938038,0.946760714,0,-0.946760714,-0.321938038,0,0,0,1],"scale":0.915099978,"type":"fanpalm_skirt"}
{"pos":[-667.969971,681.731995,93.0682983],"rotationMatrix":[0.938679934,0.344789773,0,-0.344789773,0.938679934,0,0,0,1],"scale":1.26680005,"type":"fanpalm_skirt"}
{"pos":[-785.726868,901.172974,74.3003006],"rotationMatrix":[-0.761564493,-0.648089111,0,0.648089111,-0.761564493,0,0,0,1],"scale":1.04750001,"type":"fanpalm_skirt"}
{"pos":[-983.245972,864.796021,74.5273972],"rotationMatrix":[0.626406312,-0.779496729,0,0.779496729,0.626406312,0,0,0,1],"scale":0.918099999,"type":"fanpalm_skirt"}
{"pos":[-896.411987,590.83197,125.740997],"rotationMatrix":[0.173873425,0.984768033,0,-0.984768033,0.173873425,0,0,0,1],"scale":1.00929999,"type":"fanpalm_skirt"}
{"pos":[-906.086975,585.260986,127.149002],"rotationMatrix":[0.852575541,0.522603989,0,-0.522603989,0.852575541,0,0,0,1],"scale":0.991299987,"type":"fanpalm_skirt"}
{"pos":[-817.840027,79.1148987,132.503967],"rotationMatrix":[-0.999599934,-0.0282837879,0,0.0282837879,-0.999599934,0,0,0,1],"scale":1.17770004,"type":"fanpalm_skirt"}
{"pos":[-1115.89001,850.448975,95.8602982],"rotationMatrix":[0.781142712,0.624352515,0,-0.624352515,0.781142712,0,0,0,1],"scale":1.17509997,"type":"fanpalm_skirt"}
{"pos":[974.086975,874.630005,129.269104],"rotationMatrix":[0.108620524,-0.994083285,0,0.994083285,0.108620524,0,0,0,1],"scale":0.987699986,"type":"fanpalm_skirt"}
{"pos":[874.955994,934.893982,123.633003],"rotationMatrix":[0.436502695,0.899702966,0,-0.899702966,0.436502695,0,0,0,1],"scale":1.21609998,"type":"fanpalm_skirt"}
{"pos":[977.20697,508.902008,149.856003],"rotationMatrix":[0.831683993,0.555249274,0,-0.555249274,0.831683993,0,0,0,1],"scale":0.918299973,"type":"fanpalm_skirt"}
{"pos":[981.054016,507.420013,150.283005],"rotationMatrix":[-0.073405385,-0.997302175,0,0.997302175,-0.073405385,0,0,0,1],"scale":0.985099971,"type":"fanpalm_skirt"}
{"pos":[567.429016,970.502014,117.247002],"rotationMatrix":[0.912303209,-0.409515381,0,0.409515381,0.912303209,0,0,0,1],"scale":1.17519999,"type":"fanpalm_skirt"}
{"pos":[950.106262,255.972107,157.94722],"rotationMatrix":[0.366962433,-0.930235744,0,0.930235744,0.366962433,0,0,0,1],"scale":0.963800013,"type":"fanpalm_skirt"}
{"pos":[106.823997,806.156982,99.2160034],"rotationMatrix":[0.960687876,0.277630687,0,-0.277630687,0.960687876,0,0,0,1],"scale":1.26929998,"type":"fanpalm_skirt"}
{"pos":[185.667007,562.77301,102.13681],"rotationMatrix":[-0.951892853,0.306431055,0,-0.306431055,-0.951892853,0,0,0,1],"scale":0.901799977,