{"pos":[-399.916992,-93.2292023,103.661003],"rotationMatrix":[-0.120803952,-0.992676377,0,0.992676377,-0.120803952,0,0,0,1],"scale":1.14129996,"type":"fanpalm_tall"}
{"pos":[-283.924011,-449.997009,119.870003],"rotationMatrix":[0.996438265,-0.08432547,0,0.08432547,0.996438265,0,0,0,1],"scale":1.24590003,"type":"fanpalm_tall"}
{"pos":[-424.657013,-344.917999,100.615997],"rotationMatrix":[0.873897552,-0.486110151,0,0.486110151,0.873897552,0,0,0,1],"scale":1.20700002,"type":"fanpalm_tall"}
{"pos":[-386.492004,-357.945007,100.837761],"rotationMatrix":[0.831568003,0.555422962,0,-0.555422962,0.831568003,0,0,0,1],"scale":1.12590003,"type":"fanpalm_tall"}
{"pos":[-479.579987,-493.785004,120.21093],"rotationMatrix":[-0.986821771,-0.161810979,0,0.161810979,-0.986821771,0,0,0,1],"scale":0.698199987,"type":"fanpalm_tall"}
{"pos":[-595.038025,-230.225998,106.318001],"rotationMatrix":[0.40289402,0.915246665,0,-0.915246665,0.40289402,0,0,0,1],"scale":1.00090003,"type":"fanpalm_tall"}
{"pos":[-731.854004,-443.571991,104.225998],"rotationMatrix":[0.947187424,-0.320680499,0,0.320680499,0.947187424,0,0,0,1],"scale":1.07749999,"type":"fanpalm_tall"}
{"pos":[-157.720001,684.685974,74.9966736],"rotationMatrix":[0.00199818611,-0.999998033,0,0.999998033,0.00199818611,0,0,0,1],"scale":1.07790005,"type":"fanpalm_tall"}
{"pos":[-217.561005,651.635986,74.2296982],"rotationMatrix":[0.706315517,0.707897186,0,-0.707897186,0.706315517,0,0,0,1],"scale":1.09609997,"type":"fanpalm_tall"}
{"pos":[-180.587006,570.320007,74.3253021],"rotationMatrix":[0.896123171,-0.443805426,0,0.443805426,0.896123171,0,0,0,1],"scale":1.25059998,"type":"fanpalm_tall"}
{"pos":[-151.815002,507.019012,74.098999],"rotationMatrix":[0.930435419,0.366455913,0,-0.366455913,0.930435419,0,0,0,1],"scale":1.22860003,"type":"fanpalm_tall"}
{"pos":[-218.417999,621.939026,74.0401993],"rotationMatrix":[-0.312847972,0.949803233,0,-0.949803233,-0.312847972,0,0,0,1],"scale":1.28890002,"type":"fanpalm_tall"}
{"pos":[-207.022903,551.178528,74.4070969],"rotationMatrix":[-0.368850589,0.929488719,0,-0.929488719,-0.368850589,0,0,0,1],"scale":1.04589999,"type":"fanpalm_tall"}
{"pos":[-368.23999,662.632996,74.2442017],"rotationMatrix":[0.699067116,0.715056062,0,-0.715056062,0.699067116,0,0,0,1],"scale":1.28330004,"type":"fanpalm_tall"}
{"pos":[-359.578003,649.367004,74.0628967],"rotationMatrix":[0.458367705,0.888762653,0,-0.888762653,0.458367705,0,0,0,1],"scale":1.24199998,"type":"fanpalm_tall"}
{"pos":[-380.595001,672.140015,74.5037003],"rotationMatrix":[-0.912185669,0.409777135,0,-0.409777135,-0.912185669,0,0,0,1],"scale":1.16489995,"type":"fanpalm_tall"}
{"pos":[-113.325996,324.052002,104.468002],"rotationMatrix":[-0.886847377,-0.462062478,0,0.462062478,-0.886847377,0,0,0,1],"scale":1.29390001,"type":"fanpalm_tall"}
{"pos":[-175.983994,454.794006,76.5252762],"rotationMatrix":[-0.996002078,-0.0893300623,0,0.0893300623,-0.996002078,0,0,0,1],"scale":1.15250003,"type":"fanpalm_tall"}
{"pos":[-86.376297,109.845001,125.795998],"rotationMatrix":[0.40921545,-0.912437797,0,0.912437797,0.40921545,0,0,0,1],"scale":1.29289997,"type":"fanpalm_tall"}
{"pos":[-112.45636,124.064285,123.760284],"rotationMatrix":[-0.999599934,-0.0282837879,0,0.0282837879,-0.999599934,0,0,0,1],"scale":1.08539999,"type":"fanpalm_tall"}
{"pos":[-294.966003,360.522003,101.309998],"rotationMatrix":[-0.230880499,-0.972982109,0,0.972982109,-0.230880499,0,0,0,1],"scale":1.03059995,"type":"fanpalm_tall"}
{"pos":[-378.546997,407.20401,97.3575974],"rotationMatrix":[0.977272868,0.211985245,0,-0.211985245,0.977272868,0,0,0,1],"scale":0.8046,"type":"fanpalm_tall"}
{"pos":[-470.55899,288.575012,97.5086975],"rotationMatrix":[0.458575964,0.888655186,0,-0.888655186,0.458575964,0,0,0,1],"scale":0.967899978,"type":"fanpalm_tall"}
{"pos":[-390.617004,281.804993,101.227997],"rotationMatrix":[0.553865433,-0.832606196,0,0.832606196,0.553865433,0,0,0,1],"scale":1.05149996,"type":"fanpalm_tall"}
{"pos":[-356.661438,67.2043991,106.093002],"rotationMatrix":[0.612095714,0.790783703,0,-0.790783703,0.612095714,0,0,0,1],"scale":1.19860005,"type":"fanpalm_tall"}
{"pos":[-492.539001,235.835007,101.502998],"rotationMatrix":[0.336448073,0.941702008,0,-0.941702008,0.336448073,0,0,0,1],"scale":1.07560003,"type":"fanpalm_tall"}
{"pos":[-489.204987,172.367996,99.8962021],"rotationMatrix":[-0.942026377,0.335538834,0,-0.335538834,-0.942026377,0,0,0,1],"scale":0.914399981,"type":"fanpalm_tall"}
{"pos":[-412.448608,120.844482,98.92659],"rotationMatrix":[0.291949987,-0.956433594,0,0.956433594,0.291949987,0,0,0,1],"scale":0.924600005,"type":"fanpalm_tall"}
{"pos":[-722.786987,890.823975,74.4386978],"rotationMatrix":[0.242565632,0.970134974,0,-0.970134974,0.242565632,0,0,0,1],"scale":1.26129997,"type":"fanpalm_tall"}
{"pos":[-716.598999,886.372986,74.5780029],"rotationMatrix":[-0.0713551044,0.997450948,0,-0.997450948,-0.0713551044,0,0,0,1],"scale":0.971099973,"type":"fanpalm_tall"}
{"pos":[-704.304993,874.737,74.4950027],"rotationMatrix":[-0.470955372,-0.882157028,0,0.882157028,-0.470955372,0,0,0,1],"scale":1.14629996,"type":"fanpalm_tall"}
{"pos":[-688.731018,867.140015,74.2138977],"rotationMatrix":[0.384837627,-0.922984302,0,0.922984302,0.384837627,0,0,0,1],"scale":0.915300012,"type":"fanpalm_tall"}
{"pos":[-489.017609,783.987061,74.4776993],"rotationMatrix":[0.190499067,0.981687367,0,-0.981687367,0.190499067,0,0,0,1],"scale":0.965600014,"type":"fanpalm_tall"}
{"pos":[-492.981873,780.821716,74.8449249],"rotationMatrix":[0.137490153,-0.990503132,0,0.990503132,0.137490153,0,0,0,1],"scale":1.15709996,"type":"fanpalm_tall"}
{"pos":[-654.979004,762.627991,74.5531006],"rotationMatrix":[-0.128602982,-0.991696179,0,0.991696179,-0.128602982,0,0,0,1],"scale":1.18599999,"type":"fanpalm_tall"}
{"pos":[-502.653015,744.517029,74.959198],"rotationMatrix":[0.867696285,0.497094721,0,-0.497094721,0.867696285,0,0,0,1],"scale":0.614300013,"type":"fanpalm_tall"}
{"pos":[-560.570007,702.200989,82.6083984],"rotationMatrix":[-0.461708069,-0.887031913,0,0.887031913,-0.461708069,0,0,0,1],"scale":0.975000024,"type":"fanpalm_tall"}
{"pos":[-527.007019,731.370972,75.5462036],"rotationMatrix":[0.229214668,0.973375916,0,-0.973375916,0.229214668,0,0,0,1],"scale":0.946399987,"type":"fanpalm_tall"}
{"pos":[-562.299988,541.445007,96.5660019],"rotationMatrix":[0.788619995,-0.61488086,0,0.61488086,0.788619995,0,0,0,1],"scale":1.00059998,"type":"fanpalm_tall"}
{"pos":[-555.405029,527.98999,98.3643265],"rotationMatrix":[-0.92040801,0.390959203,0,-0.390959203,-0.92040801,0,0,0,1],"scale":1.21130002,"type":"fanpalm_tall"}
{"pos":[-792.745239,900.997986,74.4188004],"rotationMatrix":[0.130910635,-0.991394162,0,0.991394162,0.130910635,0,0,0,1],"scale":0.954699993,"type":"fanpalm_tall"}
{"pos":[-833.31897,862.346985,74.7782974],"rotationMatrix":[0.105727553,-0.993903756,0.0312565714,0.994395137,0.105674267,-0.00335648074,3.30037874e-05,0.0314362533,0.999505758],"scale":1.03349996,"type":"fanpalm_tall"}
{"pos":[-781.612,848.80603,77.2550964],"rotationMatrix":[0.925810456,0.3779881,0,-0.3779881,0.925810456,0,0,0,1],"scale":0.886699975,"type":"fanpalm_tall"}
{"pos":[-937.026978,904.85199,74.5446014],"rotationMatrix":[-0.0972729921,-0.995257735,0,0.995257735,-0.0972729921,0,0,0,1],"scale":1.29139996,"type":"fanpalm_tall"}
{"pos":[-877.848022,900.645996,74.4300995],"rotationMatrix":[0.982887506,0.184206814,0,-0.184206814,0.982887506,0,0,0,1],"scale":1.28690004,"type":"fanpalm_tall"}
{"pos":[-871.679993,647.596985,110.878998],"rotationMatrix":[0.171815634,0.985129118,0,-0.985129118,0.171815634,0,0,0,1],"scale":0.92900002,"type":"fanpalm_tall"}
{"pos":[-873,632.28418,117.022202],"rotationMatrix":[0.85656631,-0.516036987,0,0.516036987,0.85656631,0,0,0,1],"scale":1.17680001,"type":"fanpalm_tall"}
{"pos":[-907.59668,642.717163,112.125999],"rotationMatrix":[-0.457607269,-0.889154434,0,0.889154434,-0.457607269,0,0,0,1],"scale":1.1286,"type":"fanpalm_tall"}
{"pos":[-906.502014,632.046997,115.956001],