{"pos":[-418.02774,176.637466,101.604416],"rotationMatrix":[-0.961306989,0.275304019,0.0097894147,-0.275318384,-0.961352706,-0.000133847832,0.00937423576,-0.00282387738,0.999951601],"scale":1,"type":"featherflag_bruckell"}
{"pos":[-146.364822,-107.866165,120.796211],"rotationMatrix":[0.634863019,-0.772624552,0,0.772624552,0.634863019,0,0,0,1],"scale":1,"type":"featherflag_bruckell"}
{"pos":[-113.904305,-84.9657974,120.816864],"rotationMatrix":[0.744178891,-0.667980373,0,0.667980373,0.744178891,0,0,0,1],"scale":1,"type":"featherflag_bruckell"}
{"pos":[-101.8106,-102.548172,120.733673],"rotationMatrix":[-0.500755847,0.865588605,0,-0.865588605,-0.500755847,0,0,0,1],"scale":1,"type":"featherflag_bruckell"}
{"pos":[-134.135574,-124.92897,120.775948],"rotationMatrix":[-0.577539027,0.816363037,0,-0.816363037,-0.577539027,0,0,0,1],"scale":1,"type":"featherflag_bruckell"}
