{"pos":[-488.199005,-464.674011,111.691002],"rotationMatrix":[0.293852687,-0.95585072,0,0.95585072,0.293852687,0,0,0,1],"scale":2.81329989,"type":"grassclump_large"}
{"pos":[-38.3769989,-726.166992,132.882004],"rotationMatrix":[0.285031319,0.958518207,0,-0.958518207,0.285031319,0,0,0,1],"scale":2.47340012,"type":"grassclump_large"}
{"pos":[-36.042099,-726.572021,133.231003],"rotationMatrix":[-0.337266684,-0.941409171,0,0.941409171,-0.337266684,0,0,0,1],"scale":2.45020008,"type":"grassclump_large"}
{"pos":[-100.822998,-649.429993,132.417007],"rotationMatrix":[-0.990810513,-0.135257259,0,0.135257259,-0.990810513,0,0,0,1],"scale":2.98280001,"type":"grassclump_large"}
{"pos":[-101.308998,-647.231995,132.229004],"rotationMatrix":[0.703857899,-0.710340798,0,0.710340798,0.703857899,0,0,0,1],"scale":2.37159991,"type":"grassclump_large"}
{"pos":[-16.2887001,452.949005,101.676003],"rotationMatrix":[0.0672950745,-0.997733116,0,0.997733116,0.0672950745,0,0,0,1],"scale":2.12150002,"type":"grassclump_large"}
{"pos":[-23.6382008,450.434998,101.689003],"rotationMatrix":[0.387053967,0.922057092,0,-0.922057092,0.387053967,0,0,0,1],"scale":2.42409992,"type":"grassclump_large"}
{"pos":[-9.6111002,458.118011,101.665001],"rotationMatrix":[-0.750320554,0.661074162,0,-0.661074162,-0.750320554,0,0,0,1],"scale":2.09010005,"type":"grassclump_large"}
{"pos":[-6.69920015,460.475006,101.670998],"rotationMatrix":[0.944021463,-0.329884022,0,0.329884022,0.944021463,0,0,0,1],"scale":2.02539992,"type":"grassclump_large"}
{"pos":[-23.1823006,453.707001,101.689003],"rotationMatrix":[0.625887513,0.779913366,0,-0.779913366,0.625887513,0,0,0,1],"scale":2.12150002,"type":"grassclump_large"}
{"pos":[-328.795013,466.320007,87.5485992],"rotationMatrix":[0.585950017,-0.810347199,0,0.810347199,0.585950017,0,0,0,1],"scale":2.96659994,"type":"grassclump_large"}
{"pos":[-321.855011,471.132996,87.5485992],"rotationMatrix":[-0.117811561,0.993035972,0,-0.993035972,-0.117811561,0,0,0,1],"scale":2.57019997,"type":"grassclump_large"}
{"pos":[-908.187988,451.235992,153.912003],"rotationMatrix":[-0.0795682669,0.996829391,0,-0.996829391,-0.0795682669,0,0,0,1],"scale":2.04270005,"type":"grassclump_large"}
{"pos":[899.226013,-236.423004,151.205994],"rotationMatrix":[0.974099159,0.226121262,0,-0.226121262,0.974099159,0,0,0,1],"scale":2.20910001,"type":"grassclump_large"}
{"pos":[920.916016,-222.052994,149.397995],"rotationMatrix":[0.711047888,0.703143597,0,-0.703143597,0.711047888,0,0,0,1],"scale":2.18580008,"type":"grassclump_large"}
{"pos":[920.815979,-240.925003,148.261002],"rotationMatrix":[0.992011547,-0.126147091,0,0.126147091,0.992011547,0,0,0,1],"scale":2.07550001,"type":"grassclump_large"}
{"pos":[908.221985,-250.253006,150.035004],"rotationMatrix":[0.976325035,-0.216308638,0,0.216308638,0.976325035,0,0,0,1],"scale":2.99460006,"type":"grassclump_large"}
{"pos":[846.901001,-663.158997,172.412003],"rotationMatrix":[-0.580286384,0.814412475,0,-0.814412475,-0.580286384,0,0,0,1],"scale":2.15840006,"type":"grassclump_large"}
{"pos":[852.432983,-661.783997,172.751999],"rotationMatrix":[-0.833612442,0.552349806,0,-0.552349806,-0.833612442,0,0,0,1],"scale":2.51670003,"type":"grassclump_large"}
{"pos":[854.721985,-664.495972,172.311005],"rotationMatrix":[-0.957429051,0.288668692,0,-0.288668692,-0.957429051,0,0,0,1],"scale":2.50370002,"type":"grassclump_large"}
{"pos":[852.276001,-671.77002,171.216003],"rotationMatrix":[-0.213681936,0.97690326,0,-0.97690326,-0.213681936,0,0,0,1],"scale":2.20889997,"type":"grassclump_large"}
{"pos":[849.862976,-673.799988,170.792007],"rotationMatrix":[0.190499067,0.981687367,0,-0.981687367,0.190499067,0,0,0,1],"scale":2.07139993,"type":"grassclump_large"}
{"pos":[845.354004,-667.937988,171.251007],"rotationMatrix":[-0.107369542,0.994219184,0,-0.994219184,-0.107369542,0,0,0,1],"scale":2.34940004,"type":"grassclump_large"}
{"pos":[840.799011,-658.106995,172.016998],"rotationMatrix":[-0.921976209,-0.387246519,0,0.387246519,-0.921976209,0,0,0,1],"scale":2.72119999,"type":"grassclump_large"}
{"pos":[490.803009,-379.628998,150.781006],"rotationMatrix":[0.771376848,0.636378646,0,-0.636378646,0.771376848,0,0,0,1],"scale":2.11739993,"type":"grassclump_large"}
{"pos":[951.291016,463.44101,146.085007],"rotationMatrix":[0.606615543,-0.794995308,0,0.794995308,0.606615543,0,0,0,1],"scale":2.80270004,"type":"grassclump_large"}
{"pos":[959.632996,443.782013,147.973999],"rotationMatrix":[0.633803129,0.773494422,0,-0.773494422,0.633803129,0,0,0,1],"scale":2.06949997,"type":"grassclump_large"}
{"pos":[963.895996,443.759003,150.449005],"rotationMatrix":[-0.936118484,0.351684779,0,-0.351684779,-0.936118484,0,0,0,1],"scale":2.62700009,"type":"grassclump_large"}
