{"pos":[-225.415573,-730.56189,133.562363],"rotationMatrix":[0.617537498,-0.786541462,0,0.786541462,0.617537498,0,0,0,1],"scale":1,"type":"house4"}
{"pos":[-208.000626,-783.533997,138.5354],"rotationMatrix":[-0.611730576,-0.79106617,0,0.79106617,-0.611730576,0,0,0,1],"scale":1,"type":"house4"}
{"pos":[-266.407166,-694.796875,130.397552],"rotationMatrix":[0.990293801,-0.138988808,0,0.138988808,0.990293801,0,0,0,0.999999762],"scale":1,"type":"house4"}
{"pos":[-316.963104,-674.250671,128.980377],"rotationMatrix":[0.697750568,-0.716340542,0,0.716340542,0.697750568,0,0,0,0.999999762],"scale":1,"type":"house4"}
{"pos":[-352.463837,-633.156982,130.414078],"rotationMatrix":[0.731502056,-0.681839228,0,0.681839228,0.731502056,0,0,0,1],"scale":1,"type":"house4"}
{"pos":[-424.185974,-552.751526,129.103516],"rotationMatrix":[0.385039479,-0.922899783,0,0.922899783,0.385039479,0,0,0,0.999999642],"scale":1,"type":"house4"}
{"pos":[-390.054382,-600.431458,131.245636],"rotationMatrix":[0.714080811,-0.700063288,0,0.700063288,0.714080811,0,0,0,1],"scale":1,"type":"house4"}
{"pos":[-468.682526,-527.935059,126.224579],"rotationMatrix":[0.999694049,0.0247250795,0,-0.0247250795,0.999694049,0,0,0,0.999999642],"scale":1,"type":"house4"}
{"pos":[-260.304413,-801.705566,141.845169],"rotationMatrix":[-0.844203949,0.536021769,0,-0.536021769,-0.844203949,0,0,0,0.999999642],"scale":1,"type":"house4"}
{"pos":[-553.569763,-470.073212,119.977196],"rotationMatrix":[0.991911769,-0.126926735,0,0.126926735,0.991911769,0,0,0,0.999999642],"scale":1,"type":"house4"}
{"pos":[-627.29718,-466.464386,116.816765],"rotationMatrix":[0.999996662,-0.00258373935,0,0.00258373935,0.999996662,0,0,0,1],"scale":1,"type":"house4"}
{"pos":[-682.736084,-466.598541,109.853493],"rotationMatrix":[0.98865205,0.150222436,0,-0.150222436,0.98865205,0,0,0,0.999999762],"scale":1,"type":"house4"}
{"pos":[-731.903992,-487.322266,104.310051],"rotationMatrix":[0.742899776,0.669402242,0,-0.669402242,0.742899776,0,0,0,0.999999642],"scale":1,"type":"house4"}
{"pos":[-517.680542,-514.54303,124.419647],"rotationMatrix":[0.716926992,-0.697147608,0,0.697147608,0.716926992,0,0,0,0.999999404],"scale":1,"type":"house4"}
{"pos":[-1052.89001,864.104004,78.8722],"rotationMatrix":[1,0,0,0,1,0,0,0,1],"scale":1,"type":"house4"}
