{"pos":[-440.685059,-483.890991,122.941353],"rotationMatrix":[0.983821929,-0.179146841,0,0.179146841,0.983821929,0,0,0,0.999999523],"scale":1,"type":"house1"}
{"pos":[-487.299164,-481.146362,121.497429],"rotationMatrix":[0.90820235,-0.418530703,0,0.418530703,0.90820235,0,0,0,0.999999523],"scale":1,"type":"house1"}
{"pos":[-220.493927,-852.136047,137.329834],"rotationMatrix":[-0.95901227,-0.283364534,0,0.283364534,-0.95901227,0,0,0,1],"scale":1,"type":"house1"}
{"pos":[-175.5103,-814.894226,134.966064],"rotationMatrix":[-0.66057086,-0.750763714,0,0.750763714,-0.66057086,0,0,0,1],"scale":1,"type":"house1"}
{"pos":[-155.958725,-769.561279,132.246704],"rotationMatrix":[-0.0577289425,-0.998332202,0,0.998332202,-0.0577289425,0,0,0,0.999999762],"scale":1,"type":"house1"}
{"pos":[-311.500488,-609.140991,125.451218],"rotationMatrix":[0.734719515,-0.678370833,0,0.678370833,0.734719515,0,0,0,0.999999762],"scale":1,"type":"house1"}
{"pos":[-346.657562,-578.818604,127.326721],"rotationMatrix":[0.728710175,-0.684822202,0,0.684822202,0.728710175,0,0,0,1],"scale":1,"type":"house1"}
{"pos":[-284.807739,-644.827332,124.145081],"rotationMatrix":[0.547141075,-0.837039948,0,0.837039948,0.547141075,0,0,0,0.999999642],"scale":1,"type":"house1"}
{"pos":[-376.818756,-546.497925,126.416313],"rotationMatrix":[0.529356003,-0.848399818,0,0.848399818,0.529356003,0,0,0,1],"scale":1,"type":"house1"}
{"pos":[-400.287598,-503.95697,123.599319],"rotationMatrix":[0.64753592,-0.762034953,0,0.762034953,0.64753592,0,0,0,1],"scale":1,"type":"house1"}
{"pos":[-301.628204,-825.401245,137.365891],"rotationMatrix":[-0.790345013,0.612660944,0,-0.612660944,-0.790345013,0,0,0,0.999999285],"scale":1,"type":"house1"}
{"pos":[-263.778046,-849.194824,137.518265],"rotationMatrix":[-0.915831208,0.401563048,0,-0.401563048,-0.915831208,0,0,0,0.999999762],"scale":1,"type":"house1"}
{"pos":[-514.525269,-441.207947,117.830048],"rotationMatrix":[0.730888903,-0.682496071,0,0.682496071,0.730888903,0,0,0,0.999999762],"scale":1,"type":"house1"}
{"pos":[-563.851929,-425.04364,115.299988],"rotationMatrix":[0.999753594,-0.0221979842,0,0.0221979842,0.999753594,0,0,0,1],"scale":1,"type":"house1"}
{"pos":[-611.597351,-423.959808,112.93644],"rotationMatrix":[0.999541342,-0.0302744936,0,0.0302744936,0.999541342,0,0,0,0.999999642],"scale":1,"type":"house1"}
{"pos":[-661.770569,-423.232208,108.8993],"rotationMatrix":[0.999781191,-0.0209033135,0,0.0209033135,0.999781191,0,0,0,0.999999642],"scale":1,"type":"house1"}
{"pos":[-663.066589,-509.261597,112.938232],"rotationMatrix":[0.975783169,0.218737304,0,-0.218737304,0.975783169,0,0,0,0.999999523],"scale":1,"type":"house1"}
{"pos":[-703.501892,-529.716309,108.874199],"rotationMatrix":[0.819902658,0.572502792,0,-0.572502792,0.819902658,0,0,0,0.999999881],"scale":1,"type":"house1"}
{"pos":[-1102.91003,933.700989,82.4604034],"rotationMatrix":[-0.0261714458,-0.999657452,0,0.999657452,-0.0261714458,0,0,0,1],"scale":1,"type":"house1"}
{"pos":[-136.511124,-839.064209,131.932648],"rotationMatrix":[0.752699316,-0.658364415,0,0.658364415,0.752699316,0,0,0,0.999999642],"scale":1,"type":"house1"}
