{"pos":[-419.294037,-490.930603,123.112808],"rotationMatrix":[0.922903955,-0.385029137,0,0.385029137,0.922903955,0,0,0,0.999999642],"scale":1,"type":"house2"}
{"pos":[-464.032104,-482.80838,122.436928],"rotationMatrix":[0.998389423,0.0567271374,0,-0.0567271374,0.998389423,0,0,0,0.999999642],"scale":1,"type":"house2"}
{"pos":[-242.847092,-854.595581,137.41301],"rotationMatrix":[-0.996987164,0.0775660351,0,-0.0775660351,-0.996987164,0,0,0,0.999999881],"scale":1,"type":"house2"}
{"pos":[-201.441284,-840.30658,136.421371],"rotationMatrix":[-0.723516524,-0.690306723,0,0.690306723,-0.723516524,0,0,0,0.999999762],"scale":1,"type":"house2"}
{"pos":[-160.789322,-795.569031,133.044449],"rotationMatrix":[-0.442228645,-0.896901667,0,0.896901667,-0.442228645,0,0,0,0.999999404],"scale":1,"type":"house2"}
{"pos":[-328.708801,-594.957947,126.82888],"rotationMatrix":[0.735991061,-0.676990926,0,0.676990926,0.735991061,0,0,0,0.999999642],"scale":1,"type":"house2"}
{"pos":[-363.180786,-563.872253,127.32785],"rotationMatrix":[0.716392219,-0.697697222,0,0.697697222,0.716392219,0,0,0,0.999999404],"scale":1,"type":"house2"}
{"pos":[-266.99527,-651.614014,125.633842],"rotationMatrix":[0.999870002,0.0161173213,0,-0.0161173213,0.999870002,0,0,0,0.999999881],"scale":1,"type":"house2"}
{"pos":[-293.725433,-627.078369,124.712601],"rotationMatrix":[0.593376994,-0.804924309,0,0.804924309,0.593376994,0,0,0,0.999999642],"scale":1,"type":"house2"}
{"pos":[-385.431305,-525.912415,123.974899],"rotationMatrix":[0.45450598,-0.890743494,0,0.890743494,0.45450598,0,0,0,0.999999642],"scale":1,"type":"house2"}
{"pos":[-282.572083,-839.96405,137.45842],"rotationMatrix":[-0.858867168,0.512198091,0,-0.512198091,-0.858867168,0,0,0,0.999999762],"scale":1,"type":"house2"}
{"pos":[-538.207703,-427.920502,116.404152],"rotationMatrix":[0.967792749,-0.251748264,0,0.251748264,0.967792749,0,0,0,1],"scale":1,"type":"house2"}
{"pos":[-497.676208,-463.073273,118.215828],"rotationMatrix":[0.47392863,-0.88056314,0,0.88056314,0.47392863,0,0,0,0.999999762],"scale":1,"type":"house2"}
{"pos":[-587.983032,-424.769958,114.071594],"rotationMatrix":[0.999816239,-0.0191638246,0,0.0191638246,0.999816239,0,0,0,0.999999881],"scale":1,"type":"house2"}
{"pos":[-635.287659,-423.516388,110.523804],"rotationMatrix":[0.999819398,-0.0189860463,0,0.0189860463,0.999819398,0,0,0,0.999999642],"scale":1,"type":"house2"}
{"pos":[-636.869751,-504.316193,114.093521],"rotationMatrix":[0.997306228,0.0733504444,0,-0.0733504444,0.997306228,0,0,0,1],"scale":1,"type":"house2"}
{"pos":[-684.123352,-518.249756,110.468475],"rotationMatrix":[0.894475818,0.447116315,0,-0.447116315,0.894475818,0,0,0,1],"scale":1,"type":"house2"}
{"pos":[-720.198242,-542.977356,106.030037],"rotationMatrix":[0.734716654,0.678374112,0,-0.678374112,0.734716654,0,0,0,1],"scale":1,"type":"house2"}
{"pos":[-1131.21997,997.861023,86.2770996],"rotationMatrix":[0.14613688,-0.989264369,0,0.989264369,0.14613688,0,0,0,1],"scale":1,"type":"house2"}
{"pos":[-155.687164,-822.911926,133.615601],"rotationMatrix":[0.752340496,-0.658773899,0,0.658773899,0.752340496,0,0,0,1],"scale":1,"type":"house2"}
{"pos":[-170.199692,-876.171082,132.570892],"rotationMatrix":[-0.753959537,0.656920671,0,-0.656920671,-0.753959537,0,0,0,0.999999523],"scale":1,"type":"house2"}
