{"pos":[-211.941696,-747.027527,134.037109],"rotationMatrix":[0.613412499,-0.789762199,0,0.789762199,0.613412499,0,0,0,0.999999285],"scale":1,"type":"house3"}
{"pos":[-242.933914,-711.131104,132.127319],"rotationMatrix":[0.650373876,-0.759613812,0,0.759613812,0.650373876,0,0,0,0.999999523],"scale":1,"type":"house3"}
{"pos":[-227.966034,-805.844055,140.644943],"rotationMatrix":[-0.869945884,-0.493146956,0,0.493146956,-0.869945884,0,0,0,0.999999881],"scale":1,"type":"house3"}
{"pos":[-369.875244,-616.007385,130.941879],"rotationMatrix":[0.765250444,-0.643732667,0,0.643732667,0.765250444,0,0,0,1],"scale":1,"type":"house3"}
{"pos":[-291.664642,-692.114624,129.897415],"rotationMatrix":[0.992674112,-0.12081524,0,0.12081524,0.992674112,0,0,0,0.999998927],"scale":1,"type":"house3"}
{"pos":[-331.93692,-652.253113,128.587799],"rotationMatrix":[0.693142176,-0.720800877,0,0.720800877,0.693142176,0,0,0,1],"scale":1,"type":"house3"}
{"pos":[-408.515045,-577.705933,130.739502],"rotationMatrix":[0.616699815,-0.787198305,0,0.787198305,0.616699815,0,0,0,0.999999881],"scale":1,"type":"house3"}
{"pos":[-442.680237,-529.377808,126.726685],"rotationMatrix":[0.925445378,-0.37888068,0,0.37888068,0.925445378,0,0,0,0.999999762],"scale":1,"type":"house3"}
{"pos":[-495.49408,-526.172729,125.053513],"rotationMatrix":[0.979658186,-0.200672314,0,0.200672314,0.979658186,0,0,0,0.999999642],"scale":1,"type":"house3"}
{"pos":[-282.272278,-786.853271,141.181076],"rotationMatrix":[-0.782993257,0.622029901,0,-0.622029901,-0.782993257,0,0,0,0.999999762],"scale":1,"type":"house3"}
{"pos":[-532.659119,-494.002625,122.800735],"rotationMatrix":[0.513010621,-0.858381748,0,0.858381748,0.513010621,0,0,0,0.999999404],"scale":1,"type":"house3"}
{"pos":[-582.965027,-467.655701,118.499626],"rotationMatrix":[0.99999994,0,0,0,0.99999994,0,0,0,0.999999881],"scale":1,"type":"house3"}
{"pos":[-656.442444,-465.552277,113.816521],"rotationMatrix":[0.999378681,-0.0352388248,0,0.0352388248,0.999378681,0,0,0,0.999999642],"scale":1,"type":"house3"}
{"pos":[-709.505493,-471.946655,105.845177],"rotationMatrix":[0.904129684,0.42725724,0,-0.42725724,0.904129684,0,0,0,0.999999642],"scale":1,"type":"house3"}
{"pos":[-754.685242,-506.529602,104.138191],"rotationMatrix":[0.739539444,0.673113048,0,-0.673113048,0.739539444,0,0,0,0.999999881],"scale":1,"type":"house3"}
{"pos":[-1072.12,878.757019,78.688797],"rotationMatrix":[0.757374287,-0.652980983,0,0.652980983,0.757374287,0,0,0,1],"scale":1,"type":"house3"}
{"pos":[-185.0793,-855.338074,137.357208],"rotationMatrix":[0.756041169,-0.654524446,0,0.654524446,0.756041169,0,0,0,0.999999881],"scale":1,"type":"house3"}
{"pos":[-114.849098,-893.964661,135.461914],"rotationMatrix":[0.658094764,0.752934992,0,-0.752934992,0.658094764,0,0,0,0.999999523],"scale":1,"type":"house3"}
