{"pos":[-815.950012,-408.419006,101.728996],"rotationMatrix":[0.721294284,0.692628741,0,-0.692628741,0.721294284,0,0,0,1],"scale":1,"type":"industrial_watertower"}
{"pos":[-47.5767365,110.729553,126.731781],"rotationMatrix":[0.697669148,0.716420114,0,-0.716420114,0.697669148,0,0,0,1],"scale":1,"type":"industrial_watertower"}
{"pos":[-639.060974,109.286003,102.130997],"rotationMatrix":[0.716495514,-0.697591722,0,0.697591722,0.716495514,0,0,0,1],"scale":1,"type":"industrial_watertower"}
{"pos":[904.039246,-576.69812,164.881241],"rotationMatrix":[0.999975145,-0.0070271045,0,0.0070271045,0.999975145,0,0,0,0.999999881],"scale":1,"type":"industrial_watertower"}
