{"pos":[-169.348007,-402.287994,123.209999],"rotationMatrix":[-0.498872995,-0.866675079,0,0.866675079,-0.498872995,0,0,0,1],"scale":1,"type":"marshaltower"}
{"pos":[-37.6060982,0.749000013,119.382004],"rotationMatrix":[0.806060076,0.591833711,0,-0.591833711,0.806060076,0,0,0,1],"scale":1,"type":"marshaltower"}
{"pos":[708.340027,-137.966995,146.76532],"rotationMatrix":[0.757234812,0.65314275,0,-0.65314275,0.757234812,0,0,0,1],"scale":1,"type":"marshaltower"}
{"pos":[97.9335022,-423.644989,137.257004],"rotationMatrix":[0.965415478,-0.26071623,0,0.26071623,0.965415478,0,0,0,1],"scale":1,"type":"marshaltower"}
{"pos":[624.513977,596.148987,121.824997],"rotationMatrix":[-0.649654627,-0.760229468,0,0.760229468,-0.649654627,0,0,0,1],"scale":1,"type":"marshaltower"}
{"pos":[658.468018,157.957993,148.216995],"rotationMatrix":[0.578638077,-0.815584421,0,0.815584421,0.578638077,0,0,0,1],"scale":1,"type":"marshaltower"}
