{"pos":[874.771301,-276.018311,155.509827],"rotationMatrix":[-0.51755631,0.855649173,0,-0.855649173,-0.51755631,0,0,0,1],"scale":1,"type":"pole_light_bridge"}
{"pos":[913.510193,-244.35936,157.759735],"rotationMatrix":[-0.727892995,0.68569088,0,-0.68569088,-0.727892995,0,0,0,1],"scale":1,"type":"pole_light_bridge"}
{"pos":[943.586914,-204.161255,158.205444],"rotationMatrix":[-0.818752289,0.574147165,0,-0.574147165,-0.818752289,0,0,0,1],"scale":1,"type":"pole_light_bridge"}
{"pos":[965.303223,-159.095078,156.320618],"rotationMatrix":[-0.92953825,0.368725866,0,-0.368725866,-0.92953825,0,0,0,1],"scale":1,"type":"pole_light_bridge"}
{"pos":[978.545227,-110.763161,151.581375],"rotationMatrix":[-0.980707645,0.195480481,0,-0.195480481,-0.980707645,0,0,0,1],"scale":1,"type":"pole_light_bridge"}
{"pos":[-504.327118,-182.058151,107.443474],"rotationMatrix":[-0.730113149,0.683326364,0,-0.683326364,-0.730113149,0,0,0,1],"scale":1,"type":"pole_light_bridge"}
{"pos":[-470.446503,-144.979919,107.797272],"rotationMatrix":[-0.734741688,0.678347111,0,-0.678347111,-0.734741688,0,0,0,1],"scale":1,"type":"pole_light_bridge"}
{"pos":[-500.799042,-142.246048,107.797272],"rotationMatrix":[0.734741569,-0.678347111,0,0.678347111,0.734741569,0,0,0,1],"scale":1,"type":"pole_light_bridge"}
{"pos":[-466.263885,-105.780441,108.353035],"rotationMatrix":[0.730113029,-0.683326423,0,0.683326423,0.730113029,0,0,0,1],"scale":1,"type":"pole_light_bridge"}
{"pos":[-452.748627,-76.4875107,108.788788],"rotationMatrix":[-0.698234081,0.715869427,0,-0.715869427,-0.698234081,0,0,0,1],"scale":1,"type":"pole_light_bridge"}
{"pos":[-487.435577,-112.746101,108.245247],"rotationMatrix":[-0.698234081,0.715869427,0,-0.715869427,-0.698234081,0,0,0,1],"scale":1,"type":"pole_light_bridge"}
{"pos":[-484.853821,-77.2958145,108.375145],"rotationMatrix":[0.698233902,-0.715869665,0,0.715869665,0.698233902,0,0,0,1],"scale":1,"type":"pole_light_bridge"}
{"pos":[-450.227692,-41.1019783,109.141991],"rotationMatrix":[0.698233902,-0.715869665,0,0.715869665,0.698233902,0,0,0,1],"scale":1,"type":"pole_light_bridge"}
{"pos":[-616.388489,-333.757324,114.347214],"rotationMatrix":[-0.635823488,0.771834612,0,-0.771834612,-0.635823488,0,0,0,1],"scale":1,"type":"pole_light_bridge"}
{"pos":[-578.95636,-300.046265,116.780304],"rotationMatrix":[-0.635823488,0.771834612,0,-0.771834612,-0.635823488,0,0,0,1],"scale":1,"type":"pole_light_bridge"}
{"pos":[-541.730957,-265.641815,119.171982],"rotationMatrix":[-0.635823488,0.771834612,0,-0.771834612,-0.635823488,0,0,0,1],"scale":1,"type":"pole_light_bridge"}
{"pos":[-506.17511,-230.682175,121.557175],"rotationMatrix":[-0.671945691,0.740600288,0,-0.740600288,-0.671945691,0,0,0,1],"scale":1,"type":"pole_light_bridge"}
{"pos":[-472.521881,-193.372467,123.767609],"rotationMatrix":[-0.757841349,0.652438879,0,-0.652438879,-0.757841349,0,0,0,1],"scale":1,"type":"pole_light_bridge"}
{"pos":[-443.28476,-152.410217,125.371567],"rotationMatrix":[-0.836526513,0.547926486,0,-0.547926486,-0.836526513,0,0,0,1],"scale":1,"type":"pole_light_bridge"}
{"pos":[-421.249146,-107.192429,126.34832],"rotationMatrix":[-0.930731297,0.365703553,0,-0.365703553,-0.930731297,0,0,0,1],"scale":1,"type":"pole_light_bridge"}
{"pos":[-407.566315,-58.5129242,126.426842],"rotationMatrix":[-0.979177833,0.203003958,0,-0.203003958,-0.979177833,0,0,0,1],"scale":1,"type":"pole_light_bridge"}
{"pos":[-400.399017,-8.77545547,125.824013],"rotationMatrix":[-0.994183064,0.107704587,0,-0.107704587,-0.994183064,0,0,0,1],"scale":1,"type":"pole_light_bridge"}
{"pos":[-396.733368,41.4526939,123.694611],"rotationMatrix":[-0.997514248,0.0704657137,0,-0.0704657137,-0.997514248,0,0,0,1],"scale":1,"type":"pole_light_bridge"}
{"pos":[-392.693665,92.088028,120.136024],"rotationMatrix":[-0.995035172,0.0995234251,0,-0.0995234251,-0.995035172,0,0,0,1],"scale":1,"type":"pole_light_bridge"}
{"pos":[-385.724548,142.155563,115.952263],"rotationMatrix":[-0.984941363,0.172889158,0,-0.172889158,-0.984941363,0,0,0,1],"scale":1,"type":"pole_light_bridge"}
{"pos":[-372.965637,190.664673,111.263824],"rotationMatrix":[-0.932284236,0.361726403,0,-0.361726403,-0.932284236,0,0,0,1],"scale":1,"type":"pole_light_bridge"}
{"pos":[-349.303375,235.125107,106.711716],"rotationMatrix":[-0.783457875,0.621444821,0,-0.621444821,-0.783457875,0,0,0,1],"scale":1,"type":"pole_light_bridge"}
{"pos":[-319.12207,275.433624,103.94976],"rotationMatrix":[-0.708551526,0.705658972,0,-0.705658972,-0.708551526,0,0,0,1],"scale":1,"type":"pole_light_bridge"}
{"pos":[-281.651001,309.107849,102.406166],"rotationMatrix":[-0.518564343,0.855038583,0,-0.855038583,-0.518564343,0,0,0,1],"scale":1,"type":"pole_light_bridge"}
{"pos":[-343.60321,103.245735,113.535919],"rotationMatrix":[0.64035821,-0.76807636,0,0.76807636,0.64035821,0,0,0,1],"scale":1,"type":"pole_light_bridge"}
{"pos":[-445.406403,11.3342791,116.210281],"rotationMatrix":[0.727970719,-0.685608268,0,0.685608268,0.727970719,0,0,0,1],"scale":1,"type":"pole_light_bridge"}
{"pos":[-477.493195,-27.1951294,116.621468],"rotationMatrix":[0.793549538,-0.608505666,0,0.608505666,0.793549538,0,0,0,1],"scale":1,"type":"pole_light_bridge"}
{"pos":[-504.966064,-68.6086807,116.621468],"rotationMatrix":[0.858068287,-0.513535619,0,0.513535619,0.858068287,0,0,0,1],"scale":1,"type":"pole_light_bridge"}
{"pos":[-526.944458,-113.590408,116.227829],"rotationMatrix":[0.923976839,-0.382448465,0,0.382448465,0.923976839,0,0,0,1],"scale":1,"type":"pole_light_bridge"}
{"pos":[-541.784851,-161.620575,115.339088],"rotationMatrix":[0.977509558,-0.210891053,0,0.210891053,0.977509558,0,0,0,1],"scale":1,"type":"pole_light_bridge"}
{"pos":[-547.974792,-211.266663,114.005974],"rotationMatrix":[0.99909842,-0.0424545035,0,0.0424545035,0.99909842,0,0,0,1],"scale":1,"type":"pole_light_bridge"}
{"pos":[-531.742554,-304.598907,109.799171],"rotationMatrix":[0.955299318,0.29564032,0,-0.29564032,0.955299318,0,0,0,1],"scale":1,"type":"pole_light_bridge"}
{"pos":[553.178711,-941.819702,152.806503],"rotationMatrix":[0.94220674,0.335032016,0,-0.335032016,0.94220674,0,0,0,1],"scale":1,"type":"pole_light_bridge"}
{"pos":[471.668091,-401.433655,151.196152],"rotationMatrix":[0.999336064,0.0364334099,0,-0.0364334099,0.999336064,0,0,0,1],"scale":1,"type":"pole_light_bridge"}
{"pos":[-180.575531,165.717026,121.457283],"rotationMatrix":[0.722553611,0.691314876,0,-0.691314876,0.722553611,0,0,0,1],"scale":1,"type":"pole_light_bridge"}
{"pos":[-216.884262,201.403931,120.635269],"rotationMatrix":[0.722553611,0.691314876,0,-0.691314876,0.722553611,0,0,0,1],"scale":1,"type":"pole_light_bridge"}
{"pos":[-255.095322,234.208496,117.376144],"rotationMatrix":[0.469223022,0.883079648,0,-0.883079648,0.469223022,0,0,0,1],"scale":1,"type":"pole_light_bridge"}
{"pos":[-304.854431,243.041534,111.627792],"rotationMatrix":[-0.320654392,0.947196305,0,-0.947196305,-0.320654392,0,0,0,1],"scale":1,"type":"pole_light_bridge"}
{"pos":[-341.80603,209.337463,105.580109],"rotationMatrix":[-0.8323071,0.554314911,0,-0.554314911,-0.8323071,0,0,0,1],"scale":1,"type":"pole_light_bridge"}
{"pos":[109.73793,568.754089,103.726906],"rotationMatrix":[0.806512058,-0.591217697,0,0.591217697,0.806512058,0,0,0,1],"scale":1,"type":"pole_light_bridge"}
{"pos":[140.83345,608.434998,106.798027],"rotationMatrix":[0.65300405,-0.757354438,0,0.757354438,0.65300405,0,0,0,1],"scale":1,"type":"pole_light_bridge"}
{"pos":[184.293594,633.31958,109.17131],"rotationMatrix":[0.13759321,-0.990488827,0,0.990488827,0.13759321,0,0,0,1],"scale":1,"type":"pole_light_bridge"}
{"pos":[201.451538,652.094116,106.985947],"rotationMatrix":[0.866122365,0.499831975,0,-0.499831975,0.866122365,0,0,0,1],"scale":1,"type":"pole_light_bridge"}
{"pos":[-1029.13904,-499.725616,100.408684],"rotationMatrix":[0.616762578,-0.787149191,0,0.787149191,0.616762578,0,0,0,1],"scale":1,"type":"pole_light_bridge"}
{"pos":[-1072.6283,-532.820862,104.048126],"rotationMatrix":[0.615139365,-0.788418353,0,0.788418353,0.615139365,0,0,0,1],"scale":1,