{"pos":[-62.1511574,-171.38559,125.824646],"rotationMatrix":[0.978304446,-0.207172513,0,0.207172513,0.978304446,0,0,0,1],"scale":1,"type":"pole_lighting2"}
{"pos":[34.9422264,-144.425995,126.79641],"rotationMatrix":[0.419857025,-0.90759027,0,0.90759027,0.419857025,0,0,0,1],"scale":1,"type":"pole_lighting2"}
{"pos":[60.3129196,-199.190506,124.655769],"rotationMatrix":[-0.503188968,0.864176393,0,-0.864176393,-0.503188968,0,0,0,1],"scale":1,"type":"pole_lighting2"}
{"pos":[-21.8173752,-710.101807,133.932022],"rotationMatrix":[0.0550984144,0.998480916,0,-0.998480916,0.0550984144,0,0,0,1],"scale":1,"type":"pole_lighting2"}
{"pos":[-136.345779,-380.684082,124.346291],"rotationMatrix":[0.624176979,-0.781283021,0,0.781283021,0.624176979,0,0,0,1],"scale":1,"type":"pole_lighting2"}
{"pos":[705.097839,-142.515533,146.874313],"rotationMatrix":[-0.708970666,0.705237925,0,-0.705237925,-0.708970666,0,0,0,1],"scale":1,"type":"pole_lighting2"}
{"pos":[658.981262,-265.764618,147.178558],"rotationMatrix":[0.0114275813,-0.999934673,0,0.999934673,0.0114275813,0,0,0,1],"scale":1,"type":"pole_lighting2"}
{"pos":[568.143677,-240.0914,147.168121],"rotationMatrix":[0.0206666589,-0.999786437,0,0.999786437,0.0206666589,0,0,0,1],"scale":1,"type":"pole_lighting2"}
{"pos":[484.709076,-240.0914,146.477982],"rotationMatrix":[0.0206666589,-0.999786437,0,0.999786437,0.0206666589,0,0,0,1],"scale":1,"type":"pole_lighting2"}
{"pos":[391.640015,-240.0914,145.264313],"rotationMatrix":[0.0206666589,-0.999786437,0,0.999786437,0.0206666589,0,0,0,1],"scale":1,"type":"pole_lighting2"}
{"pos":[241.381485,-209.994614,138.457657],"rotationMatrix":[-0.181912303,-0.983314753,0,0.983314753,-0.181912303,0,0,0,1],"scale":1,"type":"pole_lighting2"}
{"pos":[105.969139,-171.936066,125.519234],"rotationMatrix":[-0.287374377,-0.95781827,0,0.95781827,-0.287374377,0,0,0,1],"scale":1,"type":"pole_lighting2"}
{"pos":[525.022034,-113.819809,146.737396],"rotationMatrix":[-0.770730376,-0.637161255,0,0.637161255,-0.770730376,0,0,0,1],"scale":1,"type":"pole_lighting2"}
{"pos":[321.034302,-116.172279,144.604141],"rotationMatrix":[0.966153264,-0.257968813,0,0.257968813,0.966153264,0,0,0,1],"scale":1,"type":"pole_lighting2"}
