{"pos":[-11.6873846,439.430328,102.254723],"rotationMatrix":[0.679157138,-0.733992934,0,0.733992934,0.679157138,0,0,0,1],"scale":1,"type":"pole_light_single"}
{"pos":[5.8505578,455.169464,102.214569],"rotationMatrix":[0.679157138,-0.733992934,0,0.733992934,0.679157138,0,0,0,1],"scale":1,"type":"pole_light_single"}
{"pos":[23.1560326,470.885101,102.27565],"rotationMatrix":[0.70153451,-0.712635517,0,0.712635517,0.70153451,0,0,0,1],"scale":1,"type":"pole_light_single"}
{"pos":[160.39444,642.516968,92.3718414],"rotationMatrix":[-0.941712499,0.336418897,0,-0.336418897,-0.941712499,0,0,0,1],"scale":1,"type":"pole_light_single"}
{"pos":[165.822617,688.475525,96.1976395],"rotationMatrix":[-0.998013735,-0.0629982725,0,0.0629982725,-0.998013735,0,0,0,1],"scale":1,"type":"pole_light_single"}
{"pos":[147.366821,738.294128,97.7214127],"rotationMatrix":[-0.799615145,-0.600512683,0,0.600512683,-0.799615145,0,0,0,1],"scale":1,"type":"pole_light_single"}
{"pos":[110.126358,772.325745,101.028122],"rotationMatrix":[0.998526752,0.0542611629,0,-0.0542611629,0.998526752,0,0,0,1],"scale":1,"type":"pole_light_single"}
{"pos":[133.889709,807.06604,102.234322],"rotationMatrix":[0.392401457,-0.919794023,0,0.919794023,0.392401457,0,0,0,1],"scale":1,"type":"pole_light_single"}
{"pos":[123.012856,587.836609,82.8000031],"rotationMatrix":[-0.553221464,0.833034217,0,-0.833034217,-0.553221464,0,0,0,1],"scale":1,"type":"pole_light_single"}
{"pos":[70.5115204,556.304932,76.0153656],"rotationMatrix":[-0.550584316,0.834779501,0,-0.834779501,-0.550584316,0,0,0,1],"scale":1,"type":"pole_light_single"}
{"pos":[20.0051403,519.208618,74.7640533],"rotationMatrix":[-0.673382401,0.739294231,0,-0.739294231,-0.673382401,0,0,0,1],"scale":1,"type":"pole_light_single"}
{"pos":[127.968689,563.615356,101.293785],"rotationMatrix":[0.678862572,-0.734265387,0,0.734265387,0.678862572,0,0,0,1],"scale":1,"type":"pole_light_single"}
{"pos":[158.191833,601.163452,100.66214],"rotationMatrix":[0.80500102,-0.593273401,0,0.593273401,0.80500102,0,0,0,1],"scale":1,"type":"pole_light_single"}
{"pos":[173.475342,657.529419,100.683632],"rotationMatrix":[0.998976767,-0.0452263132,0,0.0452263132,0.998976767,0,0,0,1],"scale":1,"type":"pole_light_single"}
{"pos":[174.440231,729.56897,101.488365],"rotationMatrix":[0.998468161,0.0553298146,0,-0.0553298146,0.998468161,0,0,0,1],"scale":1,"type":"pole_light_single"}
{"pos":[-580.383728,-441.268402,114.390213],"rotationMatrix":[-0.023226738,-0.999730229,0,0.999730229,-0.023226738,0,0,0,1],"scale":1,"type":"pole_light_single"}
{"pos":[-518.065613,-461.442871,117.86264],"rotationMatrix":[-0.796616673,-0.604484677,0,0.604484677,-0.796616673,0,0,0,1],"scale":1,"type":"pole_light_single"}
{"pos":[-474.21463,-500.626862,122.086418],"rotationMatrix":[0.00198686123,-0.999998033,0,0.999998033,0.00198686123,0,0,0,1],"scale":1,"type":"pole_light_single"}
{"pos":[-421.034454,-508.279114,123.036125],"rotationMatrix":[-0.552998543,-0.833182335,0,0.833182335,-0.552998543,0,0,0,1],"scale":1,"type":"pole_light_single"}
{"pos":[-394.181885,-549.995911,125.561516],"rotationMatrix":[-0.920238853,-0.391357034,0,0.391357034,-0.920238853,0,0,0,1],"scale":1,"type":"pole_light_single"}
{"pos":[-361.170563,-588.454224,127.249077],"rotationMatrix":[-0.604521871,-0.7965886,0,0.7965886,-0.604521871,0,0,0,1],"scale":1,"type":"pole_light_single"}
{"pos":[-326.753693,-618.635681,125.714546],"rotationMatrix":[-0.663756371,-0.747948825,0,0.747948825,-0.663756371,0,0,0,1],"scale":1,"type":"pole_light_single"}
{"pos":[-291.972839,-663.582153,124.485985],"rotationMatrix":[-0.719470263,-0.694523156,0,0.694523156,-0.719470263,0,0,0,1],"scale":1,"type":"pole_light_single"}
{"pos":[-241.596634,-674.997314,126.672058],"rotationMatrix":[-0.418058157,-0.908420265,0,0.908420265,-0.418058157,0,0,0,1],"scale":1,"type":"pole_light_single"}
{"pos":[-205.55928,-710.882812,129.628387],"rotationMatrix":[-0.760116816,-0.649786294,0,0.649786294,-0.760116816,0,0,0,1],"scale":1,"type":"pole_light_single"}
{"pos":[-174.095215,-752.414001,131.052994],"rotationMatrix":[-0.873533845,-0.486763328,0,0.486763328,-0.873533845,0,0,0,1],"scale":1,"type":"pole_light_single"}
{"pos":[-190.068741,-815.030945,135.033188],"rotationMatrix":[-0.651875257,-0.758326232,0,0.758326232,-0.651875257,0,0,0,1],"scale":1,"type":"pole_light_single"}
{"pos":[-162.966537,-858.200012,132.531097],"rotationMatrix":[0.651875377,0.758326173,0,-0.758326173,0.651875377,0,0,0,1],"scale":1,"type":"pole_light_single"}
{"pos":[-130.342911,-865.513428,131.167099],"rotationMatrix":[-0.703091383,-0.711099267,0,0.711099267,-0.703091383,0,0,0,0.999999881],"scale":1,"type":"pole_light_single"}
{"pos":[-238.406372,-823.330811,137.351837],"rotationMatrix":[-0.077064991,-0.997026086,0,0.997026086,-0.077064991,0,0,0,1],"scale":1,"type":"pole_light_single"}
{"pos":[-305.921967,-802.505615,137.344193],"rotationMatrix":[0.50106287,0.865410924,0,-0.865410924,0.50106287,0,0,0,1],"scale":1,"type":"pole_light_single"}
{"pos":[-636.382446,-455.381683,111.412834],"rotationMatrix":[0.0411488414,0.999153018,0,-0.999153018,0.0411488414,0,0,0,1],"scale":1,"type":"pole_light_single"}
{"pos":[-700.551453,-457.166565,103.236351],"rotationMatrix":[-0.346009493,0.938230991,0,-0.938230991,-0.346009493,0,0,0,1],"scale":1,"type":"pole_light_single"}
{"pos":[-751.550903,-488.803802,99.9798889],"rotationMatrix":[-0.629763484,0.776786923,0,-0.776786923,-0.629763484,0,0,0,1],"scale":1,"type":"pole_light_single"}
{"pos":[-260.934753,-21.1018639,120.53595],"rotationMatrix":[-0.810007691,0.586419463,0,-0.586419463,-0.810007691,0,0,0,1],"scale":1,"type":"pole_light_single"}
{"pos":[-254.147339,-82.4665833,120.906509],"rotationMatrix":[-0.901247025,-0.43330574,0,0.43330574,-0.901247025,0,0,0,1],"scale":1,"type":"pole_light_single"}
{"pos":[-260.36261,-54.1275558,120.600891],"rotationMatrix":[-0.997787833,-0.0664779991,0,0.0664779991,-0.997787833,0,0,0,1],"scale":1,"type":"pole_light_single"}
{"pos":[-224.664383,-77.0865326,120.596268],"rotationMatrix":[0.601525068,-0.798853934,0,0.798853934,0.601525068,0,0,0,1],"scale":1,"type":"pole_light_single"}
{"pos":[-182.588715,-47.1545525,120.83596],"rotationMatrix":[0.601525068,-0.798853934,0,0.798853934,0.601525068,0,0,0,1],"scale":1,"type":"pole_light_single"}
{"pos":[-161.739655,-32.7271576,121.016953],"rotationMatrix":[0.601525068,-0.798853934,0,0.798853934,0.601525068,0,0,0,1],"scale":1,"type":"pole_light_single"}
{"pos":[-172.149963,-15.2849216,121.268234],"rotationMatrix":[0.731245756,0.682114124,0,-0.682114124,0.731245756,0,0,0,1],"scale":1,"type":"pole_light_single"}
{"pos":[-112.883957,5.52799749,121.977654],"rotationMatrix":[0.183323145,-0.983052671,0,0.983052671,0.183323145,0,0,0,1],"scale":1,"type":"pole_light_single"}
{"pos":[-42.3432999,70.7489166,122.939209],"rotationMatrix":[0.997076392,0.0764112324,0,-0.0764112324,0.997076392,0,0,0,1],"scale":1,"type":"pole_light_single"}
{"pos":[-71.1193771,98.5926666,126.068916],"rotationMatrix":[0.02460289,0.999697328,0,-0.999697328,0.02460289,0,0,0,1],"scale":1,"type":"pole_light_single"}
{"pos":[-213.582825,-1.44845641,121.78878],"rotationMatrix":[0.103229403,-0.994657338,-0.00059034396,0.994577467,0.103228629,-0.0126227513,0.0126162525,0.000715896022,0.99992013],"scale":1,"type":"pole_light_single"}
{"pos":[-159.299255,29.3646107,123.041328],"rotationMatrix":[0.678605437,-0.734380841,-0.0133934766,0.734295011,0.678734362,-0.0114216693,0.0174784698,-0.0020839572,0.999845088],"scale":1,"type":"pole_light_single"}
{"pos":[-117.297867,71.4542847,124.825806],"rotationMatrix":[0.678518295,-0.734286666,-0.0208816063,0.734564185,0.678432584,0.0120310523,0.0053325207,-0.0235021673,0.999709547],"scale":1,"type":"pole_light_single"}
{"pos":[-127.752975,113.333504,123.327911],"rotationMatrix":[0.734312296,0.678542316,-0.019126419,-0.678682864,0.734430492,-0.00120354258,0.0132303713,0.0138645489,0.999816358],"scale":1,"type":"pole_light_single"}
{"pos":[-181.682388,110.789581,121.692848],