{"pos":[-214.423859,547.413757,75.4317093],"rotationMatrix":[0.690865815,-0.722983003,0,0.722983003,0.690865815,0,0,0,1],"scale":0.744345367,"type":"pole_lighting1"}
{"pos":[89.2761993,641.877319,74.9141464],"rotationMatrix":[-0.999742508,-0.0226888899,0,0.0226888899,-0.999742508,0,0,0,1],"scale":0.973434329,"type":"pole_lighting1"}
{"pos":[56.7409096,699.515686,74.9147186],"rotationMatrix":[-0.180810854,-0.983517826,0,0.983517826,-0.180810854,0,0,0,0.999999881],"scale":0.973434329,"type":"pole_lighting1"}
{"pos":[54.219902,621.002808,74.8009109],"rotationMatrix":[-0.49654901,0.868008673,0,-0.868008673,-0.49654901,0,0,0,1],"scale":0.973434329,"type":"pole_lighting1"}
{"pos":[-65.3292313,183.987213,123.896835],"rotationMatrix":[-0.648624897,0.7611081,0,-0.7611081,-0.648624897,0,0,0,1],"scale":0.699999988,"type":"pole_lighting1"}
{"pos":[-61.6572456,180.210312,123.896851],"rotationMatrix":[0.6453619,-0.763876975,0,0.763876975,0.6453619,0,0,0,1],"scale":0.699999988,"type":"pole_lighting1"}
{"pos":[-83.5842819,202.242264,123.896851],"rotationMatrix":[0.6453619,-0.763876975,0,0.763876975,0.6453619,0,0,0,1],"scale":0.699999988,"type":"pole_lighting1"}
{"pos":[-43.402195,161.955261,123.896835],"rotationMatrix":[-0.648624897,0.7611081,0,-0.7611081,-0.648624897,0,0,0,1],"scale":0.699999988,"type":"pole_lighting1"}
{"pos":[-113.237991,176.947586,123.823662],"rotationMatrix":[0.667441487,-0.744662285,0,0.744662285,0.667441487,0,0,0,1],"scale":0.699999988,"type":"pole_lighting1"}
{"pos":[-91.1246338,155.149689,123.917526],"rotationMatrix":[-0.656168461,0.754614532,0,-0.754614532,-0.656168461,0,0,0,1],"scale":0.699999988,"type":"pole_lighting1"}
{"pos":[-125.490417,164.80191,123.823662],"rotationMatrix":[0.667441487,-0.744662285,0,0.744662285,0.667441487,0,0,0,1],"scale":0.699999988,"type":"pole_lighting1"}
{"pos":[-103.128357,143.242966,123.91407],"rotationMatrix":[-0.656168461,0.754614532,0,-0.754614532,-0.656168461,0,0,0,1],"scale":0.699999988,"type":"pole_lighting1"}
{"pos":[-68.0270691,47.4337845,122.648773],"rotationMatrix":[-0.679582834,0.733598828,0,-0.733598828,-0.679582834,0,0,0,1],"scale":0.973434329,"type":"pole_lighting1"}
{"pos":[-86.4727707,30.8707218,122.306068],"rotationMatrix":[-0.920246601,0.391339034,0,-0.391339034,-0.920246601,0,0,0,1],"scale":0.973434329,"type":"pole_lighting1"}
{"pos":[-135.606918,-3.16859818,121.507874],"rotationMatrix":[-0.063201189,0.998000801,0,-0.998000801,-0.063201189,0,0,0,1],"scale":0.973434329,"type":"pole_lighting1"}
