{"pos":[-677.224854,157.395508,116.625641],"rotationMatrix":[0.707106829,-0.707106769,0,0.707106769,0.707106829,0,0,0,1],"scale":1,"type":"powerpole3"}
{"pos":[-730.240601,130.517014,121.17215],"rotationMatrix":[-0.707106709,-0.707106829,0,0.707106829,-0.707106709,0,0,0,1],"scale":1,"type":"powerpole3"}
{"pos":[-616.348572,218.801254,112.233719],"rotationMatrix":[0.707106829,-0.707106769,0,0.707106769,0.707106829,0,0,0,1],"scale":1,"type":"powerpole3"}
{"pos":[-802.436218,31.0036221,117.652725],"rotationMatrix":[0.707106829,-0.707106769,0,0.707106769,0.707106829,0,0,0,1],"scale":1,"type":"powerpole3"}
{"pos":[-733.988831,75.1622467,118.133087],"rotationMatrix":[0.707106829,-0.707106769,0,0.707106769,0.707106829,0,0,0,1],"scale":1,"type":"powerpole3"}
{"pos":[-775.476685,534.362305,125.260948],"rotationMatrix":[1,1.50995803e-07,0,-1.50995803e-07,1,0,0,0,1],"scale":1,"type":"powerpole3"}
{"pos":[-775.476685,451.45285,139.687164],"rotationMatrix":[1,1.50995803e-07,0,-1.50995803e-07,1,0,0,0,1],"scale":1,"type":"powerpole3"}
{"pos":[-775.476685,494.09201,132.475006],"rotationMatrix":[1,1.50995803e-07,0,-1.50995803e-07,1,0,0,0,1],"scale":1,"type":"powerpole3"}
{"pos":[-762.205261,514.439453,128.859985],"rotationMatrix":[1,1.50995803e-07,0,-1.50995803e-07,1,0,0,0,1],"scale":1,"type":"powerpole3"}
{"pos":[-563.394104,192.316223,106.538986],"rotationMatrix":[-0.707106709,-0.707106829,0,0.707106829,-0.707106709,0,0,0,1],"scale":1,"type":"powerpole3"}
{"pos":[-540.093384,168.954987,101.046585],"rotationMatrix":[-0.707106709,-0.707106829,0,0.707106829,-0.707106709,0,0,0,1],"scale":1,"type":"powerpole3"}
{"pos":[-483.877594,150.803406,100.197701],"rotationMatrix":[-0.301255941,-0.953543425,0,0.953543425,-0.301255941,0,0,0,1],"scale":1,"type":"powerpole3"}
{"pos":[-422.11673,228.077332,100.863602],"rotationMatrix":[-0.80059135,0.59921056,0,-0.59921056,-0.80059135,0,0,0,1],"scale":1,"type":"powerpole3"}
{"pos":[-364.418365,292.225708,100.863602],"rotationMatrix":[-0.640512705,0.767947555,0,-0.767947555,-0.640512705,0,0,0,1],"scale":1,"type":"powerpole3"}
{"pos":[-822.271606,-688.154541,109.777451],"rotationMatrix":[0.748041987,-0.663651407,0,0.663651407,0.748041987,0,0,0,1],"scale":1,"type":"powerpole3"}
{"pos":[-888.704712,-634.40741,101.370758],"rotationMatrix":[0.748041987,-0.663651407,0,0.663651407,0.748041987,0,0,0,1],"scale":1,"type":"powerpole3"}
{"pos":[-819.174316,-553.351685,99.9087982],"rotationMatrix":[0.707385242,-0.706828237,0,0.706828237,0.707385242,0,0,0,1],"scale":1,"type":"powerpole3"}
{"pos":[-795.771423,-529.001831,99.7396622],"rotationMatrix":[0.693101466,-0.720840037,0,0.720840037,0.693101466,0,0,0,1],"scale":1,"type":"powerpole3"}
{"pos":[-672.780762,73.2867889,108.528595],"rotationMatrix":[-0.707106709,-0.707106829,0,0.707106829,-0.707106709,0,0,0,1],"scale":1,"type":"powerpole3"}
{"pos":[-596.195129,110.742569,101.23922],"rotationMatrix":[0.707106829,-0.707106769,0,0.707106769,0.707106829,0,0,0,1],"scale":1,"type":"powerpole3"}
{"pos":[-650.546143,31.6637955,102.406021],"rotationMatrix":[0.707106829,-0.707106769,0,0.707106769,0.707106829,0,0,0,1],"scale":1,"type":"powerpole3"}
{"pos":[-729.053955,-45.8338203,101.521507],"rotationMatrix":[0.707106829,-0.707106769,0,0.707106769,0.707106829,0,0,0,1],"scale":1,"type":"powerpole3"}
{"pos":[-519.970337,156.604019,100.189743],"rotationMatrix":[0.111920834,-0.993717074,0,0.993717074,0.111920834,0,0,0,1],"scale":1,"type":"powerpole3"}
{"pos":[1.28335571,672.106262,74.6586761],"rotationMatrix":[5.96046448e-08,-0.99999994,0,0.99999994,5.96046448e-08,0,0,0,1],"scale":1,"type":"powerpole3"}
{"pos":[-62.5212326,646.457214,74.7168961],"rotationMatrix":[-1,2.38418579e-07,0,-2.38418579e-07,-1,0,0,0,1],"scale":1,"type":"powerpole3"}
{"pos":[93.3233337,615.980774,74.6586533],"rotationMatrix":[0.418509066,-0.908212602,0,0.908212602,0.418509066,0,0,0,1],"scale":1,"type":"powerpole3"}
{"pos":[59.9571724,601.621155,74.6586533],"rotationMatrix":[0.332218051,-0.943202615,0,0.943202615,0.332218051,0,0,0,1],"scale":1,"type":"powerpole3"}
{"pos":[-775.476685,733.890503,93.0065536],"rotationMatrix":[1,1.50995803e-07,0,-1.50995803e-07,1,0,0,0,1],"scale":1,"type":"powerpole3"}
{"pos":[-775.419678,778.371155,87.6697845],"rotationMatrix":[1,1.50995803e-07,0,-1.50995803e-07,1,0,0,0,1],"scale":1,"type":"powerpole3"}
{"pos":[-652.842773,-540.922546,110.982407],"rotationMatrix":[0.293262064,-0.956032097,0,0.956032097,0.293262064,0,0,0,1],"scale":1,"type":"powerpole3"}
{"pos":[-375.875916,-665.907593,130.958572],"rotationMatrix":[-0.678753018,-0.734366596,0,0.734366596,-0.678753018,0,0,0,1],"scale":1,"type":"powerpole3"}
{"pos":[-333.766907,-798.099548,137.659546],"rotationMatrix":[-0.933985114,0.357312053,0,-0.357312053,-0.933985114,0,0,0,1],"scale":1,"type":"powerpole3"}
{"pos":[-213.70137,-902.280884,132.99498],"rotationMatrix":[-0.45500803,-0.890487432,0,0.890487432,-0.45500803,0,0,0,1],"scale":1,"type":"powerpole3"}
{"pos":[-77.4402161,-878.921875,130.768173],"rotationMatrix":[0.860079765,-0.510159552,0,0.510159552,0.860079765,0,0,0,1],"scale":1,"type":"powerpole3"}
{"pos":[-861.600037,-737.5,112.199997],"rotationMatrix":[0.748041928,-0.663651347,0,0.663651347,0.748041928,0,0,0,0.999999881],"scale":1,"type":"powerpole3"}
