{"pos":[-464.890991,88.7889023,99.7462006],"rotationMatrix":[0.975224614,-0.221216977,0,0.221216977,0.975224614,0,0,0,1],"scale":1,"type":"sign_truss3"}
{"pos":[116.228996,-702.10199,135.276993],"rotationMatrix":[0.626752019,-0.779218793,0,0.779218793,0.626752019,0,0,0,1],"scale":1,"type":"sign_truss3"}
{"pos":[922.145996,916.234985,129.600006],"rotationMatrix":[0.82203424,0.56943804,0,-0.56943804,0.82203424,0,0,0,1],"scale":1,"type":"sign_truss3"}
