{"pos":[-114.288002,92.0372009,122.388],"rotationMatrix":[-0.705704451,0.708506346,0,-0.708506346,-0.705704451,0,0,0,1],"scale":1,"type":"solarpanel"}
{"pos":[-119.932999,86.3358002,122.388],"rotationMatrix":[-0.707182407,0.707031131,0,-0.707031131,-0.707182407,0,0,0,1],"scale":1,"type":"solarpanel"}
{"pos":[-148.240997,126.019997,122.388],"rotationMatrix":[-0.706812859,0.70740056,0,-0.70740056,-0.706812859,0,0,0,1],"scale":1,"type":"solarpanel"}
{"pos":[-136.923004,114.705002,122.388],"rotationMatrix":[-0.707182407,0.707031131,0,-0.707031131,-0.707182407,0,0,0,1],"scale":1,"type":"solarpanel"}
{"pos":[-125.612,103.380997,122.388],"rotationMatrix":[-0.707182407,0.707031131,0,-0.707031131,-0.707182407,0,0,0,1],"scale":1,"type":"solarpanel"}
{"pos":[-153.886993,120.347,122.388],"rotationMatrix":[-0.707182407,0.707031131,0,-0.707031131,-0.707182407,0,0,0,1],"scale":1,"type":"solarpanel"}
{"pos":[-142.570007,109.003998,122.388],"rotationMatrix":[-0.705335021,0.708874106,0,-0.708874106,-0.705335021,0,0,0,1],"scale":1,"type":"solarpanel"}
{"pos":[-131.253006,97.6554031,122.388],"rotationMatrix":[-0.707182407,0.707031131,0,-0.707031131,-0.707182407,0,0,0,1],"scale":1,"type":"solarpanel"}
{"pos":[-159.567001,114.602997,122.388],"rotationMatrix":[-0.707182407,0.707031131,0,-0.707031131,-0.707182407,0,0,0,1],"scale":1,"type":"solarpanel"}
{"pos":[-148.272003,103.267998,122.388],"rotationMatrix":[-0.707182407,0.707031131,0,-0.707031131,-0.707182407,0,0,0,1],"scale":1,"type":"solarpanel"}
{"pos":[-136.901993,91.9860001,122.388],"rotationMatrix":[-0.713100433,0.701061904,0,-0.701061904,-0.713100433,0,0,0,1],"scale":1,"type":"solarpanel"}
{"pos":[-125.571999,80.7086029,122.388],"rotationMatrix":[-0.704227209,0.709974647,0,-0.709974647,-0.704227209,0,0,0,1],"scale":1,"type":"solarpanel"}
{"pos":[-165.171005,108.991997,122.388],"rotationMatrix":[-0.706812859,0.70740056,0,-0.70740056,-0.706812859,0,0,0,1],"scale":1,"type":"solarpanel"}
{"pos":[-153.873993,97.6757965,122.388],"rotationMatrix":[-0.707182407,0.707031131,0,-0.707031131,-0.707182407,0,0,0,1],"scale":1,"type":"solarpanel"}
{"pos":[-142.537003,86.3412018,122.388],"rotationMatrix":[-0.707182407,0.707031131,0,-0.707031131,-0.707182407,0,0,0,1],"scale":1,"type":"solarpanel"}
{"pos":[-131.212997,75.0086975,122.388],"rotationMatrix":[-0.706812859,0.70740056,0,-0.70740056,-0.706812859,0,0,0,1],"scale":1,"type":"solarpanel"}
{"pos":[-170.854004,103.384003,122.388],"rotationMatrix":[-0.703857899,0.710340798,0,-0.710340798,-0.703857899,0,0,0,1],"scale":1,"type":"solarpanel"}
{"pos":[-159.572006,92.042099,122.388],"rotationMatrix":[-0.706812859,0.70740056,0,-0.70740056,-0.706812859,0,0,0,1],"scale":1,"type":"solarpanel"}
{"pos":[-148.225006,80.7016983,122.388],"rotationMatrix":[-0.707182407,0.707031131,0,-0.707031131,-0.707182407,0,0,0,1],"scale":1,"type":"solarpanel"}
{"pos":[-136.916,69.395401,122.388],"rotationMatrix":[-0.707182407,0.707031131,0,-0.707031131,-0.707182407,0,0,0,1],"scale":1,"type":"solarpanel"}
{"pos":[-176.384003,97.8836975,122.388],"rotationMatrix":[-0.707182407,0.707031131,0,-0.707031131,-0.707182407,0,0,0,1],"scale":1,"type":"solarpanel"}
{"pos":[-165.113007,86.5045013,122.388],"rotationMatrix":[-0.700168014,0.713978112,0,-0.713978112,-0.700168014,0,0,0,1],"scale":1,"type":"solarpanel"}
{"pos":[-153.837997,75.1297989,122.388],"rotationMatrix":[-0.706812859,0.70740056,0,-0.70740056,-0.706812859,0,0,0,1],"scale":1,"type":"solarpanel"}
{"pos":[-142.526993,63.7845001,122.388],"rotationMatrix":[-0.703488946,0.710706174,0,-0.710706174,-0.703488946,0,0,0,1],"scale":1,"type":"solarpanel"}
{"pos":[-182.266006,92.0389023,122.388],"rotationMatrix":[-0.707182407,0.707031131,0,-0.707031131,-0.707182407,0,0,0,1],"scale":1,"type":"solarpanel"}
{"pos":[-170.947006,80.719902,122.388],"rotationMatrix":[-0.707182407,0.707031131,0,-0.707031131,-0.707182407,0,0,0,1],"scale":1,"type":"solarpanel"}
{"pos":[-159.634003,69.405899,122.388],"rotationMatrix":[-0.707182407,0.707031131,0,-0.707031131,-0.707182407,0,0,0,1],"scale":1,"type":"solarpanel"}
{"pos":[-148.311005,58.0889015,122.388],"rotationMatrix":[-0.707182407,0.707031131,0,-0.707031131,-0.707182407,0,0,0,1],"scale":1,"type":"solarpanel"}
{"pos":[-187.703995,86.5240021,122.388],"rotationMatrix":[-0.707182407,0.707031131,0,-0.707031131,-0.707182407,0,0,0,1],"scale":1,"type":"solarpanel"}
{"pos":[-176.447006,75.1645966,122.388],"rotationMatrix":[-0.700168014,0.713978112,0,-0.713978112,-0.700168014,0,0,0,1],"scale":1,"type":"solarpanel"}
{"pos":[-165.190994,63.7759018,122.388],"rotationMatrix":[-0.705335021,0.708874106,0,-0.708874106,-0.705335021,0,0,0,1],"scale":1,"type":"solarpanel"}
{"pos":[-153.888,52.4350014,122.388],"rotationMatrix":[-0.705335021,0.708874106,0,-0.708874106,-0.705335021,0,0,0,1],"scale":1,"type":"solarpanel"}
{"pos":[-182.218994,69.4044037,122.388],"rotationMatrix":[-0.706812859,0.70740056,0,-0.70740056,-0.706812859,0,0,0,1],"scale":1,"type":"solarpanel"}
{"pos":[-170.904007,58.0817986,122.388],"rotationMatrix":[-0.706812859,0.70740056,0,-0.70740056,-0.706812859,0,0,0,1],"scale":1,"type":"solarpanel"}
{"pos":[-159.574997,46.7747002,122.388],"rotationMatrix":[-0.707182407,0.707031131,0,-0.707031131,-0.707182407,0,0,0,1],"scale":1,"type":"solarpanel"}
{"pos":[-193.544006,80.735199,122.388],"rotationMatrix":[-0.707182407,0.707031131,0,-0.707031131,-0.707182407,0,0,0,1],"scale":1,"type":"solarpanel"}
{"pos":[-199.179001,75.0108032,122.388],"rotationMatrix":[-0.706812859,0.70740056,0,-0.70740056,-0.706812859,0,0,0,1],"scale":1,"type":"solarpanel"}
{"pos":[-187.858002,63.6865005,122.388],"rotationMatrix":[-0.707182407,0.707031131,0,-0.707031131,-0.707182407,0,0,0,1],"scale":1,"type":"solarpanel"}
{"pos":[-176.531998,52.3810005,122.388],"rotationMatrix":[-0.707182407,0.707031131,0,-0.707031131,-0.707182407,0,0,0,1],"scale":1,"type":"solarpanel"}
{"pos":[-165.218994,41.0607986,122.388],"rotationMatrix":[-0.707182407,0.707031131,0,-0.707031131,-0.707182407,0,0,0,1],"scale":1,"type":"solarpanel"}
{"pos":[-204.860001,69.3767014,122.388],"rotationMatrix":[-0.707182407,0.707031131,0,-0.707031131,-0.707182407,0,0,0,1],"scale":1,"type":"solarpanel"}
{"pos":[-193.533997,58.0623016,122.388],"rotationMatrix":[-0.707182407,0.707031131,0,-0.707031131,-0.707182407,0,0,0,1],"scale":1,"type":"solarpanel"}
{"pos":[-182.192993,46.7422981,122.388],"rotationMatrix":[-0.707182407,0.707031131,0,-0.707031131,-0.707182407,0,0,0,1],"scale":1,"type":"solarpanel"}
{"pos":[-170.876007,35.4359016,122.388],"rotationMatrix":[-0.706812859,0.70740056,0,-0.70740056,-0.706812859,0,0,0,1],"scale":1,"type":"solarpanel"}
{"pos":[-210.507004,63.7677002,122.388],"rotationMatrix":[-0.707182407,0.707031131,0,-0.707031131,-0.707182407,0,0,0,1],"scale":1,"type":"solarpanel"}
{"pos":[-199.201004,52.4383011,122.388],"rotationMatrix":[-0.707182407,0.707031131,0,-0.707031131,-0.707182407,0,0,0,1],"scale":1,"type":"solarpanel"}
{"pos":[-187.869995,41.1176987,122.388],"rotationMatrix":[-0.707182407,0.707031131,0,-0.707031131,-0.707182407,0,0,0,1],"scale":1,"type":"solarpanel"}
{"pos":[-176.542999,29.7891006,122.388],"rotationMatrix":[-0.707182407,0.707031131,0,-0.707031131,-0.707182407,0,0,0,1],"scale":1,"type":"solarpanel"}
{"pos":[-216.281006,58.1661987,122.388],"rotationMatrix":[-0.706812859,0.70740056,0,-0.70740056,-0.706812859,0,0,0,1],"scale":1,"type":"solarpanel"}
{"pos":[-204.968994,46.8703003,122.388],"rotationMatrix":[-0.707182407,0.707031131,0,-0.707031131,-0.707182407,0,0,0,1],"scale":1,"type":"solarpanel"}
{"pos":[-193.649994,35.5601997,122.388],"rotationMatrix":[-0.707182407,0.707031131,0,-0.707031131,-0.707182407,0,0,0,1],"scale":1,"type":"solarpanel"}
{"pos":[-182.320999,24.2336006,122.388],"rotationMatrix":[-0.707182407,0.707031131,0,-0.707031131,-0.707182407,0,0,0,1],"scale":1,"type":"solarpanel"}
{"pos":[-221.645828,52.1482124,122.388],"rotationMatrix":[-0.706812859,0.70740056,0,-0.70740056,-0.706812859,0,0,0,1],"scale":1,