{"pos":[-454.386993,749.633972,75.047699],"rotationMatrix":[-0.759312868,0.650725722,0,-0.650725722,-0.759312868,0,0,0,1],"scale":2.43219995,"type":"spanishbayonet2"}
{"pos":[-486.596985,512.362976,98.3258972],"rotationMatrix":[0.828184843,-0.560455024,0,0.560455024,0.828184843,0,0,0,1],"scale":2.06890011,"type":"spanishbayonet2"}
{"pos":[-484.860992,507.643005,98.4288025],"rotationMatrix":[0.350428104,0.936589658,0,-0.936589658,0.350428104,0,0,0,1],"scale":2.07620001,"type":"spanishbayonet2"}
{"pos":[-492.304993,500.528992,98.4487991],"rotationMatrix":[-0.987619281,0.156869873,0,-0.156869873,-0.987619281,0,0,0,1],"scale":2.94029999,"type":"spanishbayonet2"}
{"pos":[-490.481995,516.482971,98.3389969],"rotationMatrix":[-0.904761553,-0.42591846,0,0.42591846,-0.904761553,0,0,0,1],"scale":2.0144999,"type":"spanishbayonet2"}
{"pos":[-499.27301,525.53302,98.4346008],"rotationMatrix":[-0.745833039,0.666132927,0,-0.666132927,-0.745833039,0,0,0,1],"scale":2.45449996,"type":"spanishbayonet2"}
{"pos":[-20.0944004,451.208008,101.681],"rotationMatrix":[0.740944028,0.671566784,0,-0.671566784,0.740944028,0,0,0,1],"scale":2.75300002,"type":"spanishbayonet2"}
{"pos":[-308.274994,493.699005,84.475502],"rotationMatrix":[0.933314443,-0.359060109,0,0.359060109,0.933314443,0,0,0,1],"scale":2.2953999,"type":"spanishbayonet2"}
{"pos":[-406.656006,427.458008,97.0016022],"rotationMatrix":[0.788099527,-0.615547836,0,0.615547836,0.788099527,0,0,0,1],"scale":2.62829995,"type":"spanishbayonet2"}
{"pos":[-409.226013,400.009003,97.2074966],"rotationMatrix":[-0.985625863,0.168942764,0,-0.168942764,-0.985625863,0,0,0,1],"scale":2.86980009,"type":"spanishbayonet2"}
{"pos":[-662.758972,782.622986,75.5968018],"rotationMatrix":[0.0667488575,-0.997769833,0,0.997769833,0.0667488575,0,0,0,1],"scale":2.6236999,"type":"spanishbayonet2"}
{"pos":[-510.436005,572.703979,94.0435028],"rotationMatrix":[0.913887501,-0.405967534,0,0.405967534,0.913887501,0,0,0,1],"scale":2.47839999,"type":"spanishbayonet2"}
{"pos":[-504.955994,530.984985,96.2930984],"rotationMatrix":[0.25775075,0.966211438,0,-0.966211438,0.25775075,0,0,0,1],"scale":2.12179995,"type":"spanishbayonet2"}
{"pos":[-510.778992,536.780029,96.2777023],"rotationMatrix":[-0.946364641,0.323100537,0,-0.323100537,-0.946364641,0,0,0,1],"scale":2.07299995,"type":"spanishbayonet2"}
{"pos":[-710.58197,532.247009,120.281998],"rotationMatrix":[0.963387847,0.268111646,0,-0.268111646,0.963387847,0,0,0,1],"scale":1.62720001,"type":"spanishbayonet2"}
{"pos":[-704.004028,526.116028,120.045998],"rotationMatrix":[-0.767199993,0.641407967,0,-0.641407967,-0.767199993,0,0,0,1],"scale":2.58920002,"type":"spanishbayonet2"}
{"pos":[-781.77301,888.578979,75.7022018],"rotationMatrix":[0.4324615,-0.901652396,0,0.901652396,0.4324615,0,0,0,1],"scale":2.07940006,"type":"spanishbayonet2"}
{"pos":[-752.804993,888.52301,75.7658005],"rotationMatrix":[-0.944786549,0.327686399,0,-0.327686399,-0.944786549,0,0,0,1],"scale":2.47149992,"type":"spanishbayonet2"}
{"pos":[-855.088196,891.408752,75.7311935],"rotationMatrix":[-0.44296062,-0.896541059,0,0.896541059,-0.44296062,0,0,0,1],"scale":2.15980005,"type":"spanishbayonet2"}
{"pos":[-753.95697,669.947998,106.515999],"rotationMatrix":[-0.214305282,0.976766706,0,-0.976766706,-0.214305282,0,0,0,1],"scale":1.99469995,"type":"spanishbayonet2"}
{"pos":[-930.872009,651.401001,112.863998],"rotationMatrix":[0.575326681,0.817923725,0,-0.817923725,0.575326681,0,0,0,1],"scale":2.20000005,"type":"spanishbayonet2"}
{"pos":[-603.171021,443.511993,113.308998],"rotationMatrix":[0.993341446,0.115207516,0,-0.115207516,0.993341446,0,0,0,1],"scale":2.13560009,"type":"spanishbayonet2"}
{"pos":[-594.528015,435.178009,112.093002],"rotationMatrix":[0.501199245,0.865331888,0,-0.865331888,0.501199245,0,0,0,1],"scale":2.06940007,"type":"spanishbayonet2"}
{"pos":[915.36499,-222.244003,149.779007],"rotationMatrix":[-0.936512113,0.350635231,0,-0.350635231,-0.936512113,0,0,0,1],"scale":2.62080002,"type":"spanishbayonet2"}
{"pos":[890.015991,-242.042007,152.988007],"rotationMatrix":[0.115549922,-0.99330169,0,0.99330169,0.115549922,0,0,0,1],"scale":2.94919991,"type":"spanishbayonet2"}
{"pos":[929.177979,-211.25,150.490005],"rotationMatrix":[-0.544930339,0.838481307,0,-0.838481307,-0.544930339,0,0,0,1],"scale":2.62689996,"type":"spanishbayonet2"}
{"pos":[906.171021,-262.75,153.108994],"rotationMatrix":[0.342883587,-0.939377904,0,0.939377904,0.342883587,0,0,0,1],"scale":2.70029998,"type":"spanishbayonet2"}
{"pos":[526.557983,-416.43399,149.820999],"rotationMatrix":[-0.936905503,0.349582732,0,-0.349582732,-0.936905503,0,0,0,1],"scale":2.66739988,"type":"spanishbayonet2"}
{"pos":[555.986023,-381.641998,148.494003],"rotationMatrix":[0.961246729,0.275689542,0,-0.275689542,0.961246729,0,0,0,1],"scale":2.38800001,"type":"spanishbayonet2"}
{"pos":[578.687012,-379.329987,148.031006],"rotationMatrix":[-0.75668776,-0.653776467,0,0.653776467,-0.75668776,0,0,0,1],"scale":2.21149993,"type":"spanishbayonet2"}
{"pos":[850.101013,-664.48999,172.518005],"rotationMatrix":[-0.865152836,0.501508296,0,-0.501508296,-0.865152836,0,0,0,1],"scale":2.01130009,"type":"spanishbayonet2"}
{"pos":[491.139008,-382.575012,150.278],"rotationMatrix":[0.688423872,0.725308597,0,-0.725308597,0.688423872,0,0,0,1],"scale":2.30240011,"type":"spanishbayonet2"}
{"pos":[412.891998,-434.966003,146.626007],"rotationMatrix":[0.970669508,-0.240417778,0,0.240417778,0.970669508,0,0,0,1],"scale":2.10389996,"type":"spanishbayonet2"}
{"pos":[390.175995,-448.684998,145.039993],"rotationMatrix":[-0.239997506,-0.970773518,0,0.970773518,-0.239997506,0,0,0,1],"scale":2.84120011,"type":"spanishbayonet2"}
{"pos":[395.062988,-445.730011,145.339005],"rotationMatrix":[-0.760813832,0.648970187,0,-0.648970187,-0.760813832,0,0,0,1],"scale":2.81159997,"type":"spanishbayonet2"}
{"pos":[372.76001,-463.424988,143.744003],"rotationMatrix":[0.179775715,-0.983707607,0,0.983707607,0.179775715,0,0,0,1],"scale":2.58229995,"type":"spanishbayonet2"}
{"pos":[366.528015,-470.54599,143.093994],"rotationMatrix":[-1,0,0,0,-1,0,0,0,1],"scale":2.24499989,"type":"spanishbayonet2"}
{"pos":[942.471008,502.993011,144.126007],"rotationMatrix":[0.938399553,0.345552146,0,-0.345552146,0.938399553,0,0,0,1],"scale":2.47250009,"type":"spanishbayonet2"}
{"pos":[949.585999,520.005981,143.699997],"rotationMatrix":[-0.314793348,-0.949160218,0,0.949160218,-0.314793348,0,0,0,1],"scale":2.23140001,"type":"spanishbayonet2"}
{"pos":[955.520996,456.911987,147.158005],"rotationMatrix":[-0.300884604,0.953660548,0,-0.953660548,-0.300884604,0,0,0,1],"scale":2.48009992,"type":"spanishbayonet2"}
{"pos":[-435.714294,720.599182,75.253952],"rotationMatrix":[-0.379406631,0.925230026,0,-0.925230026,-0.379406631,0,0,0,1],"scale":2.94675684,"type":"spanishbayonet2"}
{"pos":[-239.994736,-43.6094551,121.435516],"rotationMatrix":[0.788099527,-0.615547836,0,0.615547836,0.788099527,0,0,0,1],"scale":1.38409972,"type":"spanishbayonet2"}
