{"pos":[-19.8425007,698.112976,74.6848145],"rotationMatrix":[-0.993205786,-0.116371244,0,0.116371244,-0.993205786,0,0,0,1],"scale":1,"type":"spool"}
{"pos":[-5.07819986,682.012024,74.6656418],"rotationMatrix":[0.209472641,0.974603474,0.0791790783,-0.977814436,0.208784774,0.0169621669,0,-0.0809755698,0.996716082],"scale":1,"type":"spool"}
{"pos":[-2.49609995,674.981018,75.6576996],"rotationMatrix":[1,0,0,0,-0.0643404722,0.997928023,0,-0.997928023,-0.0643404722],"scale":1,"type":"spool"}
{"pos":[-65.832901,623.370972,75.3174973],"rotationMatrix":[1,0,0,0,0.0132684708,-0.999911964,0,0.999911964,0.0132684708],"scale":1,"type":"spool"}
{"pos":[57.8032913,728.053894,74.7086792],"rotationMatrix":[0.422162384,-0.898936212,-0.11701417,0.905154347,0.425082594,0,0.0497406945,-0.105915897,0.993130028],"scale":1,"type":"spool"}
{"pos":[49.055584,692.885986,74.6804123],"rotationMatrix":[0.993369222,0,-0.114967145,0,0.99999994,0,0.114967138,0,0.993369162],"scale":1,"type":"spool"}
{"pos":[47.7829475,690.046753,74.6897278],"rotationMatrix":[0.528374076,0.834041119,-0.15873313,-0.844751239,0.535159051,0,0.0849474743,0.134090006,0.987321436],"scale":1,"type":"spool"}
{"pos":[42.2098007,617.158997,74.6914673],"rotationMatrix":[0.989205599,0,0.146533832,0,0.99999994,0,-0.146533817,0,0.989205539],"scale":1,"type":"spool"}
{"pos":[-558.989197,121.048775,100.653305],"rotationMatrix":[1,0,0,0,1,0,0,0,1],"scale":1,"type":"spool"}
{"pos":[-924.839355,-551.787354,104.846214],"rotationMatrix":[0.999999881,0,0,0,0.999731123,-0.0231845528,0,0.0231845547,0.999731004],"scale":1,"type":"spool"}
{"pos":[-249.667038,-81.9670486,120.906265],"rotationMatrix":[-0.65293932,0.757410169,0,-0.757410169,-0.65293932,0,0,0,0.999999881],"scale":1,"type":"spool"}
{"pos":[-164.056732,-28.7053738,120.990929],"rotationMatrix":[-0.482791096,0.875735462,0,-0.875735462,-0.482791096,0,0,0,0.999999881],"scale":1,"type":"spool"}
{"pos":[-163.095947,-32.9714508,121.779617],"rotationMatrix":[0.99999994,0,0,0,-8.74227766e-08,-0.999999881,0,0.99999994,-8.74227695e-08],"scale":1,"type":"spool"}
{"pos":[-114.642555,9.59502411,121.789864],"rotationMatrix":[-0.226786077,-0.973944604,0,0.973944604,-0.226786077,0,0,0,1],"scale":1,"type":"spool"}
{"pos":[-53.1987495,24.6530151,120.677376],"rotationMatrix":[-0.779018342,0.626701534,0.019379165,0.0147881359,0.0492638871,-0.9986763,-0.626826644,-0.777700663,-0.0476452336],"scale":1,"type":"spool"}
{"pos":[-379.273895,185.302444,102.39048],"rotationMatrix":[-0.935652614,-0.341458142,-0.0892194733,-0.0829391927,-0.0329793915,0.996008694,-0.343037724,0.939318001,0.00253699836],"scale":1,"type":"spool"}
{"pos":[319.743774,-175.30188,143.882294],"rotationMatrix":[0.688241899,-0.720619202,0.0838438123,0.722271144,0.691464722,0.0141378511,-0.0681631044,0.0508276932,0.996377766],"scale":1,"type":"spool"}
{"pos":[703.515503,-810.04834,157.638214],"rotationMatrix":[-0.165265188,0.986248314,0,-0.98330009,-0.164771155,0.0772635639,0.0762011558,0.0127689932,0.997009456],"scale":1,"type":"spool"}
{"pos":[711.171448,-839.631042,157.904373],"rotationMatrix":[0.935377419,0.348442078,-0.0604688562,-0.0839141607,0.0525762513,-0.995084643,-0.343550265,0.935854256,0.0784178823],"scale":1,"type":"spool"}
{"pos":[701.430115,-812.805786,157.886154],"rotationMatrix":[0.443782538,0.895603597,-0.030817803,-0.893467486,0.444851279,0.0618195198,0.0690752119,0.000100280311,0.997610271],"scale":1,"type":"spool"}
{"pos":[701.195801,-807.080627,158.758469],"rotationMatrix":[-0.00145175296,0.999998212,0,0.081523709,0.000118352495,0.996670425,0.99666971,0.0014469208,-0.0815237686],"scale":1,"type":"spool"}
