{"pos":[-12.000001,707.700012,74.9000015],"rotationMatrix":[1,0,0,0,1,0,0,0,1],"scale":1,"type":"substation_lightning"}
{"pos":[-82.709198,651.700012,74.803009],"rotationMatrix":[1,0,0,0,1,0,0,0,1],"scale":1,"type":"substation_lightning"}
{"pos":[-241.020004,0.497799993,122.167915],"rotationMatrix":[0.707081437,-0.707132101,0,0.707132101,0.707081437,0,0,0,1],"scale":1,"type":"substation_lightning"}
{"pos":[-255.194,15.5482998,122.473152],"rotationMatrix":[0.707081437,-0.707132101,0,0.707132101,0.707081437,0,0,0,1],"scale":1,"type":"substation_lightning"}
{"pos":[81.774498,721.163025,80.5774002],"rotationMatrix":[1,0,0,0,1,0,0,0,1],"scale":1,"type":"substation_lightning"}
{"pos":[95.4143982,698.289978,80.5774002],"rotationMatrix":[1,0,0,0,1,0,0,0,1],"scale":1,"type":"substation_lightning"}
{"pos":[113.961998,670.48999,80.5774002],"rotationMatrix":[1,0,0,0,1,0,0,0,1],"scale":1,"type":"substation_lightning"}
