{"pos":[-68.2991028,639.028992,74.5792007],"rotationMatrix":[1,0,0,0,1,0,0,0,1],"scale":1,"type":"substation_transformer"}
{"pos":[-249.847,11.2965002,122.388],"rotationMatrix":[0.707081437,-0.707132101,0,0.707132101,0.707081437,0,0,0,1],"scale":1,"type":"substation_transformer"}
{"pos":[-244.487,5.89429998,122.388],"rotationMatrix":[0.707081437,-0.707132101,0,0.707132101,0.707081437,0,0,0,1],"scale":1,"type":"substation_transformer"}
