{"pos":[-229.457001,34.5111008,122.388],"rotationMatrix":[0.707081437,-0.707132101,0,0.707132101,0.707081437,0,0,0,1],"scale":1,"type":"substation_truss"}
{"pos":[-221.324997,26.2504997,122.388],"rotationMatrix":[0.707081437,-0.707132101,0,0.707132101,0.707081437,0,0,0,1],"scale":1,"type":"substation_truss"}
