{"pos":[-235.858002,20.4431992,122.388],"rotationMatrix":[0.707081437,-0.707132101,0,0.707132101,0.707081437,0,0,0,1],"scale":1,"type":"substation_circuitbreaker"}
