{"pos":[-861.33197,-547.08197,106.453003],"rotationMatrix":[-0.703857899,0.710340798,0,-0.710340798,-0.703857899,0,0,0,1],"scale":1,"type":"toll_side"}
