{"pos":[-866.875,-549.487976,106.457001],"rotationMatrix":[0.703704,-0.710493267,0,0.710493267,0.703704,0,0,0,1],"scale":1,"type":"toll_edge"}
{"pos":[-873.119019,-528.29303,106.417999],"rotationMatrix":[-0.707921505,0.706291139,0,-0.706291139,-0.707921505,0,0,0,1],"scale":1,"type":"toll_edge"}
