{"pos":[-873.127991,-528.226013,106.440002],"rotationMatrix":[-0.710510015,0.703687072,0,-0.703687072,-0.710510015,0,0,0,1],"scale":1,"type":"toll"}
{"pos":[-870.106018,-531.271973,106.435997],"rotationMatrix":[-0.705704451,0.708506346,0,-0.708506346,-0.705704451,0,0,0,1],"scale":1,"type":"toll"}
{"pos":[-867.109009,-534.320007,106.439003],"rotationMatrix":[-0.701643467,0.712528229,0,-0.712528229,-0.701643467,0,0,0,1],"scale":1,"type":"toll"}
{"pos":[-864.012024,-537.41803,106.435997],"rotationMatrix":[-0.7009058,0.713253856,0,-0.713253856,-0.7009058,0,0,0,1],"scale":1,"type":"toll"}
{"pos":[-860.982971,-540.559998,106.449997],"rotationMatrix":[-0.700168014,0.713978112,0,-0.713978112,-0.700168014,0,0,0,1],"scale":1,"type":"toll"}
