{"pos":[-702.784424,131.110825,118.227089],"rotationMatrix":[0.707106829,-0.707106769,0,0.707106769,0.707106829,0,0,0,1],"scale":1,"type":"trafficlightbox_green"}
{"pos":[-691.822876,294.734833,129.277222],"rotationMatrix":[0.707106829,-0.707106769,0,0.707106769,0.707106829,0,0,0,1],"scale":1,"type":"trafficlightbox_green"}
{"pos":[-559.573975,400.159668,108.519119],"rotationMatrix":[-0.707106709,-0.707106829,0,0.707106829,-0.707106709,0,0,0,1],"scale":1,"type":"trafficlightbox_green"}
{"pos":[-405.063599,437.085419,95.895134],"rotationMatrix":[-0.707106709,-0.707106829,0,0.707106829,-0.707106709,0,0,0,1],"scale":1,"type":"trafficlightbox_green"}
{"pos":[-462.571838,527.79187,96.2063522],"rotationMatrix":[-0.707106709,0.707106829,0,-0.707106829,-0.707106709,0,0,0,1],"scale":1,"type":"trafficlightbox_green"}
{"pos":[-527.690735,584.11084,89.949707],"rotationMatrix":[0.707106948,0.70710659,0,-0.70710659,0.707106948,0,0,0,1],"scale":1,"type":"trafficlightbox_green"}
{"pos":[-762.154175,543.404297,123.724846],"rotationMatrix":[1,-6.27832947e-07,0,6.27832947e-07,1,0,0,0,1],"scale":1,"type":"trafficlightbox_green"}
{"pos":[-756.736877,666.744385,106.052872],"rotationMatrix":[-5.96046448e-07,-0.99999994,0,0.99999994,-5.96046448e-07,0,0,0,1],"scale":1,"type":"trafficlightbox_green"}
{"pos":[-471.485687,132.003265,100.164261],"rotationMatrix":[-0.955546498,0.294840604,0,-0.294840604,-0.955546498,0,0,0,1],"scale":1,"type":"trafficlightbox_green"}
{"pos":[-327.804169,319.979126,101.67337],"rotationMatrix":[-0.565118432,0.825009763,0,-0.825009763,-0.565118432,0,0,0,1],"scale":1,"type":"trafficlightbox_green"}
{"pos":[-653.937683,465.963318,117.255371],"rotationMatrix":[-0.70690167,0.707311928,0,-0.707311928,-0.70690167,0,0,0,1],"scale":1,"type":"trafficlightbox_green"}
{"pos":[-441.062256,713.30658,74.7899628],"rotationMatrix":[-0.707106709,-0.707106829,0,0.707106829,-0.707106709,0,0,0,1],"scale":1,"type":"trafficlightbox_green"}
{"pos":[-376.719635,618.784424,74.7024765],"rotationMatrix":[-0.707106709,-0.707106829,0,0.707106829,-0.707106709,0,0,0,1],"scale":1,"type":"trafficlightbox_green"}
{"pos":[-585.511475,224.07222,111.998863],"rotationMatrix":[-0.707106709,0.707106829,0,-0.707106829,-0.707106709,0,0,0,1],"scale":1,"type":"trafficlightbox_green"}
{"pos":[-510.097473,323.61911,96.8036728],"rotationMatrix":[-0.707106709,0.707106829,0,-0.707106829,-0.707106709,0,0,0,1],"scale":1,"type":"trafficlightbox_green"}
{"pos":[-781.059753,363.052032,143.514206],"rotationMatrix":[-0.707106709,0.707106829,0,-0.707106829,-0.707106709,0,0,0,1],"scale":1,"type":"trafficlightbox_green"}
{"pos":[-14.4938869,405.126099,101.001854],"rotationMatrix":[0.756827176,0.653615057,0,-0.653615057,0.756827176,0,0,0,1],"scale":1,"type":"trafficlightbox_green"}
{"pos":[168.760635,800.091431,102.050957],"rotationMatrix":[-0.264457822,0.964397311,0,-0.964397311,-0.264457822,0,0,0,1],"scale":1,"type":"trafficlightbox_green"}
{"pos":[866.583008,970.519165,124.428925],"rotationMatrix":[-0.711557508,0.702627957,0,-0.702627957,-0.711557508,0,0,0,1],"scale":1,"type":"trafficlightbox_green"}
{"pos":[942.16394,858.471436,132.046677],"rotationMatrix":[-0.915279388,-0.402819395,0,0.402819395,-0.915279388,0,0,0,1],"scale":1,"type":"trafficlightbox_green"}
{"pos":[972.201355,-743.835876,166.370438],"rotationMatrix":[-0.373248696,0.927731395,0,-0.927731395,-0.373248696,0,0,0,1],"scale":1,"type":"trafficlightbox_green"}
{"pos":[989.957886,-811.818909,166.445831],"rotationMatrix":[0.982176006,0.187963471,0,-0.187963471,0.982176006,0,0,0,1],"scale":1,"type":"trafficlightbox_green"}
{"pos":[191.489868,659.602417,100.125832],"rotationMatrix":[-0.264457822,0.964397311,0,-0.964397311,-0.264457822,0,0,0,1],"scale":1,"type":"trafficlightbox_green"}
{"pos":[-213.30777,13.2743416,122.048309],"rotationMatrix":[0.683413208,-0.730031788,0,0.730031788,0.683413208,0,0,0,1],"scale":1,"type":"trafficlightbox_green"}
{"pos":[59.8491325,439.106232,116.160004],"rotationMatrix":[0.776992559,0.629509807,0,-0.629509807,0.776992559,0,0,0,1],"scale":1,"type":"trafficlightbox_green"}
{"pos":[723.996399,-837.550537,156.723755],"rotationMatrix":[0.962700367,0.270569056,0,-0.270569056,0.962700367,0,0,0,0.999999642],"scale":1,"type":"trafficlightbox_green"}
{"pos":[-899.954407,-785.545227,113.298912],"rotationMatrix":[0.800387204,-0.599483192,0,0.599483192,0.800387204,0,0,0,0.999999762],"scale":1,"type":"trafficlightbox_green"}
{"pos":[-361.604309,-836.615662,136.763733],"rotationMatrix":[0.75182575,-0.659361601,0,0.659361601,0.75182575,0,0,0,0.999999762],"scale":1,"type":"trafficlightbox_green"}
{"pos":[-109.17691,-952.63501,132.232529],"rotationMatrix":[0.371508658,0.928429306,0,-0.928429306,0.371508658,0,0,0,0.999999762],"scale":1,"type":"trafficlightbox_green"}
{"pos":[-730.677979,2064.79297,78.747612],"rotationMatrix":[0.99999994,0,0,0,0.99999994,0,0,0,0.999999881],"scale":1,"type":"trafficlightbox_green"}
{"pos":[-506.31189,2038.89771,78.5218124],"rotationMatrix":[0.968254089,-0.249967158,0,0.249967158,0.968254089,0,0,0,0.999999642],"scale":1,"type":"trafficlightbox_green"}
