{"pos":[-577.835999,167.904007,99.1435013],"rotationMatrix":[0.707081437,-0.707132101,0,0.707132101,0.707081437,0,0,0,1],"scale":1,"type":"warehouse1"}
{"pos":[-693.848999,157.490997,116.424004],"rotationMatrix":[-0.707182407,0.707031131,0,-0.707031131,-0.707182407,0,0,0,1],"scale":1,"type":"warehouse1"}
{"pos":[-745.245972,105.794998,117.009003],"rotationMatrix":[0.707081437,0.707132101,0,-0.707132101,0.707081437,0,0,0,1],"scale":1,"type":"warehouse1"}
{"pos":[-701.419983,45.6876984,107.750999],"rotationMatrix":[-0.707182407,0.707031131,0,-0.707031131,-0.707182407,0,0,0,1],"scale":1,"type":"warehouse1"}
{"pos":[-716.187012,30.8332996,107.750999],"rotationMatrix":[0.707081437,-0.707132101,0,0.707132101,0.707081437,0,0,0,1],"scale":1,"type":"warehouse1"}
{"pos":[-731.974976,37.8237,115.134003],"rotationMatrix":[-0.707182407,-0.707031131,0,0.707031131,-0.707182407,0,0,0,1],"scale":1,"type":"warehouse1"}
{"pos":[-721.018982,51.2658997,117.112999],"rotationMatrix":[0.707081437,-0.707132101,0,0.707132101,0.707081437,0,0,0,1],"scale":1,"type":"warehouse1"}
{"pos":[-788.677979,59.9001999,116.667],"rotationMatrix":[0.707081437,-0.707132101,0,0.707132101,0.707081437,0,0,0,1],"scale":1,"type":"warehouse1"}
