{"pos":[601.802979,-418.167999,149.598007],"rotationMatrix":[-0.948337913,-0.317262053,0,0.317262053,-0.948337913,0,0,0,1],"scale":0.990199983,"type":"wca_rock7"}
{"pos":[923.750671,-347.310577,157.773285],"rotationMatrix":[-0.649038255,0.760755539,0,-0.760755539,-0.649038255,0,0,0,0.999999881],"scale":0.813553691,"type":"wca_rock7"}
{"pos":[923.429565,-346.925629,157.885635],"rotationMatrix":[0.841815531,0.539765239,0,-0.539765239,0.841815531,0,0,0,0.999999881],"scale":1.08689141,"type":"wca_rock7"}
{"pos":[925.538635,-348.026947,157.605606],"rotationMatrix":[0.97407043,0.226244763,0,-0.226244763,0.97407043,0,0,0,0.999999881],"scale":1.09737563,"type":"wca_rock7"}
{"pos":[925.339355,-348.042175,157.587021],"rotationMatrix":[-0.210086122,0.977682769,0,-0.977682769,-0.210086122,0,0,0,0.999999881],"scale":0.895522714,"type":"wca_rock7"}
{"pos":[923.481323,-350.346344,158.049545],"rotationMatrix":[-0.652034283,0.758189261,0,-0.758189261,-0.652034283,0,0,0,0.999999881],"scale":1.00436175,"type":"wca_rock7"}
{"pos":[924.121582,-348.136902,157.802963],"rotationMatrix":[-0.0075013563,0.999971747,0,-0.999971747,-0.0075013563,0,0,0,0.999999881],"scale":1.47230661,"type":"wca_rock7"}
{"pos":[925.582825,-348.336853,157.729919],"rotationMatrix":[-0.979626894,0.200825706,0,-0.200825706,-0.979626894,0,0,0,0.999999881],"scale":1.39475405,"type":"wca_rock7"}
{"pos":[924.18988,-348.938782,157.742218],"rotationMatrix":[-0.622144163,-0.782902539,0,0.782902539,-0.622144163,0,0,0,0.999999881],"scale":1.08411336,"type":"wca_rock7"}
{"pos":[922.371948,-348.001068,157.975006],"rotationMatrix":[-0.996017396,0.0891576111,0,-0.0891576111,-0.996017396,0,0,0,0.999999881],"scale":1.02246094,"type":"wca_rock7"}
{"pos":[921.898987,-346.568176,158.047363],"rotationMatrix":[-0.78291434,0.62212944,0,-0.62212944,-0.78291434,0,0,0,0.999999881],"scale":0.875133634,"type":"wca_rock7"}
{"pos":[922.710449,-347.315369,157.940567],"rotationMatrix":[-0.954800785,0.297246218,0,-0.297246218,-0.954800785,0,0,0,0.999999881],"scale":0.983614564,"type":"wca_rock7"}
{"pos":[922.531372,-347.04303,158.042297],"rotationMatrix":[-0.857071042,0.515197933,0,-0.515197933,-0.857071042,0,0,0,0.999999881],"scale":1.09445417,"type":"wca_rock7"}
{"pos":[925.455078,-347.523132,157.677536],"rotationMatrix":[-0.927024662,-0.375000358,0,0.375000358,-0.927024662,0,0,0,0.999999881],"scale":1.43811917,"type":"wca_rock7"}
{"pos":[933.877319,-342.875031,156.54686],"rotationMatrix":[-0.833872855,-0.551956594,0,0.551956594,-0.833872855,0,0,0,0.999999881],"scale":1.43850732,"type":"wca_rock7"}
{"pos":[934.175415,-345.338165,156.587021],"rotationMatrix":[0.792793393,0.609490395,0,-0.609490395,0.792793393,0,0,0,0.999999881],"scale":0.810503602,"type":"wca_rock7"}
{"pos":[935.170837,-343.337463,156.452911],"rotationMatrix":[-0.896502018,-0.443039417,0,0.443039417,-0.896502018,0,0,0,0.999999881],"scale":0.966143012,"type":"wca_rock7"}
{"pos":[936.524292,-341.553223,156.268173],"rotationMatrix":[0.99995929,0.00901383162,0,-0.00901383162,0.99995929,0,0,0,0.999999881],"scale":0.833680689,"type":"wca_rock7"}
{"pos":[904.003052,-320.725281,163.041748],"rotationMatrix":[-0.958630443,-0.284653217,0,0.284653217,-0.958630443,0,0,0,0.999999881],"scale":1.08706522,"type":"wca_rock7"}
{"pos":[905.336853,-320.107697,162.323181],"rotationMatrix":[-0.403101563,0.915155113,0,-0.915155113,-0.403101563,0,0,0,0.999999881],"scale":1.31229329,"type":"wca_rock7"}
{"pos":[908.383057,-319.505402,160.717682],"rotationMatrix":[0.803798139,0.594902098,0,-0.594902098,0.803798139,0,0,0,0.999999881],"scale":1.07791269,"type":"wca_rock7"}
{"pos":[911.282593,-320.47168,158.722565],"rotationMatrix":[-0.679646313,0.733539879,0,-0.733539879,-0.679646313,0,0,0,0.999999881],"scale":0.831870675,"type":"wca_rock7"}
{"pos":[903.952759,-313.11792,158.961624],"rotationMatrix":[0.394402087,0.918937981,0,-0.918937981,0.394402087,0,0,0,0.999999881],"scale":0.863703012,"type":"wca_rock7"}
{"pos":[903.419617,-315.980225,161.38829],"rotationMatrix":[0.939165115,0.343465865,0,-0.343465865,0.939165115,0,0,0,0.999999881],"scale":1.46880913,"type":"wca_rock7"}
{"pos":[908.347717,-314.819,158.998993],"rotationMatrix":[-0.343134463,0.939286172,0,-0.939286172,-0.343134463,0,0,0,0.999999881],"scale":1.51723456,"type":"wca_rock7"}
{"pos":[906.900452,-313.578827,158.897141],"rotationMatrix":[0.947907805,0.318544626,0,-0.318544626,0.947907805,0,0,0,0.999999881],"scale":0.829955935,"type":"wca_rock7"}
{"pos":[906.560974,-314.485748,159.439026],"rotationMatrix":[0.730087221,0.683353961,0,-0.683353961,0.730087221,0,0,0,0.999999881],"scale":1.57865834,"type":"wca_rock7"}
{"pos":[898.660278,-321.449036,164.785568],"rotationMatrix":[0.990582824,-0.136913896,0,0.136913896,0.990582824,0,0,0,0.999999881],"scale":1.41544604,"type":"wca_rock7"}
{"pos":[899.468506,-321.748566,164.8815],"rotationMatrix":[-0.997790277,-0.0664406195,0,0.0664406195,-0.997790277,0,0,0,0.999999881],"scale":0.896067858,"type":"wca_rock7"}
{"pos":[900.364563,-321.614746,164.608566],"rotationMatrix":[0.444887996,-0.895586193,0,0.895586193,0.444887996,0,0,0,0.999999881],"scale":0.95537138,"type":"wca_rock7"}
{"pos":[904.388367,-323.48999,162.948166],"rotationMatrix":[-0.98834759,-0.15221338,0,0.15221338,-0.98834759,0,0,0,0.999999881],"scale":1.35110164,"type":"wca_rock7"}
{"pos":[907.091309,-320.623688,161.802048],"rotationMatrix":[-0.372479498,-0.928040385,0,0.928040385,-0.372479498,0,0,0,0.999999881],"scale":1.20427692,"type":"wca_rock7"}
{"pos":[910.927917,-323.745331,159.194962],"rotationMatrix":[-0.874033928,0.485864639,0,-0.485864639,-0.874033928,0,0,0,0.999999881],"scale":1.17776251,"type":"wca_rock7"}
{"pos":[894.339661,-319.191345,163.545853],"rotationMatrix":[-0.892230988,0.451579243,0,-0.451579243,-0.892230988,0,0,0,0.999999881],"scale":0.842983603,"type":"wca_rock7"}
{"pos":[898.561462,-320.544708,164.877258],"rotationMatrix":[0.864785492,0.502141416,0,-0.502141416,0.864785492,0,0,0,0.999999881],"scale":1.39093852,"type":"wca_rock7"}
{"pos":[896.965271,-320.475372,165.026764],"rotationMatrix":[0.798272073,-0.602296829,0,0.602296829,0.798272073,0,0,0,0.999999881],"scale":1.34425282,"type":"wca_rock7"}
{"pos":[899.101929,-318.899872,164.321823],"rotationMatrix":[0.510757744,-0.859724581,0,0.859724581,0.510757744,0,0,0,0.999999881],"scale":0.801264703,"type":"wca_rock7"}
{"pos":[896.994019,-319.063202,164.045776],"rotationMatrix":[0.819761693,-0.572704613,0,0.572704613,0.819761693,0,0,0,0.999999881],"scale":1.39101005,"type":"wca_rock7"}
{"pos":[901.677002,-311.61557,158.497681],"rotationMatrix":[0.137976751,-0.990435421,0,0.990435421,0.137976751,0,0,0,0.999999881],"scale":0.815928042,"type":"wca_rock7"}
{"pos":[903.172546,-312.31778,158.594299],"rotationMatrix":[-0.581668019,0.813426018,0,-0.813426018,-0.581668019,0,0,0,0.999999881],"scale":0.98305738,"type":"wca_rock7"}
{"pos":[276.792786,-668.179321,149.525024],"rotationMatrix":[0.892931759,0.450191915,0,-0.450191915,0.892931759,0,0,0,0.999999881],"scale":1.24658155,"type":"wca_rock7"}
{"pos":[439.394806,-507.129883,152.071991],"rotationMatrix":[-0.949186385,-0.314714164,0,0.314714164,-0.949186385,0,0,0,0.999999881],"scale":1.3907969,"type":"wca_rock7"}
{"pos":[436.324768,-503.848724,151.925903],"rotationMatrix":[0.519553006,0.854438245,0,-0.854438245,0.519553006,0,0,0,0.999999881],"scale":1.40340662,"type":"wca_rock7"}
{"pos":[435.811707,-506.801086,152.07666],"rotationMatrix":[-0.976641834,-0.214873597,0,0.214873597,-0.976641834,0,0,0,0.999999881],"scale":0.978158236,"type":"wca_rock7"}
{"pos":[440.754181,-510.692963,152.57196],"rotationMatrix":[0.380773157,0.924668491,0,-0.924668491,0.380773157,0,0,0,0.999999881],"scale":1.12297344,"type":"wca_rock7"}
{"pos":[440.275116,-510.119263,152.496567],"rotationMatrix":[0.9891572,0.146859929,0,-0.146859929,0.9891572,0,0,0,0.999999881],"scale":1.423522,"type":"wca_rock7"}
{"pos":[439.575653,-512.458496,152.674835],"rotationMatrix":[0.791671455,0.610947073,0,-0.610947073,0.791671455,0,0,0,0.999999881],