{"pos":[607.95697,-419.140991,150.783005],"rotationMatrix":[0.652722239,-0.757597327,0,0.757597327,0.652722239,0,0,0,1],"scale":1.38859999,"type":"wca_rock5"}
{"pos":[922.573181,-350.910156,158.070221],"rotationMatrix":[0.891609967,-0.452803999,0,0.452803999,0.891609967,0,0,0,0.999999881],"scale":1.53280568,"type":"wca_rock5"}
{"pos":[924.115417,-347.261292,157.405518],"rotationMatrix":[0.993277729,0.115755178,0,-0.115755178,0.993277729,0,0,0,0.999999881],"scale":1.12462103,"type":"wca_rock5"}
{"pos":[921.975647,-347.589966,157.673019],"rotationMatrix":[0.909361422,0.416006893,0,-0.416006893,0.909361422,0,0,0,0.999999881],"scale":1.24671233,"type":"wca_rock5"}
{"pos":[925.039856,-348.576019,157.354416],"rotationMatrix":[-0.436296165,0.899802983,0,-0.899802983,-0.436296165,0,0,0,0.999999881],"scale":1.5651412,"type":"wca_rock5"}
{"pos":[921.485229,-348.02359,157.853592],"rotationMatrix":[-0.887017548,0.461735666,0,-0.461735666,-0.887017548,0,0,0,0.999999881],"scale":1.13361228,"type":"wca_rock5"}
{"pos":[922.566101,-351.0271,157.873016],"rotationMatrix":[0.957719982,-0.287701666,0,0.287701666,0.957719982,0,0,0,0.999999881],"scale":1.33576334,"type":"wca_rock5"}
{"pos":[923.662231,-346.723572,157.392426],"rotationMatrix":[-0.0775195882,0.99699074,0,-0.99699074,-0.0775195882,0,0,0,0.999999881],"scale":1.44162631,"type":"wca_rock5"}
{"pos":[924.666077,-348.91687,157.308105],"rotationMatrix":[-0.520998716,0.853557289,0,-0.853557289,-0.520998716,0,0,0,0.999999881],"scale":1.38380098,"type":"wca_rock5"}
{"pos":[922.139771,-349.961731,158.139572],"rotationMatrix":[0.381376654,-0.924419701,0,0.924419701,0.381376654,0,0,0,0.999999881],"scale":0.9777987,"type":"wca_rock5"}
{"pos":[923.299622,-346.804016,157.483154],"rotationMatrix":[0.699451804,-0.714679658,0,0.714679658,0.699451804,0,0,0,0.999999881],"scale":1.2542783,"type":"wca_rock5"}
{"pos":[923.497864,-347.745117,157.880066],"rotationMatrix":[-0.149068877,-0.988826752,0,0.988826752,-0.149068877,0,0,0,0.999999881],"scale":1.0699439,"type":"wca_rock5"}
{"pos":[921.483704,-347.604492,157.975159],"rotationMatrix":[-0.183737248,0.982975304,0,-0.982975304,-0.183737248,0,0,0,0.999999881],"scale":1.43899083,"type":"wca_rock5"}
{"pos":[934.044373,-343.313385,156.059067],"rotationMatrix":[0.614603698,0.788836062,0,-0.788836062,0.614603698,0,0,0,0.999999881],"scale":1.33634686,"type":"wca_rock5"}
{"pos":[905.182434,-320.9711,162.164322],"rotationMatrix":[0.875312388,0.483557791,0,-0.483557791,0.875312388,0,0,0,0.999999881],"scale":1.20149446,"type":"wca_rock5"}
{"pos":[907.270813,-316.536957,160.190308],"rotationMatrix":[-0.920687616,0.390300006,0,-0.390300006,-0.920687616,0,0,0,0.999999881],"scale":1.58468723,"type":"wca_rock5"}
{"pos":[908.930542,-319.068176,160.212799],"rotationMatrix":[0.322299004,0.946637928,0,-0.946637928,0.322299004,0,0,0,0.999999881],"scale":1.46006858,"type":"wca_rock5"}
{"pos":[911.657593,-318.875702,158.163376],"rotationMatrix":[0.864206672,0.503136933,0,-0.503136933,0.864206672,0,0,0,0.999999881],"scale":1.21508539,"type":"wca_rock5"}
{"pos":[908.687073,-314.680359,158.557266],"rotationMatrix":[-0.95995909,0.280139953,0,-0.280139953,-0.95995909,0,0,0,0.999999881],"scale":1.1283567,"type":"wca_rock5"}
{"pos":[907.52478,-312.556915,158.11351],"rotationMatrix":[0.984441221,-0.175713763,0,0.175713763,0.984441221,0,0,0,0.999999881],"scale":1.51204407,"type":"wca_rock5"}
{"pos":[905.514099,-310.802734,157.688614],"rotationMatrix":[0.999827206,-0.0185825657,0,0.0185825657,0.999827206,0,0,0,0.999999881],"scale":1.15773416,"type":"wca_rock5"}
{"pos":[905.137756,-312.906036,158.268295],"rotationMatrix":[-0.329670876,0.94409579,0,-0.94409579,-0.329670876,0,0,0,0.999999881],"scale":1.02828062,"type":"wca_rock5"}
{"pos":[906.611206,-312.57605,158.477173],"rotationMatrix":[-0.0031259642,0.999994993,0,-0.999994993,-0.0031259642,0,0,0,0.999999881],"scale":1.21792316,"type":"wca_rock5"}
{"pos":[904.488037,-314.321564,159.68663],"rotationMatrix":[0.948677421,0.316245288,0,-0.316245288,0.948677421,0,0,0,0.999999881],"scale":1.28943324,"type":"wca_rock5"}
{"pos":[903.39209,-315.490814,161.029984],"rotationMatrix":[0.313041091,0.949739516,0,-0.949739516,0.313041091,0,0,0,0.999999881],"scale":0.820885897,"type":"wca_rock5"}
{"pos":[900.640442,-318.404114,163.559998],"rotationMatrix":[0.293827027,-0.955858529,0,0.955858529,0.293827027,0,0,0,0.999999881],"scale":1.08323658,"type":"wca_rock5"}
{"pos":[903.412903,-319.191925,163.115494],"rotationMatrix":[-0.925689757,-0.378283679,0,0.378283679,-0.925689757,0,0,0,0.999999881],"scale":1.57692194,"type":"wca_rock5"}
{"pos":[901.493713,-319.191223,163.553375],"rotationMatrix":[-0.984344959,-0.176252499,0,0.176252499,-0.984344959,0,0,0,0.999999881],"scale":1.30234182,"type":"wca_rock5"}
{"pos":[901.775635,-320.907135,164.012894],"rotationMatrix":[-0.0972565189,0.995259225,0,-0.995259225,-0.0972565189,0,0,0,0.999999881],"scale":1.04761684,"type":"wca_rock5"}
{"pos":[898.971924,-319.7547,164.227936],"rotationMatrix":[-0.996178985,-0.0873344764,0,0.0873344764,-0.996178985,0,0,0,0.999999881],"scale":1.34652901,"type":"wca_rock5"}
{"pos":[899.635315,-321.546204,164.701752],"rotationMatrix":[0.973994315,-0.226572201,0,0.226572201,0.973994315,0,0,0,0.999999881],"scale":0.893548131,"type":"wca_rock5"}
{"pos":[899.540222,-322.651062,165.072266],"rotationMatrix":[-0.519892037,0.854231775,0,-0.854231775,-0.519892037,0,0,0,0.999999881],"scale":1.10306466,"type":"wca_rock5"}
{"pos":[902.155029,-325.388123,164.251205],"rotationMatrix":[0.711814046,-0.702367723,0,0.702367723,0.711814046,0,0,0,0.999999881],"scale":1.45250702,"type":"wca_rock5"}
{"pos":[905.313049,-322.909576,162.545761],"rotationMatrix":[-0.982281506,0.187410966,0,-0.187410966,-0.982281506,0,0,0,0.999999881],"scale":1.45569348,"type":"wca_rock5"}
{"pos":[910.255676,-323.157074,159.381836],"rotationMatrix":[-0.905262589,0.424852312,0,-0.424852312,-0.905262589,0,0,0,0.999999881],"scale":0.866190016,"type":"wca_rock5"}
{"pos":[910.238403,-321.494049,159.171967],"rotationMatrix":[0.105000094,-0.994472086,0,0.994472086,0.105000094,0,0,0,0.999999881],"scale":1.0784862,"type":"wca_rock5"}
{"pos":[912.372437,-321.792908,157.984695],"rotationMatrix":[-0.520079374,-0.854117751,0,0.854117751,-0.520079374,0,0,0,0.999999881],"scale":1.1765964,"type":"wca_rock5"}
{"pos":[908.35553,-322.651123,160.818253],"rotationMatrix":[-0.0892141312,-0.99601239,0,0.99601239,-0.0892141312,0,0,0,0.999999881],"scale":1.12694216,"type":"wca_rock5"}
{"pos":[910.290222,-321.613281,159.025314],"rotationMatrix":[0.93804431,-0.346515059,0,0.346515059,0.93804431,0,0,0,0.999999881],"scale":0.883726954,"type":"wca_rock5"}
{"pos":[897.34613,-315.1026,159.908218],"rotationMatrix":[-0.515555441,0.856856048,0,-0.856856048,-0.515555441,0,0,0,0.999999881],"scale":0.968155921,"type":"wca_rock5"}
{"pos":[898.494507,-316.568634,161.926147],"rotationMatrix":[0.0577730238,-0.998329639,0,0.998329639,0.0577730238,0,0,0,0.999999881],"scale":0.971460223,"type":"wca_rock5"}
{"pos":[901.588684,-315.798157,161.894562],"rotationMatrix":[0.496563643,0.868000329,0,-0.868000329,0.496563643,0,0,0,0.999999881],"scale":0.888070822,"type":"wca_rock5"}
{"pos":[900.787781,-314.173798,159.87088],"rotationMatrix":[0.0436095223,-0.999048531,0,0.999048531,0.0436095223,0,0,0,0.999999881],"scale":0.920606613,"type":"wca_rock5"}
{"pos":[838.289917,-330.780518,156.814926],"rotationMatrix":[-0.880650938,-0.473765433,0,0.473765433,-0.880650938,0,0,0,0.999999881],"scale":1.47407722,"type":"wca_rock5"}
{"pos":[839.146057,-330.098755,156.766052],"rotationMatrix":[-0.88407433,0.467346072,0,-0.467346072,-0.88407433,0,0,0,0.999999881],"scale":1.46389008,"type":"wca_rock5"}
{"pos":[838.381775,-330.452118,157.006424],"rotationMatrix":[-0.0100871427,0.999949038,0,-0.999949038,-0.0100871427,0,0,0,0.999999881],"scale":1.15514779,"type":"wca_rock5"}
{"pos":[837.493713,-332.144806,157.099228],"rotationMatrix":[-0.0748965293,0.99719125,0,-0.99719125,-0.0748965293,0,0,0,0.999999881],"scale":1.26440382,