{"pos":[606.450012,-420.730011,150.160995],"rotationMatrix":[0.774208069,-0.632931173,0,0.632931173,0.774208069,0,0,0,1],"scale":1.43529999,"type":"wca_rock6"}
{"pos":[923.232056,-347.922791,157.809357],"rotationMatrix":[-0.504399419,-0.863470376,0,0.863470376,-0.504399419,0,0,0,0.999999881],"scale":1.09977078,"type":"wca_rock6"}
{"pos":[924.965942,-347.940002,157.764923],"rotationMatrix":[0.139912844,0.990163743,0,-0.990163743,0.139912844,0,0,0,0.999999881],"scale":1.53845787,"type":"wca_rock6"}
{"pos":[925.085632,-348.455566,157.785995],"rotationMatrix":[-0.9500615,0.312062651,0,-0.312062651,-0.9500615,0,0,0,0.999999881],"scale":1.15347624,"type":"wca_rock6"}
{"pos":[925.402771,-348.558289,157.730408],"rotationMatrix":[0.783168435,0.621809661,0,-0.621809661,0.783168435,0,0,0,0.999999881],"scale":1.58467937,"type":"wca_rock6"}
{"pos":[924.288879,-349.239441,157.751831],"rotationMatrix":[0.987548172,-0.157316461,0,0.157316461,0.987548172,0,0,0,0.999999881],"scale":1.40996826,"type":"wca_rock6"}
{"pos":[923.138489,-350.533325,157.997879],"rotationMatrix":[0.913195372,-0.407521844,0,0.407521844,0.913195372,0,0,0,0.999999881],"scale":1.39530516,"type":"wca_rock6"}
{"pos":[924.756531,-346.831696,157.724228],"rotationMatrix":[0.0272184908,0.999629438,0,-0.999629438,0.0272184908,0,0,0,0.999999881],"scale":0.890683234,"type":"wca_rock6"}
{"pos":[921.873657,-350.519562,158.304932],"rotationMatrix":[0.107185215,0.994239032,0,-0.994239032,0.107185215,0,0,0,0.999999881],"scale":1.3840518,"type":"wca_rock6"}
{"pos":[921.958679,-346.833466,158.077072],"rotationMatrix":[0.914988279,0.403480291,0,-0.403480291,0.914988279,0,0,0,0.999999881],"scale":1.51185536,"type":"wca_rock6"}
{"pos":[922.992859,-348.951691,157.885284],"rotationMatrix":[0.899851382,0.436196625,0,-0.436196625,0.899851382,0,0,0,0.999999881],"scale":1.24908805,"type":"wca_rock6"}
{"pos":[923.26062,-346.518005,157.734634],"rotationMatrix":[-0.999173343,0.040650215,0,-0.040650215,-0.999173343,0,0,0,0.999999881],"scale":1.27716947,"type":"wca_rock6"}
{"pos":[924.212402,-350.377563,157.817352],"rotationMatrix":[0.981993973,-0.188911751,0,0.188911751,0.981993973,0,0,0,0.999999881],"scale":1.08311582,"type":"wca_rock6"}
{"pos":[935.716003,-343.21582,156.24675],"rotationMatrix":[0.778211951,-0.628001571,0,0.628001571,0.778211951,0,0,0,0.999999881],"scale":1.46052623,"type":"wca_rock6"}
{"pos":[936.271179,-341.874878,156.361069],"rotationMatrix":[0.461370707,0.887207448,0,-0.887207448,0.461370707,0,0,0,0.999999881],"scale":1.31864834,"type":"wca_rock6"}
{"pos":[935.945496,-344.491791,156.445587],"rotationMatrix":[-0.294029117,-0.955796421,0,0.955796421,-0.294029117,0,0,0,0.999999881],"scale":1.15025353,"type":"wca_rock6"}
{"pos":[933.664368,-344.518219,156.434326],"rotationMatrix":[-0.999201953,-0.0399406068,0,0.0399406068,-0.999201953,0,0,0,0.999999881],"scale":1.48646903,"type":"wca_rock6"}
{"pos":[903.680725,-319.093597,162.881836],"rotationMatrix":[0.452963173,0.891529262,0,-0.891529262,0.452963173,0,0,0,0.999999881],"scale":1.13708186,"type":"wca_rock6"}
{"pos":[907.773987,-319.420166,160.806778],"rotationMatrix":[-0.676096857,-0.736812711,0,0.736812711,-0.676096857,0,0,0,0.999999881],"scale":1.31821108,"type":"wca_rock6"}
{"pos":[907.765991,-319.661621,161.115753],"rotationMatrix":[-0.422485769,-0.906369448,0,0.906369448,-0.422485769,0,0,0,0.999999881],"scale":1.47255015,"type":"wca_rock6"}
{"pos":[911.615051,-317.865143,158.240158],"rotationMatrix":[-0.27465871,0.961541653,0,-0.961541653,-0.27465871,0,0,0,0.999999881],"scale":1.23836136,"type":"wca_rock6"}
{"pos":[907.033875,-316.805054,160.507416],"rotationMatrix":[-0.24698104,-0.969020188,0,0.969020188,-0.24698104,0,0,0,0.999999881],"scale":0.80527097,"type":"wca_rock6"}
{"pos":[910.074951,-316.108307,158.399902],"rotationMatrix":[0.264963627,0.964258373,0,-0.964258373,0.264963627,0,0,0,0.999999881],"scale":1.39621723,"type":"wca_rock6"}
{"pos":[907.460999,-313.179901,158.213013],"rotationMatrix":[0.872078121,-0.489366442,0,0.489366442,0.872078121,0,0,0,0.999999881],"scale":1.37527561,"type":"wca_rock6"}
{"pos":[907.278076,-316.299347,159.951813],"rotationMatrix":[-0.480858386,-0.876798093,0,0.876798093,-0.480858386,0,0,0,0.999999881],"scale":1.39913082,"type":"wca_rock6"}
{"pos":[903.544373,-315.039154,160.553314],"rotationMatrix":[-0.432698458,0.901538551,0,-0.901538551,-0.432698458,0,0,0,0.999999881],"scale":1.57810426,"type":"wca_rock6"}
{"pos":[907.413452,-313.685272,158.860535],"rotationMatrix":[-0.685751319,0.727835655,0,-0.727835655,-0.685751319,0,0,0,0.999999881],"scale":1.5494504,"type":"wca_rock6"}
{"pos":[904.972168,-316,161.081787],"rotationMatrix":[0.637908936,-0.77011162,0,0.77011162,0.637908936,0,0,0,0.999999881],"scale":1.11217999,"type":"wca_rock6"}
{"pos":[902.860901,-318.93869,163.100204],"rotationMatrix":[0.24099201,0.970527112,0,-0.970527112,0.24099201,0,0,0,0.999999881],"scale":1.22334123,"type":"wca_rock6"}
{"pos":[901.023926,-318.899139,163.832764],"rotationMatrix":[0.832896352,0.553429008,0,-0.553429008,0.832896352,0,0,0,0.999999881],"scale":0.965203524,"type":"wca_rock6"}
{"pos":[900.787964,-322.473785,164.521561],"rotationMatrix":[0.451156795,0.89244473,0,-0.89244473,0.451156795,0,0,0,0.999999881],"scale":0.890189052,"type":"wca_rock6"}
{"pos":[897.746155,-321.386139,164.850204],"rotationMatrix":[0.48637706,0.873749018,0,-0.873749018,0.48637706,0,0,0,0.999999881],"scale":1.25803399,"type":"wca_rock6"}
{"pos":[909.900024,-322.897308,159.645203],"rotationMatrix":[-0.707906485,0.706305921,0,-0.706305921,-0.707906485,0,0,0,0.999999881],"scale":1.02642918,"type":"wca_rock6"}
{"pos":[895.360229,-321.383911,165.081543],"rotationMatrix":[-0.661787093,0.749691546,0,-0.749691546,-0.661787093,0,0,0,0.999999881],"scale":1.41513968,"type":"wca_rock6"}
{"pos":[895.132629,-319.517731,163.76059],"rotationMatrix":[0.0886976868,-0.996058464,0,0.996058464,0.0886976868,0,0,0,0.999999881],"scale":1.55547404,"type":"wca_rock6"}
{"pos":[895.853333,-320.175964,164.493179],"rotationMatrix":[0.988286138,-0.152611643,0,0.152611643,0.988286138,0,0,0,0.999999881],"scale":1.43494737,"type":"wca_rock6"}
{"pos":[896.717102,-315.783234,160.818634],"rotationMatrix":[0.776091158,-0.630620539,0,0.630620539,0.776091158,0,0,0,0.999999881],"scale":1.00149095,"type":"wca_rock6"}
{"pos":[899.078857,-316.17337,161.949295],"rotationMatrix":[0.349982291,0.936756313,0,-0.936756313,0.349982291,0,0,0,0.999999881],"scale":1.3067565,"type":"wca_rock6"}
{"pos":[901.144165,-312.746155,158.814377],"rotationMatrix":[0.0878023729,0.996137798,0,-0.996137798,0.0878023729,0,0,0,0.999999881],"scale":0.893988609,"type":"wca_rock6"}
{"pos":[902.423462,-313.376068,159.135681],"rotationMatrix":[-0.855748296,-0.517392159,0,0.517392159,-0.855748296,0,0,0,0.999999881],"scale":1.07197499,"type":"wca_rock6"}
{"pos":[899.235291,-310.441437,157.974777],"rotationMatrix":[-0.821108818,0.570771396,0,-0.570771396,-0.821108818,0,0,0,0.999999881],"scale":1.22361267,"type":"wca_rock6"}
{"pos":[838.851135,-343.940796,160.3284],"rotationMatrix":[0.391635388,0.920120478,0,-0.920120478,0.391635388,0,0,0,0.999999881],"scale":1.39890635,"type":"wca_rock6"}
{"pos":[829.68457,-347.691986,160.463425],"rotationMatrix":[-0.367355615,0.930080473,0,-0.930080473,-0.367355615,0,0,0,0.999999881],"scale":1.08735085,"type":"wca_rock6"}
{"pos":[435.802704,-503.817169,151.87175],"rotationMatrix":[-0.929344237,-0.369214326,0,0.369214326,-0.929344237,0,0,0,0.999999881],"scale":1.38698864,"type":"wca_rock6"}
{"pos":[434.88974,-508.416107,152.102966],"rotationMatrix":[-0.934297144,-0.356495053,0,0.356495053,-0.934297144,0,0,0,0.999999881],"scale":1.27574372,"type":"wca_rock6"}
{"pos":[436.118042,-507.887939,152.288177],"rotationMatrix":[0.999730468,-0.023213692,0,0.023213692,0.999730468,0,0,0,0.999999881],"scale":1.47605419,"type":"wca_rock6"}
{"pos":[439.363342,-508.418274,152.422562],"rotationMatrix":[-0.939059198,-0.343755454,0,0.343755454,-0.939059198,0,0,0,0.999999881],"scale":0.94643116,