{"pos":[600.901978,-421.531006,149.817993],"rotationMatrix":[-0.795512438,0.605937243,0,-0.605937243,-0.795512438,0,0,0,1],"scale":1.43540001,"type":"wca_rock9"}
{"pos":[923.556519,-349.859863,157.947983],"rotationMatrix":[0.668652058,-0.743575335,0,0.743575335,0.668652058,0,0,0,0.999999881],"scale":0.88747555,"type":"wca_rock9"}
{"pos":[922.159058,-348.156464,158.122452],"rotationMatrix":[0.957193434,0.289448768,0,-0.289448768,0.957193434,0,0,0,0.999999881],"scale":0.979790568,"type":"wca_rock9"}
{"pos":[923.006897,-346.751892,157.794083],"rotationMatrix":[0.860172212,0.510003567,0,-0.510003567,0.860172212,0,0,0,0.999999881],"scale":1.07111621,"type":"wca_rock9"}
{"pos":[924.402161,-349.141327,157.94487],"rotationMatrix":[-0.758142292,-0.65208894,0,0.65208894,-0.758142292,0,0,0,0.999999881],"scale":0.944178462,"type":"wca_rock9"}
{"pos":[923.762268,-350.330231,158.077423],"rotationMatrix":[0.914078295,-0.405537546,0,0.405537546,0.914078295,0,0,0,0.999999881],"scale":0.889634728,"type":"wca_rock9"}
{"pos":[924.018799,-349.217743,157.93898],"rotationMatrix":[-0.00838967506,0.999964774,0,-0.999964774,-0.00838967506,0,0,0,0.999999881],"scale":0.847852111,"type":"wca_rock9"}
{"pos":[924.147339,-346.944855,157.659195],"rotationMatrix":[0.0846769512,0.996408403,0,-0.996408403,0.0846769512,0,0,0,0.999999881],"scale":1.2598381,"type":"wca_rock9"}
{"pos":[924.044189,-349.047089,157.877213],"rotationMatrix":[-0.0926862881,0.995695293,0,-0.995695293,-0.0926862881,0,0,0,0.999999881],"scale":0.933253884,"type":"wca_rock9"}
{"pos":[924.714355,-348.696228,157.870422],"rotationMatrix":[-0.512124956,0.858910739,0,-0.858910739,-0.512124956,0,0,0,0.999999881],"scale":1.3006016,"type":"wca_rock9"}
{"pos":[923.843872,-346.240173,157.781998],"rotationMatrix":[0.0217183735,-0.999764025,0,0.999764025,0.0217183735,0,0,0,0.999999881],"scale":1.57473421,"type":"wca_rock9"}
{"pos":[925.674744,-348.243225,157.593826],"rotationMatrix":[-0.610377669,0.792110324,0,-0.792110324,-0.610377669,0,0,0,0.999999881],"scale":1.21508789,"type":"wca_rock9"}
{"pos":[923.231689,-349.582611,158.082443],"rotationMatrix":[0.998226166,0.0595344305,0,-0.0595344305,0.998226166,0,0,0,0.999999881],"scale":1.35786915,"type":"wca_rock9"}
{"pos":[922.463745,-349.888885,158.195587],"rotationMatrix":[0.994147122,0.10803441,0,-0.10803441,0.994147122,0,0,0,0.999999881],"scale":0.952945352,"type":"wca_rock9"}
{"pos":[921.371094,-347.154999,158.117996],"rotationMatrix":[0.593726993,0.804666519,0,-0.804666519,0.593726993,0,0,0,0.999999881],"scale":1.2065177,"type":"wca_rock9"}
{"pos":[924.200439,-348.572968,157.776672],"rotationMatrix":[-0.374876708,0.927074552,0,-0.927074552,-0.374876708,0,0,0,0.999999881],"scale":1.57317424,"type":"wca_rock9"}
{"pos":[922.906433,-351.005676,157.925323],"rotationMatrix":[0.999783933,0.0207798444,0,-0.0207798444,0.999783933,0,0,0,0.999999881],"scale":1.5637747,"type":"wca_rock9"}
{"pos":[936.937744,-344.986389,156.262787],"rotationMatrix":[0.901417315,-0.432951093,0,0.432951093,0.901417315,0,0,0,0.999999881],"scale":1.46713662,"type":"wca_rock9"}
{"pos":[934.892029,-344.099304,156.522751],"rotationMatrix":[-0.849515855,0.527563035,0,-0.527563035,-0.849515855,0,0,0,0.999999881],"scale":0.965806425,"type":"wca_rock9"}
{"pos":[934.698608,-345.0914,156.469254],"rotationMatrix":[-0.394488096,0.918900907,0,-0.918900907,-0.394488096,0,0,0,0.999999881],"scale":1.0423187,"type":"wca_rock9"}
{"pos":[936.16626,-342.65979,156.417831],"rotationMatrix":[0.991876066,0.127207205,0,-0.127207205,0.991876066,0,0,0,0.999999881],"scale":1.49785721,"type":"wca_rock9"}
{"pos":[933.994568,-342.531128,156.476883],"rotationMatrix":[0.755963266,0.654613972,0,-0.654613972,0.755963266,0,0,0,0.999999881],"scale":0.837444961,"type":"wca_rock9"}
{"pos":[903.735229,-318.923126,162.780731],"rotationMatrix":[0.802278459,0.596949935,0,-0.596949935,0.802278459,0,0,0,0.999999881],"scale":1.30220342,"type":"wca_rock9"}
{"pos":[908.702209,-318.786011,160.26326],"rotationMatrix":[0.931165338,-0.364596933,0,0.364596933,0.931165338,0,0,0,0.999999881],"scale":0.832685769,"type":"wca_rock9"}
{"pos":[908.268005,-321.390778,161.240936],"rotationMatrix":[0.982484281,-0.186345011,0,0.186345011,0.982484281,0,0,0,0.999999881],"scale":1.13006258,"type":"wca_rock9"}
{"pos":[911.052429,-318.961609,158.668121],"rotationMatrix":[0.41960901,0.907705009,0,-0.907705009,0.41960901,0,0,0,0.999999881],"scale":0.869815707,"type":"wca_rock9"}
{"pos":[911.432678,-320.863556,158.740784],"rotationMatrix":[0.785663068,0.618654609,0,-0.618654609,0.785663068,0,0,0,0.999999881],"scale":1.10493064,"type":"wca_rock9"}
{"pos":[911.936462,-319.250916,158.048538],"rotationMatrix":[0.433655053,0.901078999,0,-0.901078999,0.433655053,0,0,0,0.999999881],"scale":1.45490456,"type":"wca_rock9"}
{"pos":[904.760864,-313.026428,158.732895],"rotationMatrix":[0.406275392,-0.913750589,0,0.913750589,0.406275392,0,0,0,0.999999881],"scale":0.836409986,"type":"wca_rock9"}
{"pos":[906.498169,-312.457672,158.245102],"rotationMatrix":[0.78694725,0.617020249,0,-0.617020249,0.78694725,0,0,0,0.999999881],"scale":1.05655015,"type":"wca_rock9"}
{"pos":[906.009644,-312.585144,158.365128],"rotationMatrix":[-0.50079608,0.865565121,0,-0.865565121,-0.50079608,0,0,0,0.999999881],"scale":1.34384775,"type":"wca_rock9"}
{"pos":[903.174133,-316.834106,162.076614],"rotationMatrix":[-0.736281276,-0.676675379,0,0.676675379,-0.736281276,0,0,0,0.999999881],"scale":1.57365274,"type":"wca_rock9"}
{"pos":[899.722412,-322.259369,164.900894],"rotationMatrix":[-0.219306827,0.975655854,0,-0.975655854,-0.219306827,0,0,0,0.999999881],"scale":1.02691472,"type":"wca_rock9"}
{"pos":[899.475769,-324.942383,165.329178],"rotationMatrix":[0.804766655,-0.593591034,0,0.593591034,0.804766655,0,0,0,0.999999881],"scale":1.49009824,"type":"wca_rock9"}
{"pos":[900.639771,-322.862335,164.620972],"rotationMatrix":[-0.267874897,-0.963453591,0,0.963453591,-0.267874897,0,0,0,0.999999881],"scale":0.866295338,"type":"wca_rock9"}
{"pos":[904.784668,-323.876343,162.978302],"rotationMatrix":[0.690425754,-0.723403156,0,0.723403156,0.690425754,0,0,0,0.999999881],"scale":1.04588771,"type":"wca_rock9"}
{"pos":[906.247559,-321.19281,162.007614],"rotationMatrix":[-0.427519411,-0.904006004,0,0.904006004,-0.427519411,0,0,0,0.999999881],"scale":1.30896592,"type":"wca_rock9"}
{"pos":[906.809998,-321.521973,161.857391],"rotationMatrix":[-0.998463809,0.0554056838,0,-0.0554056838,-0.998463809,0,0,0,0.999999881],"scale":0.871059179,"type":"wca_rock9"}
{"pos":[906.108154,-323.985626,162.366577],"rotationMatrix":[-0.454922825,0.890530765,0,-0.890530765,-0.454922825,0,0,0,0.999999881],"scale":1.54871726,"type":"wca_rock9"}
{"pos":[908.10022,-320.538391,161.06369],"rotationMatrix":[0.167329893,-0.985900879,0,0.985900879,0.167329893,0,0,0,0.999999881],"scale":1.18701887,"type":"wca_rock9"}
{"pos":[908.494568,-323.699097,161.097382],"rotationMatrix":[-0.98745054,0.157927617,0,-0.157927617,-0.98745054,0,0,0,0.999999881],"scale":1.51024771,"type":"wca_rock9"}
{"pos":[910.806213,-321.311218,158.959564],"rotationMatrix":[0.719322622,-0.694676042,0,0.694676042,0.719322622,0,0,0,0.999999881],"scale":1.07430673,"type":"wca_rock9"}
{"pos":[911.890625,-323.602142,158.474609],"rotationMatrix":[-0.273860365,0.961769402,0,-0.961769402,-0.273860365,0,0,0,0.999999881],"scale":1.10425377,"type":"wca_rock9"}
{"pos":[910.239441,-322.912109,159.6539],"rotationMatrix":[0.843169391,-0.537647724,0,0.537647724,0.843169391,0,0,0,0.999999881],"scale":0.876504481,"type":"wca_rock9"}
{"pos":[895.188965,-318.760559,163.441574],"rotationMatrix":[-0.791013241,0.611798942,0,-0.611798942,-0.791013241,0,0,0,0.999999881],"scale":1.48177266,"type":"wca_rock9"}
{"pos":[893.559082,-319.121002,163.298386],"rotationMatrix":[-0.410212308,0.911989927,0,-0.911989927,-0.410212308,0,0,0,0.999999881],"scale":0.956000328,"type":"wca_rock9"}
{"pos":[899.286743,-319.749298,164.449158],"rotationMatrix":[-0.800547957,-0.599268675,0,0.599268675,-0.800547957,0,0,0,0.999999881],