{"name":"lampLight_141","class":"SpotLight","__parent":"lampLights_71","position":[-679.023376,803.655396,82.0110016],"animationPeriod":2,"brightness":0.899999976,"color":[0.82745105,0.92549026,0.470588267,1],"fadeStartDistance":10,"innerAngle":10,"outerAngle":170,"rotationMatrix":[0.717528582,-0.69652915,-2.98023224e-08,1.1920929e-07,-1.1920929e-07,-1.00000024,0.69652915,0.71752882,0],"shadowDarkenColor":[0,0,0,0],"shadowDistance":20}
{"name":"lampBulb_421","class":"PointLight","__parent":"lampLights_71","position":[-678.095215,804.302551,81.9891815],"brightness":20,"color":[0.826189578,0.925667524,0.471540183,1],"radius":0.5,"rotationMatrix":[0.717528582,-0.69652915,-2.98023224e-08,1.1920929e-07,-1.1920929e-07,-1.00000024,0.69652915,0.71752882,0],"shadowDarkenColor":[0,0,0,0]}
{"name":"lampBulb_422","class":"PointLight","__parent":"lampLights_71","position":[-678.461182,804.657837,81.9891815],"brightness":20,"color":[0.826189578,0.925667524,0.471540183,1],"radius":0.5,"rotationMatrix":[0.717528582,-0.69652915,-2.98023224e-08,1.1920929e-07,-1.1920929e-07,-1.00000024,0.69652915,0.71752882,0],"shadowDarkenColor":[0,0,0,0]}
{"name":"lampBulb_423","class":"PointLight","__parent":"lampLights_71","position":[-678.619629,803.762329,81.9891815],"brightness":20,"color":[0.826189578,0.925667524,0.471540183,1],"radius":0.5,"rotationMatrix":[0.717528582,-0.69652915,-2.98023224e-08,1.1920929e-07,-1.1920929e-07,-1.00000024,0.69652915,0.71752882,0],"shadowDarkenColor":[0,0,0,0]}
{"name":"lampLight_142","class":"SpotLight","__parent":"lampLights_71","position":[-678.5,804.194519,82.0110016],"animationPeriod":2,"brightness":0.899999976,"color":[0.82745105,0.92549026,0.470588267,1],"fadeStartDistance":10,"innerAngle":10,"outerAngle":170,"rotationMatrix":[0.717528582,-0.69652915,-2.98023224e-08,1.1920929e-07,-1.1920929e-07,-1.00000024,0.69652915,0.71752882,0],"shadowDarkenColor":[0,0,0,0],"shadowDistance":20}
{"name":"lampBulb_424","class":"PointLight","__parent":"lampLights_71","position":[-679.476257,803.612122,81.9891815],"brightness":20,"color":[0.826189578,0.925667524,0.471540183,1],"radius":0.5,"rotationMatrix":[0.717528582,-0.69652915,-2.98023224e-08,1.1920929e-07,-1.1920929e-07,-1.00000024,0.69652915,0.71752882,0],"shadowDarkenColor":[0,0,0,0]}
{"name":"lampBulb_425","class":"PointLight","__parent":"lampLights_71","position":[-678.985657,804.117554,81.9891815],"brightness":20,"color":[0.826189578,0.925667524,0.471540183,1],"radius":0.5,"rotationMatrix":[0.717528582,-0.69652915,-2.98023224e-08,1.1920929e-07,-1.1920929e-07,-1.00000024,0.69652915,0.71752882,0],"shadowDarkenColor":[0,0,0,0]}
{"name":"lampBulb_426","class":"PointLight","__parent":"lampLights_71","position":[-679.110291,803.256897,81.9891815],"brightness":20,"color":[0.826189578,0.925667524,0.471540183,1],"radius":0.5,"rotationMatrix":[0.717528582,-0.69652915,-2.98023224e-08,1.1920929e-07,-1.1920929e-07,-1.00000024,0.69652915,0.71752882,0],"shadowDarkenColor":[0,0,0,0]}
