{
  "looped":false,
  "manualFov":false,
  "markers":[
    {
      "fov":20,
      "movingEnd":true,
      "movingStart":true,
      "pos":{
        "x":416.0449219,
        "y":-261.6647949,
        "z":146.776413
      },
      "rot":{
        "z":0.7538595599,
        "w":0.6553028615,
        "x":0.03128414853,
        "y":-0.0359892438
      },
      "time":0,
      "trackPosition":true
    },
    {
      "fov":20,
      "movingEnd":true,
      "movingStart":true,
      "pos":{
        "x":424.0081787,
        "y":-261.2476501,
        "z":147.7900696
      },
      "rot":{
        "z":0.7538595599,
        "w":0.6553028615,
        "x":0.03128414853,
        "y":-0.0359892438
      },
      "time":3,
      "trackPosition":true
    }
  ],
  "name":"camPath",
  "rotFixId":2,
  "version":"6"
}