{
  "looped":false,
  "manualFov":true,
  "markers":[
    {
      "fov":30,
      "movingEnd":true,
      "movingStart":true,
      "pos":{
        "x":-832.4448339,
        "y":874.0048078,
        "z":75.76659537
      },
      "rot":{
        "z":0.4591323628,
        "w":0.8883678693,
        "x":4.135682782e-05,
        "y":-2.137431883e-05
      },
      "time":0,
      "trackPosition":false
    },
    {
      "fov":30,
      "movingEnd":true,
      "movingStart":true,
      "pos":{
        "x":-832.4448339,
        "y":874.0048078,
        "z":75.76659537
      },
      "rot":{
        "z":0.4591323628,
        "w":0.8883678693,
        "x":4.135682782e-05,
        "y":-2.137431883e-05
      },
      "time":10,
      "trackPosition":false
    }
  ],
  "name":"finishFwd",
  "version":"6"
}