{"name":"lampBulb_924","class":"PointLight","__parent":"lensflare lamps","position":[-891.712463,-645.923279,112.695793],"brightness":20,"color":[0.826189578,0.925667524,0.471540183,1],"radius":0.5,"rotationMatrix":[0.785744727,-0.618551016,-3.33786011e-06,-2.62260437e-06,1.78813934e-06,-1.00000036,0.618551016,0.785745025,-2.38418579e-07],"shadowDarkenColor":[0,0,0,0]}
{"name":"lampBulb_923","class":"PointLight","__parent":"lensflare lamps","position":[-891.316772,-646.245239,112.695625],"brightness":20,"color":[0.826189578,0.925667524,0.471540183,1],"radius":0.5,"rotationMatrix":[0.785744727,-0.618551016,-3.33786011e-06,-2.62260437e-06,1.78813934e-06,-1.00000036,0.618551016,0.785745025,-2.38418579e-07],"shadowDarkenColor":[0,0,0,0]}
{"name":"lampBulb_920","class":"PointLight","__parent":"lensflare lamps","position":[-890.792542,-644.792908,112.697014],"brightness":20,"color":[0.826189578,0.925667524,0.471540183,1],"radius":0.5,"rotationMatrix":[0.785744727,-0.618551016,-3.33786011e-06,-2.62260437e-06,1.78813934e-06,-1.00000036,0.618551016,0.785745025,-2.38418579e-07],"shadowDarkenColor":[0,0,0,0]}
{"name":"lampBulb_922","class":"PointLight","__parent":"lensflare lamps","position":[-890.872131,-645.698853,112.696205],"brightness":20,"color":[0.826189578,0.925667524,0.471540183,1],"radius":0.5,"rotationMatrix":[0.785744727,-0.618551016,-3.33786011e-06,-2.62260437e-06,1.78813934e-06,-1.00000036,0.618551016,0.785745025,-2.38418579e-07],"shadowDarkenColor":[0,0,0,0]}
{"name":"lampBulb_921","class":"PointLight","__parent":"lensflare lamps","position":[-891.267822,-645.376892,112.696373],"brightness":20,"color":[0.826189578,0.925667524,0.471540183,1],"radius":0.5,"rotationMatrix":[0.785744727,-0.618551016,-3.33786011e-06,-2.62260437e-06,1.78813934e-06,-1.00000036,0.618551016,0.785745025,-2.38418579e-07],"shadowDarkenColor":[0,0,0,0]}
{"name":"lampLight_307","class":"SpotLight","__parent":"lensflare lamps","position":[-890.790771,-645.257874,112.718422],"animationPeriod":2,"brightness":0.899999976,"color":[0.82745105,0.92549026,0.470588267,1],"fadeStartDistance":10,"innerAngle":10,"outerAngle":170,"rotationMatrix":[0.785744727,-0.618551016,-3.33786011e-06,-2.62260437e-06,1.78813934e-06,-1.00000036,0.618551016,0.785745025,-2.38418579e-07],"shadowDarkenColor":[0,0,0,0],"shadowDistance":20}
{"name":"lampBulb_919","class":"PointLight","__parent":"lensflare lamps","position":[-890.396973,-645.114868,112.696846],"brightness":20,"color":[0.826189578,0.925667524,0.471540183,1],"radius":0.5,"rotationMatrix":[0.785744727,-0.618551016,-3.33786011e-06,-2.62260437e-06,1.78813934e-06,-1.00000036,0.618551016,0.785745025,-2.38418579e-07],"shadowDarkenColor":[0,0,0,0]}
{"name":"lampLight_308","class":"SpotLight","__parent":"lensflare lamps","position":[-891.265015,-645.840637,112.717812],"animationPeriod":2,"brightness":0.899999976,"color":[0.82745105,0.92549026,0.470588267,1],"fadeStartDistance":10,"innerAngle":10,"outerAngle":170,"rotationMatrix":[0.785744727,-0.618551016,-3.33786011e-06,-2.62260437e-06,1.78813934e-06,-1.00000036,0.618551016,0.785745025,-2.38418579e-07],"shadowDarkenColor":[0,0,0,0],"shadowDistance":20}
{"name":"lampBulb_925","class":"PointLight","__parent":"lensflare lamps","position":[-902.215637,-658.392639,112.695625],"brightness":20,"color":[0.826189578,0.925667524,0.471540183,1],"radius":0.5,"rotationMatrix":[0.785744727,-0.618551016,-3.33786011e-06,-2.62260437e-06,1.78813934e-06,-1.00000036,0.618551016,0.785745025,-2.38418579e-07],"shadowDarkenColor":[0,0,0,0]}
{"name":"lampBulb_926","class":"PointLight","__parent":"lensflare lamps","position":[-901.691406,-656.940308,112.697014],"brightness":20,"color":[0.826189578,0.925667524,0.471540183,1],"radius":0.5,"rotationMatrix":[0.785744727,-0.618551016,-3.33786011e-06,-2.62260437e-06,1.78813934e-06,-1.00000036,0.618551016,0.785745025,-2.38418579e-07],"shadowDarkenColor":[0,0,0,0]}
{"name":"lampBulb_927","class":"PointLight","__parent":"lensflare lamps","position":[-901.770996,-657.846252,112.696205],"brightness":20,"color":[0.826189578,0.925667524,0.471540183,1],"radius":0.5,"rotationMatrix":[0.785744727,-0.618551016,-3.33786011e-06,-2.62260437e-06,1.78813934e-06,-1.00000036,0.618551016,0.785745025,-2.38418579e-07],"shadowDarkenColor":[0,0,0,0]}
{"name":"lampBulb_928","class":"PointLight","__parent":"lensflare lamps","position":[-902.166687,-657.524292,112.696373],"brightness":20,"color":[0.826189578,0.925667524,0.471540183,1],"radius":0.5,"rotationMatrix":[0.785744727,-0.618551016,-3.33786011e-06,-2.62260437e-06,1.78813934e-06,-1.00000036,0.618551016,0.785745025,-2.38418579e-07],"shadowDarkenColor":[0,0,0,0]}
{"name":"lampLight_309","class":"SpotLight","__parent":"lensflare lamps","position":[-901.689636,-657.405273,112.718422],"animationPeriod":2,"brightness":0.899999976,"color":[0.82745105,0.92549026,0.470588267,1],"fadeStartDistance":10,"innerAngle":10,"outerAngle":170,"rotationMatrix":[0.785744727,-0.618551016,-3.33786011e-06,-2.62260437e-06,1.78813934e-06,-1.00000036,0.618551016,0.785745025,-2.38418579e-07],"shadowDarkenColor":[0,0,0,0],"shadowDistance":20}
{"name":"lampBulb_929","class":"PointLight","__parent":"lensflare lamps","position":[-901.295837,-657.262268,112.696846],"brightness":20,"color":[0.826189578,0.925667524,0.471540183,1],"radius":0.5,"rotationMatrix":[0.785744727,-0.618551016,-3.33786011e-06,-2.62260437e-06,1.78813934e-06,-1.00000036,0.618551016,0.785745025,-2.38418579e-07],"shadowDarkenColor":[0,0,0,0]}
{"name":"lampLight_310","class":"SpotLight","__parent":"lensflare lamps","position":[-902.163879,-657.988037,112.717812],"animationPeriod":2,"brightness":0.899999976,"color":[0.82745105,0.92549026,0.470588267,1],"fadeStartDistance":10,"innerAngle":10,"outerAngle":170,"rotationMatrix":[0.785744727,-0.618551016,-3.33786011e-06,-2.62260437e-06,1.78813934e-06,-1.00000036,0.618551016,0.785745025,-2.38418579e-07],"shadowDarkenColor":[0,0,0,0],"shadowDistance":20}
{"name":"lampBulb_930","class":"PointLight","__parent":"lensflare lamps","position":[-902.611328,-658.070679,112.695793],"brightness":20,"color":[0.826189578,0.925667524,0.471540183,1],"radius":0.5,"rotationMatrix":[0.785744727,-0.618551016,-3.33786011e-06,-2.62260437e-06,1.78813934e-06,-1.00000036,0.618551016,0.785745025,-2.38418579e-07],"shadowDarkenColor":[0,0,0,0]}
{"name":"lampBulb_931","class":"PointLight","__parent":"lensflare lamps","position":[-889.7099,-678.532898,112.695625],"brightness":20,"color":[0.826189578,0.925667524,0.471540183,1],"radius":0.5,"rotationMatrix":[0.664135933,0.74761194,-3.39746475e-06,-1.60932541e-06,-3.33786011e-06,-1.00000024,-0.74761194,0.664136231,-1.1920929e-06],"shadowDarkenColor":[0,0,0,0]}
{"name":"lampBulb_932","class":"PointLight","__parent":"lensflare lamps","position":[-891.12854,-677.923279,112.697014],"brightness":20,"color":[0.826189578,0.925667524,0.471540183,1],"radius":0.5,"rotationMatrix":[0.664135933,0.74761194,-3.39746475e-06,-1.60932541e-06,-3.33786011e-06,-1.00000024,-0.74761194,0.664136231,-1.1920929e-06],"shadowDarkenColor":[0,0,0,0]}
{"name":"lampBulb_933","class":"PointLight","__parent":"lensflare lamps","position":[-890.228943,-678.05658,112.696205],"brightness":20,"color":[0.826189578,0.925667524,0.471540183,1],"radius":0.5,"rotationMatrix":[0.664135933,0.74761194,-3.39746475e-06,-1.60932541e-06,-3.33786011e-06,-1.00000024,-0.74761194,0.664136231,-1.1920929e-06],"shadowDarkenColor":[0,0,0,0]}
{"name":"lampBulb_934","class":"PointLight","__parent":"lensflare lamps","position":[-890.573853,-678.432373,112.696373],"brightness":20,"color":[0.826189578,0.925667524,0.471540183,1],"radius":0.5,"rotationMatrix":[0.664135933,0.74761194,-3.39746475e-06,-1.60932541e-06,-3.33786011e-06,-1.00000024,-0.74761194,0.664136231,-1.1920929e-06],"shadowDarkenColor":[0,0,0,0]}
{"name":"lampLight_311","class":"SpotLight","__parent":"lensflare lamps","position":[-890.664307,-677.949097,112.718422],"animationPeriod":2,"brightness":0.899999976,"color":[0.82745105,0.92549026,0.470588267,1],