{
  "looped":false,
  "manualFov":true,
  "markers":[
    {
      "fov":30,
      "movingEnd":true,
      "movingStart":true,
      "pos":{
        "x":-907.8637787,
        "y":-768.3727303,
        "z":115.0567082
      },
      "rot":{
        "z":0.9834888907,
        "w":0.158153119,
        "x":0.01396548799,
        "y":-0.0868455986
      },
      "time":0,
      "trackPosition":false
    },
    {
      "fov":30,
      "movingEnd":true,
      "movingStart":true,
      "pos":{
        "x":-907.8637787,
        "y":-768.3727303,
        "z":115.0567082
      },
      "rot":{
        "z":0.9834888907,
        "w":0.158153119,
        "x":0.01396548799,
        "y":-0.0868455986
      },
      "time":10,
      "trackPosition":false
    }
  ],
  "name":"finishFwd",
  "rotFixId":1,
  "version":"6"
}