{"name":"lampLight_215","class":"SpotLight","__parent":"lampLights_108","position":[-570.466858,675.436035,97.6357498],"animationPeriod":2,"brightness":0.899999976,"color":[0.82745105,0.92549026,0.470588267,1],"fadeStartDistance":10,"hidden":true,"innerAngle":10,"isEnabled":false,"outerAngle":170,"rotationMatrix":[0.997928798,0.0643283725,1.49011612e-07,9.68575478e-08,9.53674316e-07,-0.999999821,-0.0643283725,0.99792856,9.53674316e-07],"shadowDarkenColor":[0,0,0,0],"shadowDistance":20}
{"name":"lampBulb_643","class":"PointLight","__parent":"lampLights_108","position":[-570.323608,676.558411,97.6139297],"brightness":20,"color":[0.826189578,0.925667524,0.471540183,1],"hidden":true,"isEnabled":false,"radius":0.5,"rotationMatrix":[0.997928798,0.0643283725,1.49011612e-07,9.68575478e-08,9.53674316e-07,-0.999999821,-0.0643283725,0.99792856,9.53674316e-07],"shadowDarkenColor":[0,0,0,0]}
{"name":"lampBulb_644","class":"PointLight","__parent":"lampLights_108","position":[-570.83252,676.525635,97.6139297],"brightness":20,"color":[0.826189578,0.925667524,0.471540183,1],"hidden":true,"isEnabled":false,"radius":0.5,"rotationMatrix":[0.997928798,0.0643283725,1.49011612e-07,9.68575478e-08,9.53674316e-07,-0.999999821,-0.0643283725,0.99792856,9.53674316e-07],"shadowDarkenColor":[0,0,0,0]}
{"name":"lampBulb_645","class":"PointLight","__parent":"lampLights_108","position":[-570.275146,675.807007,97.6139297],"brightness":20,"color":[0.826189578,0.925667524,0.471540183,1],"hidden":true,"isEnabled":false,"radius":0.5,"rotationMatrix":[0.997928798,0.0643283725,1.49011612e-07,9.68575478e-08,9.53674316e-07,-0.999999821,-0.0643283725,0.99792856,9.53674316e-07],"shadowDarkenColor":[0,0,0,0]}
{"name":"lampLight_216","class":"SpotLight","__parent":"lampLights_108","position":[-570.515198,676.185913,97.6357498],"animationPeriod":2,"brightness":0.899999976,"color":[0.82745105,0.92549026,0.470588267,1],"fadeStartDistance":10,"hidden":true,"innerAngle":10,"isEnabled":false,"outerAngle":170,"rotationMatrix":[0.997928798,0.0643283725,1.49011612e-07,9.68575478e-08,9.53674316e-07,-0.999999821,-0.0643283725,0.99792856,9.53674316e-07],"shadowDarkenColor":[0,0,0,0],"shadowDistance":20}
{"name":"lampBulb_646","class":"PointLight","__parent":"lampLights_108","position":[-570.738647,675.071533,97.6139297],"brightness":20,"color":[0.826189578,0.925667524,0.471540183,1],"hidden":true,"isEnabled":false,"radius":0.5,"rotationMatrix":[0.997928798,0.0643283725,1.49011612e-07,9.68575478e-08,9.53674316e-07,-0.999999821,-0.0643283725,0.99792856,9.53674316e-07],"shadowDarkenColor":[0,0,0,0]}
{"name":"lampBulb_647","class":"PointLight","__parent":"lampLights_108","position":[-570.784119,675.77417,97.6139297],"brightness":20,"color":[0.826189578,0.925667524,0.471540183,1],"hidden":true,"isEnabled":false,"radius":0.5,"rotationMatrix":[0.997928798,0.0643283725,1.49011612e-07,9.68575478e-08,9.53674316e-07,-0.999999821,-0.0643283725,0.99792856,9.53674316e-07],"shadowDarkenColor":[0,0,0,0]}
{"name":"lampBulb_648","class":"PointLight","__parent":"lampLights_108","position":[-570.229797,675.104126,97.6139297],"brightness":20,"color":[0.826189578,0.925667524,0.471540183,1],"hidden":true,"isEnabled":false,"radius":0.5,"rotationMatrix":[0.997928798,0.0643283725,1.49011612e-07,9.68575478e-08,9.53674316e-07,-0.999999821,-0.0643283725,0.99792856,9.53674316e-07],"shadowDarkenColor":[0,0,0,0]}
