{
  "looped":false,
  "manualFov":true,
  "markers":[
    {
      "fov":30,
      "movingEnd":true,
      "movingStart":true,
      "pos":{
        "x":731.4315311,
        "y":-831.1845745,
        "z":159.8763758
      },
      "rot":{
        "z":-0.4723517399,
        "w":0.8721359762,
        "x":0.1121348453,
        "y":0.06073260446
      },
      "time":0,
      "trackPosition":true
    },
    {
      "cut":true,
      "fov":30,
      "movingEnd":true,
      "movingStart":true,
      "pos":{
        "x":713.3385682,
        "y":-834.6817683,
        "z":160.0075568
      },
      "rot":{
        "z":0.2304166338,
        "w":0.9629622825,
        "x":0.1361975088,
        "y":-0.03258920113
      },
      "time":12,
      "trackPosition":true
    },
    {
      "fov":30,
      "movingEnd":true,
      "movingStart":true,
      "pos":{
        "x":720.1504952,
        "y":-817.796506,
        "z":159.4680907
      },
      "rot":{
        "z":0.9147358449,
        "w":0.3991752755,
        "x":0.02503322348,
        "y":-0.05736524337
      },
      "time":12,
      "trackPosition":true
    },
    {
      "fov":30,
      "movingEnd":true,
      "movingStart":true,
      "pos":{
        "x":708.3807066,
        "y":-824.6671166,
        "z":159.9483303
      },
      "rot":{
        "z":0.8366335932,
        "w":0.5406697581,
        "x":0.04769097264,
        "y":-0.07379711776
      },
      "time":24,
      "trackPosition":true
    }
  ],
  "name":"camPath",
  "rotFixId":3,
  "version":"6"
}