{"name":"lampLight_135","class":"SpotLight","__parent":"lampLights_68","position":[-700.070923,824.687317,82.1073456],"animationPeriod":2,"brightness":0.899999976,"color":[0.82745105,0.92549026,0.470588267,1],"fadeStartDistance":10,"hidden":true,"innerAngle":10,"isEnabled":false,"outerAngle":170,"rotationMatrix":[0.717528582,-0.69652915,-2.98023224e-08,1.1920929e-07,-1.1920929e-07,-1.00000024,0.69652915,0.71752882,0],"shadowDarkenColor":[0,0,0,0],"shadowDistance":20}
{"name":"lampBulb_403","class":"PointLight","__parent":"lampLights_68","position":[-699.142761,825.334473,82.0855255],"brightness":20,"color":[0.826189578,0.925667524,0.471540183,1],"hidden":true,"isEnabled":false,"radius":0.5,"rotationMatrix":[0.717528582,-0.69652915,-2.98023224e-08,1.1920929e-07,-1.1920929e-07,-1.00000024,0.69652915,0.71752882,0],"shadowDarkenColor":[0,0,0,0]}
{"name":"lampBulb_404","class":"PointLight","__parent":"lampLights_68","position":[-699.508728,825.689758,82.0855255],"brightness":20,"color":[0.826189578,0.925667524,0.471540183,1],"hidden":true,"isEnabled":false,"radius":0.5,"rotationMatrix":[0.717528582,-0.69652915,-2.98023224e-08,1.1920929e-07,-1.1920929e-07,-1.00000024,0.69652915,0.71752882,0],"shadowDarkenColor":[0,0,0,0]}
{"name":"lampBulb_405","class":"PointLight","__parent":"lampLights_68","position":[-699.667175,824.79425,82.0855255],"brightness":20,"color":[0.826189578,0.925667524,0.471540183,1],"hidden":true,"isEnabled":false,"radius":0.5,"rotationMatrix":[0.717528582,-0.69652915,-2.98023224e-08,1.1920929e-07,-1.1920929e-07,-1.00000024,0.69652915,0.71752882,0],"shadowDarkenColor":[0,0,0,0]}
{"name":"lampLight_136","class":"SpotLight","__parent":"lampLights_68","position":[-699.547546,825.22644,82.1073456],"animationPeriod":2,"brightness":0.899999976,"color":[0.82745105,0.92549026,0.470588267,1],"fadeStartDistance":10,"hidden":true,"innerAngle":10,"isEnabled":false,"outerAngle":170,"rotationMatrix":[0.717528582,-0.69652915,-2.98023224e-08,1.1920929e-07,-1.1920929e-07,-1.00000024,0.69652915,0.71752882,0],"shadowDarkenColor":[0,0,0,0],"shadowDistance":20}
{"name":"lampBulb_406","class":"PointLight","__parent":"lampLights_68","position":[-700.523804,824.644043,82.0855255],"brightness":20,"color":[0.826189578,0.925667524,0.471540183,1],"hidden":true,"isEnabled":false,"radius":0.5,"rotationMatrix":[0.717528582,-0.69652915,-2.98023224e-08,1.1920929e-07,-1.1920929e-07,-1.00000024,0.69652915,0.71752882,0],"shadowDarkenColor":[0,0,0,0]}
{"name":"lampBulb_407","class":"PointLight","__parent":"lampLights_68","position":[-700.033203,825.149475,82.0855255],"brightness":20,"color":[0.826189578,0.925667524,0.471540183,1],"hidden":true,"isEnabled":false,"radius":0.5,"rotationMatrix":[0.717528582,-0.69652915,-2.98023224e-08,1.1920929e-07,-1.1920929e-07,-1.00000024,0.69652915,0.71752882,0],"shadowDarkenColor":[0,0,0,0]}
{"name":"lampBulb_408","class":"PointLight","__parent":"lampLights_68","position":[-700.157837,824.288818,82.0855255],"brightness":20,"color":[0.826189578,0.925667524,0.471540183,1],"hidden":true,"isEnabled":false,"radius":0.5,"rotationMatrix":[0.717528582,-0.69652915,-2.98023224e-08,1.1920929e-07,-1.1920929e-07,-1.00000024,0.69652915,0.71752882,0],"shadowDarkenColor":[0,0,0,0]}
