{
  "looped":false,
  "manualFov":true,
  "markers":[
    {
      "fov":25,
      "movingEnd":true,
      "movingStart":true,
      "pos":{
        "x":483.6508987,
        "y":1611.700824,
        "z":76.73313124
      },
      "rot":{
        "z":0.8255706913,
        "w":-0.559149828,
        "x":-0.04265019062,
        "y":-0.06297193631
      },
      "time":0,
      "trackPosition":true
    },
    {
      "cut":true,
      "fov":25,
      "movingEnd":true,
      "movingStart":true,
      "pos":{
        "x":478.7376122,
        "y":1618.114011,
        "z":76.58048068
      },
      "rot":{
        "z":0.9214660631,
        "w":-0.3852265743,
        "x":-0.01928847041,
        "y":-0.04613822638
      },
      "time":12,
      "trackPosition":true
    },
    {
      "fov":30,
      "movingEnd":true,
      "movingStart":true,
      "pos":{
        "x":463.0744019,
        "y":1607.373169,
        "z":76.15224457
      },
      "rot":{
        "z":0.4107476459,
        "w":0.9091534796,
        "x":0.06265094054,
        "y":-0.0283051508
      },
      "time":12,
      "trackPosition":true
    },
    {
      "fov":30,
      "movingEnd":true,
      "movingStart":true,
      "pos":{
        "x":469.5101624,
        "y":1603.565796,
        "z":76.32125092
      },
      "rot":{
        "z":0.1894752171,
        "w":0.9774926251,
        "x":0.09108027935,
        "y":-0.01765481934
      },
      "time":24,
      "trackPosition":true
    }
  ],
  "name":"camPath1",
  "rotFixId":3,
  "version":"6"
}