{
  "looped":false,
  "manualFov":true,
  "markers":[
    {
      "fov":20,
      "movingEnd":true,
      "movingStart":true,
      "pos":{
        "x":-514.6544465,
        "y":2035.596117,
        "z":80.05432951
      },
      "rot":{
        "z":-0.8756297169,
        "w":-0.4824689259,
        "x":-0.01075138336,
        "y":0.01951261575
      },
      "time":0,
      "trackPosition":true
    },
    {
      "fov":20,
      "movingEnd":true,
      "movingStart":true,
      "pos":{
        "x":-522.6777754,
        "y":2037.324373,
        "z":80.12537943
      },
      "rot":{
        "z":-0.8134661578,
        "w":-0.5814634134,
        "x":-0.007651027287,
        "y":0.01070377194
      },
      "time":3,
      "trackPosition":true
    }
  ],
  "name":"camPath",
  "rotFixId":1,
  "version":"6"
}