{
  "looped":false,
  "manualFov":true,
  "markers":[
    {
      "fov":20,
      "movingEnd":true,
      "movingStart":true,
      "pos":{
        "x":-488.361228,
        "y":2013.278548,
        "z":80.44376053
      },
      "rot":{
        "z":-0.4528005736,
        "w":0.8907271763,
        "x":0.03539705487,
        "y":0.01799406954
      },
      "time":0,
      "trackPosition":true
    },
    {
      "fov":20,
      "movingEnd":true,
      "movingStart":true,
      "pos":{
        "x":-482.2981796,
        "y":2011.153284,
        "z":80.60401678
      },
      "rot":{
        "z":-0.4984522035,
        "w":0.866525793,
        "x":0.02257813542,
        "y":0.01298763573
      },
      "time":3,
      "trackPosition":true
    }
  ],
  "name":"camPath",
  "version":"6"
}