{
  "looped":false,
  "manualFov":true,
  "markers":[
    {
      "fov":25,
      "movingEnd":true,
      "movingStart":true,
      "pos":{
        "x":-511.343587,
        "y":2034.154061,
        "z":82.4314388
      },
      "rot":{
        "z":0.9574781116,
        "w":0.2691353873,
        "x":0.02812402005,
        "y":-0.1000542288
      },
      "time":0,
      "trackPosition":true
    },
    {
      "cut":true,
      "fov":25,
      "movingEnd":true,
      "movingStart":true,
      "pos":{
        "x":-489.4082622,
        "y":2033.589303,
        "z":80.9882521
      },
      "rot":{
        "z":0.9950553918,
        "w":-0.06788133256,
        "x":-0.004934684808,
        "y":-0.07233630424
      },
      "time":15,
      "trackPosition":true
    },
    {
      "fov":25,
      "movingEnd":true,
      "movingStart":true,
      "pos":{
        "x":-490.4815157,
        "y":2019.844444,
        "z":80.45743118
      },
      "rot":{
        "z":0.3671880738,
        "w":-0.9279569183,
        "x":-0.0593130697,
        "y":-0.0234698954
      },
      "time":15,
      "trackPosition":true
    },
    {
      "fov":25,
      "movingEnd":true,
      "movingStart":true,
      "pos":{
        "x":-502.4079922,
        "y":2012.819481,
        "z":80.27465583
      },
      "rot":{
        "z":0.1617481693,
        "w":-0.9857750988,
        "x":-0.04505909522,
        "y":-0.007393396498
      },
      "time":30,
      "trackPosition":true
    }
  ],
  "name":"camPath1",
  "rotFixId":3,
  "version":"6"
}