{
  "looped":false,
  "manualFov":true,
  "markers":[
    {
      "fov":35,
      "movingEnd":true,
      "movingStart":true,
      "pos":{
        "x":-496.5572066,
        "y":2017.116406,
        "z":80.78548414
      },
      "rot":{
        "z":-0.9845817257,
        "w":0.1364195884,
        "x":0.01502721668,
        "y":0.1084560004
      },
      "time":0,
      "trackPosition":true
    },
    {
      "cut":true,
      "fov":35,
      "movingEnd":true,
      "movingStart":true,
      "pos":{
        "x":-505.2600279,
        "y":2019.575264,
        "z":80.78548414
      },
      "rot":{
        "z":-0.9845817257,
        "w":0.1364195884,
        "x":0.01502721668,
        "y":0.1084560004
      },
      "time":15,
      "trackPosition":true
    },
    {
      "fov":35,
      "movingEnd":true,
      "movingStart":true,
      "pos":{
        "x":-507.616696,
        "y":2004.598915,
        "z":81.39958436
      },
      "rot":{
        "z":0.1023885987,
        "w":0.9882912556,
        "x":0.1125214373,
        "y":-0.01165740587
      },
      "time":15,
      "trackPosition":true
    },
    {
      "fov":35,
      "movingEnd":true,
      "movingStart":true,
      "pos":{
        "x":-500.9675605,
        "y":2003.206245,
        "z":81.39958436
      },
      "rot":{
        "z":0.1023885987,
        "w":0.9882912556,
        "x":0.1125214373,
        "y":-0.01165740587
      },
      "time":30,
      "trackPosition":true
    }
  ],
  "name":"camPath1",
  "rotFixId":1,
  "version":"6"
}