{
  "0-100 km/h":11.3,
  "0-100 mph":36.3,
  "0-60 mph":10.7,
  "100-0 km/h":39,
  "60-0 mph":119.5,
  "60-100 mph":25.5,
  "BoundingBox":[
    [
      -0.6,
      -1.97,
      -0.2578
    ],
    [
      1.376,
      3.186,
      1.514
    ]
  ],
  "Braking G":1.008,
  "Config Type":"Custom",
  "Configuration":"The Putrid (M)",
  "Description":"Something must have decomposed in here",
  "Drag Times":{
    "time_1000":15.14899598,
    "time_1_4":18.08759632,
    "time_1_8":11.68340327,
    "time_330":7.614693287,
    "time_60":2.743907762,
    "velAt_1_4":34.50143825,
    "velAt_1_8":27.9362423
  },
  "Drivetrain":"FWD",
  "Fuel Type":"Gasoline",
  "Induction Type":"NA",
  "Off-Road Score":34,
  "Population":1,
  "Power":143,
  "PowerPeakRPM":4700,
  "Propulsion":"ICE",
  "Top Speed":52.1624374,
  "Torque":230,
  "TorquePeakRPM":"3050 - 4200",
  "Transmission":"Manual",
  "Weight":1635,
  "Value":1400,
  "Weight/Power":11.43356643,
  "Years":{
    "max":2007,
    "min":2003
  }
}