{"name":"lampLight_13","class":"SpotLight","__parent":"lampLights_7","position":[-896.71814,548.267883,138.872879],"animationPeriod":2,"brightness":0.899999976,"color":[0.82745105,0.92549026,0.470588267,1],"fadeStartDistance":10,"innerAngle":10,"isEnabled":false,"outerAngle":170,"rotationMatrix":[0.999999881,0,0,0,-8.74227695e-08,-0.999999821,0,0.999999821,-8.74227624e-08],"shadowDarkenColor":[0,0,0,0],"shadowDistance":20}
{"name":"lampBulb_37","class":"PointLight","__parent":"lampLights_7","position":[-896.50293,549.378723,138.851059],"brightness":20,"color":[0.826189578,0.925667524,0.471540183,1],"isEnabled":false,"radius":0.5,"rotationMatrix":[0.999999881,0,0,0,-8.74227695e-08,-0.999999821,0,0.999999821,-8.74227624e-08],"shadowDarkenColor":[0,0,0,0]}
{"name":"lampBulb_38","class":"PointLight","__parent":"lampLights_7","position":[-897.013,549.378723,138.851059],"brightness":20,"color":[0.826189578,0.925667524,0.471540183,1],"isEnabled":false,"radius":0.5,"rotationMatrix":[0.999999881,0,0,0,-8.74227695e-08,-0.999999821,0,0.999999821,-8.74227624e-08],"shadowDarkenColor":[0,0,0,0]}
{"name":"lampBulb_39","class":"PointLight","__parent":"lampLights_7","position":[-896.50293,548.625793,138.851059],"brightness":20,"color":[0.826189578,0.925667524,0.471540183,1],"isEnabled":false,"radius":0.5,"rotationMatrix":[0.999999881,0,0,0,-8.74227695e-08,-0.999999821,0,0.999999821,-8.74227624e-08],"shadowDarkenColor":[0,0,0,0]}
{"name":"lampLight_14","class":"SpotLight","__parent":"lampLights_7","position":[-896.71814,549.019287,138.872879],"animationPeriod":2,"brightness":0.899999976,"color":[0.82745105,0.92549026,0.470588267,1],"fadeStartDistance":10,"innerAngle":10,"isEnabled":false,"outerAngle":170,"rotationMatrix":[0.999999881,0,0,0,-8.74227695e-08,-0.999999821,0,0.999999821,-8.74227624e-08],"shadowDarkenColor":[0,0,0,0],"shadowDistance":20}
{"name":"lampBulb_40","class":"PointLight","__parent":"lampLights_7","position":[-897.013,547.921387,138.851059],"brightness":20,"color":[0.826189578,0.925667524,0.471540183,1],"isEnabled":false,"radius":0.5,"rotationMatrix":[0.999999881,0,0,0,-8.74227695e-08,-0.999999821,0,0.999999821,-8.74227624e-08],"shadowDarkenColor":[0,0,0,0]}
{"name":"lampBulb_41","class":"PointLight","__parent":"lampLights_7","position":[-897.013,548.625793,138.851059],"brightness":20,"color":[0.826189578,0.925667524,0.471540183,1],"isEnabled":false,"radius":0.5,"rotationMatrix":[0.999999881,0,0,0,-8.74227695e-08,-0.999999821,0,0.999999821,-8.74227624e-08],"shadowDarkenColor":[0,0,0,0]}
{"name":"lampBulb_42","class":"PointLight","__parent":"lampLights_7","position":[-896.50293,547.921387,138.851059],"brightness":20,"color":[0.826189578,0.925667524,0.471540183,1],"isEnabled":false,"radius":0.5,"rotationMatrix":[0.999999881,0,0,0,-8.74227695e-08,-0.999999821,0,0.999999821,-8.74227624e-08],"shadowDarkenColor":[0,0,0,0]}
