{"name":"lampLight_211","class":"SpotLight","__parent":"lampLights_106","position":[-557.281128,675.563049,97.1215057],"animationPeriod":2,"brightness":0.899999976,"color":[0.82745105,0.92549026,0.470588267,1],"fadeStartDistance":10,"innerAngle":10,"isEnabled":false,"outerAngle":170,"rotationMatrix":[0.844563246,-0.535455763,0,1.1920929e-07,2.98023224e-07,-0.999999881,0.535455763,0.844563127,2.98023224e-07],"shadowDarkenColor":[0,0,0,0],"shadowDistance":20}
{"name":"lampBulb_631","class":"PointLight","__parent":"lampLights_106","position":[-556.504639,676.385986,97.0996857],"brightness":20,"color":[0.826189578,0.925667524,0.471540183,1],"isEnabled":false,"radius":0.5,"rotationMatrix":[0.844563246,-0.535455763,0,1.1920929e-07,2.98023224e-07,-0.999999881,0.535455763,0.844563127,2.98023224e-07],"shadowDarkenColor":[0,0,0,0]}
{"name":"lampBulb_632","class":"PointLight","__parent":"lampLights_106","position":[-556.935364,676.659119,97.0996857],"brightness":20,"color":[0.826189578,0.925667524,0.471540183,1],"isEnabled":false,"radius":0.5,"rotationMatrix":[0.844563246,-0.535455763,0,1.1920929e-07,2.98023224e-07,-0.999999881,0.535455763,0.844563127,2.98023224e-07],"shadowDarkenColor":[0,0,0,0]}
{"name":"lampBulb_633","class":"PointLight","__parent":"lampLights_106","position":[-556.907837,675.750061,97.0996857],"brightness":20,"color":[0.826189578,0.925667524,0.471540183,1],"isEnabled":false,"radius":0.5,"rotationMatrix":[0.844563246,-0.535455763,0,1.1920929e-07,2.98023224e-07,-0.999999881,0.535455763,0.844563127,2.98023224e-07],"shadowDarkenColor":[0,0,0,0]}
{"name":"lampLight_212","class":"SpotLight","__parent":"lampLights_106","position":[-556.878845,676.197632,97.1215057],"animationPeriod":2,"brightness":0.899999976,"color":[0.82745105,0.92549026,0.470588267,1],"fadeStartDistance":10,"innerAngle":10,"isEnabled":false,"outerAngle":170,"rotationMatrix":[0.844563246,-0.535455763,0,1.1920929e-07,2.98023224e-07,-0.999999881,0.535455763,0.844563127,2.98023224e-07],"shadowDarkenColor":[0,0,0,0],"shadowDistance":20}
{"name":"lampBulb_634","class":"PointLight","__parent":"lampLights_106","position":[-557.715454,675.428345,97.0996857],"brightness":20,"color":[0.826189578,0.925667524,0.471540183,1],"isEnabled":false,"radius":0.5,"rotationMatrix":[0.844563246,-0.535455763,0,1.1920929e-07,2.98023224e-07,-0.999999881,0.535455763,0.844563127,2.98023224e-07],"shadowDarkenColor":[0,0,0,0]}
{"name":"lampBulb_635","class":"PointLight","__parent":"lampLights_106","position":[-557.338562,676.023193,97.0996857],"brightness":20,"color":[0.826189578,0.925667524,0.471540183,1],"isEnabled":false,"radius":0.5,"rotationMatrix":[0.844563246,-0.535455763,0,1.1920929e-07,2.98023224e-07,-0.999999881,0.535455763,0.844563127,2.98023224e-07],"shadowDarkenColor":[0,0,0,0]}
{"name":"lampBulb_636","class":"PointLight","__parent":"lampLights_106","position":[-557.284973,675.155151,97.0996857],"brightness":20,"color":[0.826189578,0.925667524,0.471540183,1],"isEnabled":false,"radius":0.5,"rotationMatrix":[0.844563246,-0.535455763,0,1.1920929e-07,2.98023224e-07,-0.999999881,0.535455763,0.844563127,2.98023224e-07],"shadowDarkenColor":[0,0,0,0]}
