{"name":"lampLight_231","class":"SpotLight","__parent":"lampLights_116","position":[-251.267303,669.798767,82.2318878],"animationPeriod":2,"brightness":0.899999976,"color":[0.82745105,0.92549026,0.470588267,1],"fadeStartDistance":10,"innerAngle":10,"outerAngle":170,"rotationMatrix":[-0.999489665,-0.0319330692,4.28408384e-08,-6.14672899e-08,7.74860382e-07,-0.999999821,0.0319330692,-0.999489844,-4.76837158e-07],"shadowDarkenColor":[0,0,0,0],"shadowDistance":20}
{"name":"lampBulb_691","class":"PointLight","__parent":"lampLights_116","position":[-251.446869,668.681641,82.2100677],"brightness":20,"color":[0.826189578,0.925667524,0.471540183,1],"radius":0.5,"rotationMatrix":[-0.999489665,-0.0319330692,4.28408384e-08,-6.14672899e-08,7.74860382e-07,-0.999999821,0.0319330692,-0.999489844,-4.76837158e-07],"shadowDarkenColor":[0,0,0,0]}
{"name":"lampBulb_692","class":"PointLight","__parent":"lampLights_116","position":[-250.937073,668.697998,82.2100677],"brightness":20,"color":[0.826189578,0.925667524,0.471540183,1],"radius":0.5,"rotationMatrix":[-0.999489665,-0.0319330692,4.28408384e-08,-6.14672899e-08,7.74860382e-07,-0.999999821,0.0319330692,-0.999489844,-4.76837158e-07],"shadowDarkenColor":[0,0,0,0]}
{"name":"lampBulb_693","class":"PointLight","__parent":"lampLights_116","position":[-251.470917,669.434204,82.2100677],"brightness":20,"color":[0.826189578,0.925667524,0.471540183,1],"radius":0.5,"rotationMatrix":[-0.999489665,-0.0319330692,4.28408384e-08,-6.14672899e-08,7.74860382e-07,-0.999999821,0.0319330692,-0.999489844,-4.76837158e-07],"shadowDarkenColor":[0,0,0,0]}
{"name":"lampLight_232","class":"SpotLight","__parent":"lampLights_116","position":[-251.243256,669.047791,82.2318878],"animationPeriod":2,"brightness":0.899999976,"color":[0.82745105,0.92549026,0.470588267,1],"fadeStartDistance":10,"innerAngle":10,"outerAngle":170,"rotationMatrix":[-0.999489665,-0.0319330692,4.28408384e-08,-6.14672899e-08,7.74860382e-07,-0.999999821,0.0319330692,-0.999489844,-4.76837158e-07],"shadowDarkenColor":[0,0,0,0],"shadowDistance":20}
{"name":"lampBulb_694","class":"PointLight","__parent":"lampLights_116","position":[-250.983856,670.154236,82.2100677],"brightness":20,"color":[0.826189578,0.925667524,0.471540183,1],"radius":0.5,"rotationMatrix":[-0.999489665,-0.0319330692,4.28408384e-08,-6.14672899e-08,7.74860382e-07,-0.999999821,0.0319330692,-0.999489844,-4.76837158e-07],"shadowDarkenColor":[0,0,0,0]}
{"name":"lampBulb_695","class":"PointLight","__parent":"lampLights_116","position":[-250.961151,669.450439,82.2100677],"brightness":20,"color":[0.826189578,0.925667524,0.471540183,1],"radius":0.5,"rotationMatrix":[-0.999489665,-0.0319330692,4.28408384e-08,-6.14672899e-08,7.74860382e-07,-0.999999821,0.0319330692,-0.999489844,-4.76837158e-07],"shadowDarkenColor":[0,0,0,0]}
{"name":"lampBulb_696","class":"PointLight","__parent":"lampLights_116","position":[-251.493439,670.138245,82.2100677],"brightness":20,"color":[0.826189578,0.925667524,0.471540183,1],"radius":0.5,"rotationMatrix":[-0.999489665,-0.0319330692,4.28408384e-08,-6.14672899e-08,7.74860382e-07,-0.999999821,0.0319330692,-0.999489844,-4.76837158e-07],"shadowDarkenColor":[0,0,0,0]}
