{
  "looped":true,
  "manualFov":false,
  "markers":[
    {
      "fov":30,
      "movingEnd":true,
      "movingStart":true,
      "pos":{
        "x":839.1687311,
        "y":-513.5434448,
        "z":166.5559519
      },
      "rot":{
        "z":-0.9876847329,
        "w":0.15507298,
        "x":0.003220986701,
        "y":0.02051498197
      },
      "time":0,
      "trackPosition":true
    },
    {
      "cut":false,
      "fov":30,
      "movingEnd":true,
      "movingStart":true,
      "pos":{
        "x":840.634626,
        "y":-518.6075873,
        "z":166.1025922
      },
      "rot":{
        "z":-0.9740310762,
        "w":0.2140183903,
        "x":-0.0158569602,
        "y":-0.07216749918
      },
      "time":8,
      "trackPosition":false
    },
    {
      "fov":30,
      "movingEnd":true,
      "movingStart":true,
      "pos":{
        "x":839.1687311,
        "y":-513.5434448,
        "z":166.5559519
      },
      "rot":{
        "z":-0.9876847329,
        "w":0.15507298,
        "x":0.003220986701,
        "y":0.02051498197
      },
      "time":16,
      "trackPosition":true
    }
  ],
  "name":"camPath",
  "rotFixId":1,
  "version":"6"
}