{"name":"lampLight_139","class":"SpotLight","__parent":"lampLights_70","position":[-664.177795,818.489929,82.0110016],"animationPeriod":2,"brightness":0.899999976,"color":[0.82745105,0.92549026,0.470588267,1],"fadeStartDistance":10,"innerAngle":10,"outerAngle":170,"rotationMatrix":[0.717528582,-0.69652915,-2.98023224e-08,1.1920929e-07,-1.1920929e-07,-1.00000024,0.69652915,0.71752882,0],"shadowDarkenColor":[0,0,0,0],"shadowDistance":20}
{"name":"lampBulb_415","class":"PointLight","__parent":"lampLights_70","position":[-663.249634,819.137085,81.9891815],"brightness":20,"color":[0.826189578,0.925667524,0.471540183,1],"radius":0.5,"rotationMatrix":[0.717528582,-0.69652915,-2.98023224e-08,1.1920929e-07,-1.1920929e-07,-1.00000024,0.69652915,0.71752882,0],"shadowDarkenColor":[0,0,0,0]}
{"name":"lampBulb_416","class":"PointLight","__parent":"lampLights_70","position":[-663.615601,819.492371,81.9891815],"brightness":20,"color":[0.826189578,0.925667524,0.471540183,1],"radius":0.5,"rotationMatrix":[0.717528582,-0.69652915,-2.98023224e-08,1.1920929e-07,-1.1920929e-07,-1.00000024,0.69652915,0.71752882,0],"shadowDarkenColor":[0,0,0,0]}
{"name":"lampBulb_417","class":"PointLight","__parent":"lampLights_70","position":[-663.774048,818.596863,81.9891815],"brightness":20,"color":[0.826189578,0.925667524,0.471540183,1],"radius":0.5,"rotationMatrix":[0.717528582,-0.69652915,-2.98023224e-08,1.1920929e-07,-1.1920929e-07,-1.00000024,0.69652915,0.71752882,0],"shadowDarkenColor":[0,0,0,0]}
{"name":"lampLight_140","class":"SpotLight","__parent":"lampLights_70","position":[-663.654419,819.029053,82.0110016],"animationPeriod":2,"brightness":0.899999976,"color":[0.82745105,0.92549026,0.470588267,1],"fadeStartDistance":10,"innerAngle":10,"outerAngle":170,"rotationMatrix":[0.717528582,-0.69652915,-2.98023224e-08,1.1920929e-07,-1.1920929e-07,-1.00000024,0.69652915,0.71752882,0],"shadowDarkenColor":[0,0,0,0],"shadowDistance":20}
{"name":"lampBulb_418","class":"PointLight","__parent":"lampLights_70","position":[-664.630676,818.446655,81.9891815],"brightness":20,"color":[0.826189578,0.925667524,0.471540183,1],"radius":0.5,"rotationMatrix":[0.717528582,-0.69652915,-2.98023224e-08,1.1920929e-07,-1.1920929e-07,-1.00000024,0.69652915,0.71752882,0],"shadowDarkenColor":[0,0,0,0]}
{"name":"lampBulb_419","class":"PointLight","__parent":"lampLights_70","position":[-664.140076,818.952087,81.9891815],"brightness":20,"color":[0.826189578,0.925667524,0.471540183,1],"radius":0.5,"rotationMatrix":[0.717528582,-0.69652915,-2.98023224e-08,1.1920929e-07,-1.1920929e-07,-1.00000024,0.69652915,0.71752882,0],"shadowDarkenColor":[0,0,0,0]}
{"name":"lampBulb_420","class":"PointLight","__parent":"lampLights_70","position":[-664.264709,818.091431,81.9891815],"brightness":20,"color":[0.826189578,0.925667524,0.471540183,1],"radius":0.5,"rotationMatrix":[0.717528582,-0.69652915,-2.98023224e-08,1.1920929e-07,-1.1920929e-07,-1.00000024,0.69652915,0.71752882,0],"shadowDarkenColor":[0,0,0,0]}
