{"name":"lampLight_221","class":"SpotLight","__parent":"lampLights_111","position":[-529.708496,646.064148,95.2303696],"animationPeriod":2,"brightness":0.899999976,"color":[0.82745105,0.92549026,0.470588267,1],"fadeStartDistance":10,"innerAngle":10,"outerAngle":170,"rotationMatrix":[-0.158821821,0.987307429,1.31130219e-06,2.08616257e-07,1.1920929e-06,-1.00000012,-0.987307429,-0.158821702,-5.96046448e-07],"shadowDarkenColor":[0,0,0,0],"shadowDistance":20}
{"name":"lampBulb_661","class":"PointLight","__parent":"lampLights_111","position":[-530.839355,646.10022,95.2085495],"brightness":20,"color":[0.826189578,0.925667524,0.471540183,1],"radius":0.5,"rotationMatrix":[-0.158821821,0.987307429,1.31130219e-06,2.08616257e-07,1.1920929e-06,-1.00000012,-0.987307429,-0.158821702,-5.96046448e-07],"shadowDarkenColor":[0,0,0,0]}
{"name":"lampBulb_662","class":"PointLight","__parent":"lampLights_111","position":[-530.758423,645.59668,95.2085495],"brightness":20,"color":[0.826189578,0.925667524,0.471540183,1],"radius":0.5,"rotationMatrix":[-0.158821821,0.987307429,1.31130219e-06,2.08616257e-07,1.1920929e-06,-1.00000012,-0.987307429,-0.158821702,-5.96046448e-07],"shadowDarkenColor":[0,0,0,0]}
{"name":"lampBulb_663","class":"PointLight","__parent":"lampLights_111","position":[-530.096008,646.219788,95.2085495],"brightness":20,"color":[0.826189578,0.925667524,0.471540183,1],"radius":0.5,"rotationMatrix":[-0.158821821,0.987307429,1.31130219e-06,2.08616257e-07,1.1920929e-06,-1.00000012,-0.987307429,-0.158821702,-5.96046448e-07],"shadowDarkenColor":[0,0,0,0]}
{"name":"lampLight_222","class":"SpotLight","__parent":"lampLights_111","position":[-530.450439,645.944824,95.2303696],"animationPeriod":2,"brightness":0.899999976,"color":[0.82745105,0.92549026,0.470588267,1],"fadeStartDistance":10,"innerAngle":10,"outerAngle":170,"rotationMatrix":[-0.158821821,0.987307429,1.31130219e-06,2.08616257e-07,1.1920929e-06,-1.00000012,-0.987307429,-0.158821702,-5.96046448e-07],"shadowDarkenColor":[0,0,0,0],"shadowDistance":20}
{"name":"lampBulb_664","class":"PointLight","__parent":"lampLights_111","position":[-529.319824,645.828308,95.2085495],"brightness":20,"color":[0.826189578,0.925667524,0.471540183,1],"radius":0.5,"rotationMatrix":[-0.158821821,0.987307429,1.31130219e-06,2.08616257e-07,1.1920929e-06,-1.00000012,-0.987307429,-0.158821702,-5.96046448e-07],"shadowDarkenColor":[0,0,0,0]}
{"name":"lampBulb_665","class":"PointLight","__parent":"lampLights_111","position":[-530.015015,645.716248,95.2085495],"brightness":20,"color":[0.826189578,0.925667524,0.471540183,1],"radius":0.5,"rotationMatrix":[-0.158821821,0.987307429,1.31130219e-06,2.08616257e-07,1.1920929e-06,-1.00000012,-0.987307429,-0.158821702,-5.96046448e-07],"shadowDarkenColor":[0,0,0,0]}
{"name":"lampBulb_666","class":"PointLight","__parent":"lampLights_111","position":[-529.400635,646.331726,95.2085495],"brightness":20,"color":[0.826189578,0.925667524,0.471540183,1],"radius":0.5,"rotationMatrix":[-0.158821821,0.987307429,1.31130219e-06,2.08616257e-07,1.1920929e-06,-1.00000012,-0.987307429,-0.158821702,-5.96046448e-07],"shadowDarkenColor":[0,0,0,0]}
