{"name":"lampLight_49","class":"SpotLight","__parent":"lampLights_25","position":[-830.278809,628.811523,124.358765],"animationPeriod":2,"brightness":0.899999976,"color":[0.82745105,0.92549026,0.470588267,1],"fadeStartDistance":10,"hidden":true,"innerAngle":10,"isEnabled":false,"outerAngle":170,"rotationMatrix":[9.000051e-14,-0.99999994,-1.50995803e-07,5.96046448e-07,1.50995788e-07,-1,0.99999994,0,5.96046391e-07],"shadowDarkenColor":[0,0,0,0],"shadowDistance":20}
{"name":"lampBulb_145","class":"PointLight","__parent":"lampLights_25","position":[-829.165833,628.607605,124.336945],"brightness":20,"color":[0.826189578,0.925667524,0.471540183,1],"hidden":true,"isEnabled":false,"radius":0.5,"rotationMatrix":[9.000051e-14,-0.99999994,-1.50995803e-07,5.96046448e-07,1.50995788e-07,-1,0.99999994,0,5.96046391e-07],"shadowDarkenColor":[0,0,0,0]}
{"name":"lampBulb_146","class":"PointLight","__parent":"lampLights_25","position":[-829.170959,629.117615,124.336945],"brightness":20,"color":[0.826189578,0.925667524,0.471540183,1],"hidden":true,"isEnabled":false,"radius":0.5,"rotationMatrix":[9.000051e-14,-0.99999994,-1.50995803e-07,5.96046448e-07,1.50995788e-07,-1,0.99999994,0,5.96046391e-07],"shadowDarkenColor":[0,0,0,0]}
{"name":"lampBulb_147","class":"PointLight","__parent":"lampLights_25","position":[-829.918762,628.599976,124.336945],"brightness":20,"color":[0.826189578,0.925667524,0.471540183,1],"hidden":true,"isEnabled":false,"radius":0.5,"rotationMatrix":[9.000051e-14,-0.99999994,-1.50995803e-07,5.96046448e-07,1.50995788e-07,-1,0.99999994,0,5.96046391e-07],"shadowDarkenColor":[0,0,0,0]}
{"name":"lampLight_50","class":"SpotLight","__parent":"lampLights_25","position":[-829.527405,628.819153,124.358765],"animationPeriod":2,"brightness":0.899999976,"color":[0.82745105,0.92549026,0.470588267,1],"fadeStartDistance":10,"hidden":true,"innerAngle":10,"isEnabled":false,"outerAngle":170,"rotationMatrix":[9.000051e-14,-0.99999994,-1.50995803e-07,5.96046448e-07,1.50995788e-07,-1,0.99999994,0,5.96046391e-07],"shadowDarkenColor":[0,0,0,0],"shadowDistance":20}
{"name":"lampBulb_148","class":"PointLight","__parent":"lampLights_25","position":[-830.628357,629.102905,124.336945],"brightness":20,"color":[0.826189578,0.925667524,0.471540183,1],"hidden":true,"isEnabled":false,"radius":0.5,"rotationMatrix":[9.000051e-14,-0.99999994,-1.50995803e-07,5.96046448e-07,1.50995788e-07,-1,0.99999994,0,5.96046391e-07],"shadowDarkenColor":[0,0,0,0]}
{"name":"lampBulb_149","class":"PointLight","__parent":"lampLights_25","position":[-829.923889,629.110046,124.336945],"brightness":20,"color":[0.826189578,0.925667524,0.471540183,1],"hidden":true,"isEnabled":false,"radius":0.5,"rotationMatrix":[9.000051e-14,-0.99999994,-1.50995803e-07,5.96046448e-07,1.50995788e-07,-1,0.99999994,0,5.96046391e-07],"shadowDarkenColor":[0,0,0,0]}
{"name":"lampBulb_150","class":"PointLight","__parent":"lampLights_25","position":[-830.623108,628.592896,124.336945],"brightness":20,"color":[0.826189578,0.925667524,0.471540183,1],"hidden":true,"isEnabled":false,"radius":0.5,"rotationMatrix":[9.000051e-14,-0.99999994,-1.50995803e-07,5.96046448e-07,1.50995788e-07,-1,0.99999994,0,5.96046391e-07],"shadowDarkenColor":[0,0,0,0]}
