{
  "looped":false,
  "manualFov":true,
  "markers":[
    {
      "fov":30,
      "movingEnd":true,
      "movingStart":true,
      "pos":{
        "x":-582.5310737,
        "y":622.5126938,
        "z":91.59593626
      },
      "rot":{
        "z":0.7526151307,
        "w":0.6578553603,
        "x":0.01857699408,
        "y":-0.02125288881
      },
      "time":0,
      "trackPosition":false
    },
    {
      "fov":30,
      "movingEnd":true,
      "movingStart":true,
      "pos":{
        "x":-582.5310737,
        "y":622.5126938,
        "z":91.59593626
      },
      "rot":{
        "z":0.7526151307,
        "w":0.6578553603,
        "x":0.01857699408,
        "y":-0.02125288881
      },
      "time":10,
      "trackPosition":false
    }
  ],
  "name":"finishFwd",
  "version":"6"
}