{
  "looped":false,
  "manualFov":false,
  "markers":[
    {
      "fov":15,
      "movingEnd":true,
      "movingStart":true,
      "pos":{
        "x":235.7476196,
        "y":505.6704102,
        "z":118.8730087
      },
      "rot":{
        "z":-0.842441005,
        "w":0.5368159118,
        "x":0.02475380165,
        "y":0.03884686926
      },
      "time":0,
      "trackPosition":true
    },
    {
      "fov":15,
      "movingEnd":true,
      "movingStart":true,
      "pos":{
        "x":247.175293,
        "y":514.9602051,
        "z":120.1929932
      },
      "rot":{
        "z":-0.842441005,
        "w":0.5368159118,
        "x":0.02475380165,
        "y":0.03884686926
      },
      "time":3,
      "trackPosition":true
    }
  ],
  "name":"camPath",
  "rotFixId":1,
  "version":"6"
}