{
  "looped":false,
  "manualFov":true,
  "markers":[
    {
      "fov":30,
      "movingEnd":true,
      "movingStart":true,
      "pos":{
        "x":-932.0664286,
        "y":-610.0399377,
        "z":107.9667909
      },
      "rot":{
        "z":-0.7818970162,
        "w":0.6169943349,
        "x":0.05525058343,
        "y":0.07001728198
      },
      "time":0,
      "trackPosition":true
    },
    {
      "cut":true,
      "fov":30,
      "movingEnd":true,
      "movingStart":true,
      "pos":{
        "x":-937.33417,
        "y":-598.5006798,
        "z":108.2008849
      },
      "rot":{
        "z":-0.9803417389,
        "w":0.1679330925,
        "x":0.01748836019,
        "y":0.1020916675
      },
      "time":12,
      "trackPosition":true
    },
    {
      "fov":30,
      "movingEnd":true,
      "movingStart":true,
      "pos":{
        "x":-952.3257611,
        "y":-615.5174271,
        "z":108.045509
      },
      "rot":{
        "z":-0.5553763868,
        "w":-0.8299181932,
        "x":-0.04392050184,
        "y":0.0293913422
      },
      "time":12,
      "trackPosition":true
    },
    {
      "fov":30,
      "movingEnd":true,
      "movingStart":true,
      "pos":{
        "x":-946.2343721,
        "y":-605.8026547,
        "z":107.0545777
      },
      "rot":{
        "z":-0.5553763868,
        "w":-0.8299181932,
        "x":-0.04392050184,
        "y":0.0293913422
      },
      "time":24,
      "trackPosition":true
    }
  ],
  "name":"camPath",
  "rotFixId":1,
  "version":"6"
}