{
  "looped":false,
  "manualFov":true,
  "markers":[
    {
      "fov":35,
      "movingEnd":true,
      "movingStart":true,
      "pos":{
        "x":224.7495309,
        "y":523.6965374,
        "z":118.8135434
      },
      "rot":{
        "z":-0.9944790607,
        "w":0.09679978907,
        "x":0.003924747011,
        "y":0.04032114903
      },
      "time":0,
      "trackPosition":true
    },
    {
      "cut":true,
      "fov":35,
      "movingEnd":true,
      "movingStart":true,
      "pos":{
        "x":235.1544326,
        "y":514.2808086,
        "z":118.8135434
      },
      "rot":{
        "z":-0.7696179218,
        "w":0.6338965039,
        "x":0.04868250806,
        "y":0.05910575378
      },
      "time":12,
      "trackPosition":true
    },
    {
      "fov":35,
      "movingEnd":true,
      "movingStart":true,
      "pos":{
        "x":216.0920731,
        "y":508.3533818,
        "z":118.5165556
      },
      "rot":{
        "z":0.4570042881,
        "w":0.887778957,
        "x":0.04866296051,
        "y":-0.02505035905
      },
      "time":12,
      "trackPosition":true
    },
    {
      "fov":35,
      "movingEnd":true,
      "movingStart":true,
      "pos":{
        "x":227.9922869,
        "y":501.4296,
        "z":118.1869082
      },
      "rot":{
        "z":0.03380818586,
        "w":0.9992866316,
        "x":0.01681994673,
        "y":-0.000569057833
      },
      "time":28,
      "trackPosition":true
    }
  ],
  "name":"camPath",
  "rotFixId":3,
  "version":"6"
}