{
  "looped":false,
  "manualFov":true,
  "markers":[
    {
      "fov":30,
      "movingEnd":true,
      "movingStart":true,
      "pos":{
        "x":-846.5099647,
        "y":667.9614214,
        "z":110.3498025
      },
      "rot":{
        "z":-0.8922356708,
        "w":0.4503929663,
        "x":0.01468316977,
        "y":0.02908759418
      },
      "time":0,
      "trackPosition":false
    },
    {
      "fov":30,
      "movingEnd":true,
      "movingStart":true,
      "pos":{
        "x":-846.5099647,
        "y":667.9614214,
        "z":110.3498025
      },
      "rot":{
        "z":-0.8922356708,
        "w":0.4503929663,
        "x":0.01468316977,
        "y":0.02908759418
      },
      "time":10,
      "trackPosition":false
    }
  ],
  "name":"finishFwd",
  "rotFixId":1,
  "version":"6"
}