{
  "looped":false,
  "manualFov":true,
  "markers":[
    {
      "fov":30,
      "movingEnd":true,
      "movingStart":true,
      "pos":{
        "x":-762.8103742,
        "y":663.1044275,
        "z":108.3249849
      },
      "rot":{
        "z":-0.7728696705,
        "w":0.6314907911,
        "x":0.03947226072,
        "y":0.04830935552
      },
      "time":0,
      "trackPosition":true
    },
    {
      "cut":true,
      "fov":30,
      "movingEnd":true,
      "movingStart":true,
      "pos":{
        "x":-767.4311176,
        "y":652.2923828,
        "z":107.9735069
      },
      "rot":{
        "z":-0.2902464098,
        "w":0.953682043,
        "x":0.07561718469,
        "y":0.02301355733
      },
      "time":7,
      "trackPosition":true
    },
    {
      "fov":30,
      "movingEnd":true,
      "movingStart":true,
      "pos":{
        "x":-777.187197,
        "y":668.7421874,
        "z":107.7503345
      },
      "rot":{
        "z":-0.9817184328,
        "w":-0.1874297407,
        "x":-0.006216963345,
        "y":0.03256317535
      },
      "time":7,
      "trackPosition":true
    },
    {
      "fov":30,
      "movingEnd":true,
      "movingStart":true,
      "pos":{
        "x":-782.1281314,
        "y":657.8864211,
        "z":107.382388
      },
      "rot":{
        "z":-0.529793732,
        "w":-0.8481084483,
        "x":-0.004696282406,
        "y":0.002933659
      },
      "time":16,
      "trackPosition":true
    }
  ],
  "name":"outroFwd",
  "rotFixId":1,
  "version":"6"
}