{
  "looped":false,
  "manualFov":false,
  "markers":[
    {
      "fov":20,
      "movingEnd":true,
      "movingStart":true,
      "pos":{
        "x":742.1867676,
        "y":-829.631958,
        "z":159.6551056
      },
      "rot":{
        "z":0.7793427984,
        "w":0.622835961,
        "x":0.04280095059,
        "y":-0.05355601587
      },
      "time":0,
      "trackPosition":true
    },
    {
      "fov":20,
      "movingEnd":true,
      "movingStart":true,
      "pos":{
        "x":748.303894,
        "y":-826.9489136,
        "z":159.8542175
      },
      "rot":{
        "z":0.6494244731,
        "w":0.7601431991,
        "x":0.01576918272,
        "y":-0.01347232099
      },
      "time":3,
      "trackPosition":true
    }
  ],
  "name":"camPath",
  "rotFixId":1,
  "version":"6"
}