{
  "looped":false,
  "manualFov":true,
  "markers":[
    {
      "fov":20,
      "movingEnd":true,
      "movingStart":true,
      "pos":{
        "x":704.0932498,
        "y":-821.5565182,
        "z":159.6551111
      },
      "rot":{
        "z":0.7793427984,
        "w":0.622835961,
        "x":0.04280095059,
        "y":-0.05355601587
      },
      "time":0,
      "trackPosition":true
    },
    {
      "fov":20,
      "movingEnd":true,
      "movingStart":true,
      "pos":{
        "x":696.4243164,
        "y":-822.8371582,
        "z":159.8542175
      },
      "rot":{
        "z":0.6494244731,
        "w":0.7601431991,
        "x":0.01576918272,
        "y":-0.01347232099
      },
      "time":3,
      "trackPosition":true
    }
  ],
  "name":"camPath",
  "version":"6"
}