{"name":"lampLight_281","class":"SpotLight","__parent":"lampLights_141","position":[-578.880066,645.892944,98.49366],"animationPeriod":2,"brightness":0.899999976,"color":[0.82745105,0.92549026,0.470588267,1],"fadeStartDistance":10,"hidden":true,"innerAngle":10,"outerAngle":170,"rotationMatrix":[0.663702428,0.747996688,9.23871994e-07,8.94069672e-08,1.1920929e-06,-0.999999881,-0.747996688,0.663702369,7.74860382e-07],"shadowDarkenColor":[0,0,0,0],"shadowDistance":20}
{"name":"lampBulb_841","class":"PointLight","__parent":"lampLights_141","position":[-579.568115,646.791138,98.4718399],"brightness":20,"color":[0.826189578,0.925667524,0.471540183,1],"hidden":true,"radius":0.5,"rotationMatrix":[0.663702428,0.747996688,9.23871994e-07,8.94069672e-08,1.1920929e-06,-0.999999881,-0.747996688,0.663702369,7.74860382e-07],"shadowDarkenColor":[0,0,0,0]}
{"name":"lampBulb_842","class":"PointLight","__parent":"lampLights_141","position":[-579.906616,646.409729,98.4718399],"brightness":20,"color":[0.826189578,0.925667524,0.471540183,1],"hidden":true,"radius":0.5,"rotationMatrix":[0.663702428,0.747996688,9.23871994e-07,8.94069672e-08,1.1920929e-06,-0.999999881,-0.747996688,0.663702369,7.74860382e-07],"shadowDarkenColor":[0,0,0,0]}
{"name":"lampBulb_843","class":"PointLight","__parent":"lampLights_141","position":[-579.004883,646.291443,98.4718399],"brightness":20,"color":[0.826189578,0.925667524,0.471540183,1],"hidden":true,"radius":0.5,"rotationMatrix":[0.663702428,0.747996688,9.23871994e-07,8.94069672e-08,1.1920929e-06,-0.999999881,-0.747996688,0.663702369,7.74860382e-07],"shadowDarkenColor":[0,0,0,0]}
{"name":"lampLight_282","class":"SpotLight","__parent":"lampLights_141","position":[-579.442139,646.391724,98.49366],"animationPeriod":2,"brightness":0.899999976,"color":[0.82745105,0.92549026,0.470588267,1],"fadeStartDistance":10,"hidden":true,"innerAngle":10,"outerAngle":170,"rotationMatrix":[0.663702428,0.747996688,9.23871994e-07,8.94069672e-08,1.1920929e-06,-0.999999881,-0.747996688,0.663702369,7.74860382e-07],"shadowDarkenColor":[0,0,0,0],"shadowDistance":20}
{"name":"lampBulb_844","class":"PointLight","__parent":"lampLights_141","position":[-578.816589,645.442749,98.4718399],"brightness":20,"color":[0.826189578,0.925667524,0.471540183,1],"hidden":true,"radius":0.5,"rotationMatrix":[0.663702428,0.747996688,9.23871994e-07,8.94069672e-08,1.1920929e-06,-0.999999881,-0.747996688,0.663702369,7.74860382e-07],"shadowDarkenColor":[0,0,0,0]}
{"name":"lampBulb_845","class":"PointLight","__parent":"lampLights_141","position":[-579.343384,645.909912,98.4718399],"brightness":20,"color":[0.826189578,0.925667524,0.471540183,1],"hidden":true,"radius":0.5,"rotationMatrix":[0.663702428,0.747996688,9.23871994e-07,8.94069672e-08,1.1920929e-06,-0.999999881,-0.747996688,0.663702369,7.74860382e-07],"shadowDarkenColor":[0,0,0,0]}
{"name":"lampBulb_846","class":"PointLight","__parent":"lampLights_141","position":[-578.478027,645.823975,98.4718399],"brightness":20,"color":[0.826189578,0.925667524,0.471540183,1],"hidden":true,"radius":0.5,"rotationMatrix":[0.663702428,0.747996688,9.23871994e-07,8.94069672e-08,1.1920929e-06,-0.999999881,-0.747996688,0.663702369,7.74860382e-07],"shadowDarkenColor":[0,0,0,0]}
