{
  "looped":false,
  "manualFov":false,
  "markers":[
    {
      "fov":25,
      "movingEnd":true,
      "movingStart":true,
      "pos":{
        "x":779.4006348,
        "y":-810.5501709,
        "z":163.2181549
      },
      "rot":{
        "z":-0.4723517399,
        "w":0.8721359762,
        "x":0.1121348453,
        "y":0.06073260446
      },
      "time":0,
      "trackPosition":true
    },
    {
      "cut":true,
      "fov":25,
      "movingEnd":true,
      "movingStart":true,
      "pos":{
        "x":759.5518799,
        "y":-818.3214111,
        "z":160.0075531
      },
      "rot":{
        "z":0.2304166338,
        "w":0.9629622825,
        "x":0.1361975088,
        "y":-0.03258920113
      },
      "time":12,
      "trackPosition":true
    },
    {
      "fov":25,
      "movingEnd":true,
      "movingStart":true,
      "pos":{
        "x":770.7590942,
        "y":-790.5809937,
        "z":163.839035
      },
      "rot":{
        "z":0.9147358449,
        "w":0.3991752755,
        "x":0.02503322348,
        "y":-0.05736524337
      },
      "time":12,
      "trackPosition":true
    },
    {
      "fov":25,
      "movingEnd":true,
      "movingStart":true,
      "pos":{
        "x":751.5535889,
        "y":-799.93573,
        "z":161.9631195
      },
      "rot":{
        "z":0.8366335932,
        "w":0.5406697581,
        "x":0.04769097264,
        "y":-0.07379711776
      },
      "time":24,
      "trackPosition":true
    }
  ],
  "name":"camPath",
  "rotFixId":1,
  "version":"6"
}