{
  "looped":false,
  "manualFov":false,
  "markers":[
    {
      "fov":25,
      "movingEnd":true,
      "movingStart":true,
      "pos":{
        "x":800.2814331,
        "y":-796.0072021,
        "z":165.416687
      },
      "rot":{
        "z":-0.4723517399,
        "w":0.8721359762,
        "x":0.1121348453,
        "y":0.06073260446
      },
      "time":0,
      "trackPosition":true
    },
    {
      "cut":true,
      "fov":25,
      "movingEnd":true,
      "movingStart":true,
      "pos":{
        "x":782.8652344,
        "y":-805.843689,
        "z":161.8038635
      },
      "rot":{
        "z":0.2304166338,
        "w":0.9629622825,
        "x":0.1361975088,
        "y":-0.03258920113
      },
      "time":12,
      "trackPosition":true
    },
    {
      "fov":20,
      "movingEnd":true,
      "movingStart":true,
      "pos":{
        "x":790.1357422,
        "y":-780.3143311,
        "z":164.7883453
      },
      "rot":{
        "z":0.9147358449,
        "w":0.3991752755,
        "x":0.02503322348,
        "y":-0.05736524337
      },
      "time":12,
      "trackPosition":true
    },
    {
      "fov":20,
      "movingEnd":true,
      "movingStart":true,
      "pos":{
        "x":770.5355835,
        "y":-793.6050415,
        "z":162.6627655
      },
      "rot":{
        "z":0.8366335932,
        "w":0.5406697581,
        "x":0.04769097264,
        "y":-0.07379711776
      },
      "time":24,
      "trackPosition":true
    }
  ],
  "name":"camPath",
  "rotFixId":3,
  "version":"6"
}