{
  "looped":false,
  "manualFov":true,
  "markers":[
    {
      "fov":30,
      "movingEnd":true,
      "movingStart":true,
      "pos":{
        "x":-181.1000828,
        "y":112.3800379,
        "z":122.508368
      },
      "rot":{
        "z":0.07539741588,
        "w":0.9971522917,
        "x":0.001588227533,
        "y":-0.0001200902337
      },
      "time":0,
      "trackPosition":false
    },
    {
      "fov":30,
      "movingEnd":true,
      "movingStart":true,
      "pos":{
        "x":-181.1000828,
        "y":112.3800379,
        "z":122.508368
      },
      "rot":{
        "z":0.07539741588,
        "w":0.9971522917,
        "x":0.001588227533,
        "y":-0.0001200902337
      },
      "time":10,
      "trackPosition":false
    }
  ],
  "name":"finishFwd",
  "version":"6"
}