{
  "looped":false,
  "manualFov":true,
  "markers":[
    {
      "fov":45,
      "movingEnd":true,
      "movingStart":true,
      "pos":{
        "x":568.3952399,
        "y":-737.7441004,
        "z":219.4037294
      },
      "rot":{
        "z":0.02311479239,
        "w":-0.9678457341,
        "x":-0.2504088172,
        "y":-0.005980444629
      },
      "time":0,
      "trackPosition":true
    },
    {
      "cut":true,
      "fov":45,
      "movingEnd":true,
      "movingStart":true,
      "pos":{
        "x":577.7853923,
        "y":-699.4076075,
        "z":204.6096811
      },
      "rot":{
        "z":0.2367073323,
        "w":-0.9528932605,
        "x":-0.1840484145,
        "y":-0.04571929619
      },
      "time":16,
      "trackPosition":true
    },
    {
      "fov":45,
      "movingEnd":true,
      "movingStart":true,
      "pos":{
        "x":125.5040567,
        "y":-872.1897995,
        "z":178.3865063
      },
      "rot":{
        "z":-0.4393563353,
        "w":-0.877751142,
        "x":-0.1708869565,
        "y":0.08553707691
      },
      "time":16,
      "trackPosition":false
    },
    {
      "fov":45,
      "movingEnd":true,
      "movingStart":true,
      "pos":{
        "x":157.4754768,
        "y":-731.7254089,
        "z":156.7892894
      },
      "rot":{
        "z":-0.5996255124,
        "w":-0.7964926572,
        "x":-0.06213409201,
        "y":0.04677656024
      },
      "time":34,
      "trackPosition":false
    }
  ],
  "name":"camPath2",
  "rotFixId":3,
  "version":"6"
}