{"name":"lampLight_213","class":"SpotLight","__parent":"lampLights_107","position":[-580.367981,661.838501,97.834404],"animationPeriod":2,"brightness":0.899999976,"color":[0.82745105,0.92549026,0.470588267,1],"fadeStartDistance":10,"hidden":true,"innerAngle":10,"outerAngle":170,"rotationMatrix":[0.630179286,0.77644968,5.06639481e-07,8.94069672e-08,5.96046448e-07,-1,-0.77644968,0.630179346,2.98023224e-07],"shadowDarkenColor":[0,0,0,0],"shadowDistance":20}
{"name":"lampBulb_637","class":"PointLight","__parent":"lampLights_107","position":[-581.09491,662.705566,97.8125839],"brightness":20,"color":[0.826189578,0.925667524,0.471540183,1],"hidden":true,"radius":0.5,"rotationMatrix":[0.630179286,0.77644968,5.06639481e-07,8.94069672e-08,5.96046448e-07,-1,-0.77644968,0.630179346,2.98023224e-07],"shadowDarkenColor":[0,0,0,0]}
{"name":"lampBulb_638","class":"PointLight","__parent":"lampLights_107","position":[-581.416321,662.309631,97.8125839],"brightness":20,"color":[0.826189578,0.925667524,0.471540183,1],"hidden":true,"radius":0.5,"rotationMatrix":[0.630179286,0.77644968,5.06639481e-07,8.94069672e-08,5.96046448e-07,-1,-0.77644968,0.630179346,2.98023224e-07],"shadowDarkenColor":[0,0,0,0]}
{"name":"lampBulb_639","class":"PointLight","__parent":"lampLights_107","position":[-580.510254,662.231079,97.8125839],"brightness":20,"color":[0.826189578,0.925667524,0.471540183,1],"hidden":true,"radius":0.5,"rotationMatrix":[0.630179286,0.77644968,5.06639481e-07,8.94069672e-08,5.96046448e-07,-1,-0.77644968,0.630179346,2.98023224e-07],"shadowDarkenColor":[0,0,0,0]}
{"name":"lampLight_214","class":"SpotLight","__parent":"lampLights_107","position":[-580.951477,662.312012,97.834404],"animationPeriod":2,"brightness":0.899999976,"color":[0.82745105,0.92549026,0.470588267,1],"fadeStartDistance":10,"hidden":true,"innerAngle":10,"outerAngle":170,"rotationMatrix":[0.630179286,0.77644968,5.06639481e-07,8.94069672e-08,5.96046448e-07,-1,-0.77644968,0.630179346,2.98023224e-07],"shadowDarkenColor":[0,0,0,0],"shadowDistance":20}
{"name":"lampBulb_640","class":"PointLight","__parent":"lampLights_107","position":[-580.284851,661.391479,97.8125839],"brightness":20,"color":[0.826189578,0.925667524,0.471540183,1],"hidden":true,"radius":0.5,"rotationMatrix":[0.630179286,0.77644968,5.06639481e-07,8.94069672e-08,5.96046448e-07,-1,-0.77644968,0.630179346,2.98023224e-07],"shadowDarkenColor":[0,0,0,0]}
{"name":"lampBulb_641","class":"PointLight","__parent":"lampLights_107","position":[-580.831665,661.835083,97.8125839],"brightness":20,"color":[0.826189578,0.925667524,0.471540183,1],"hidden":true,"radius":0.5,"rotationMatrix":[0.630179286,0.77644968,5.06639481e-07,8.94069672e-08,5.96046448e-07,-1,-0.77644968,0.630179346,2.98023224e-07],"shadowDarkenColor":[0,0,0,0]}
{"name":"lampBulb_642","class":"PointLight","__parent":"lampLights_107","position":[-579.963379,661.787231,97.8125839],"brightness":20,"color":[0.826189578,0.925667524,0.471540183,1],"hidden":true,"radius":0.5,"rotationMatrix":[0.630179286,0.77644968,5.06639481e-07,8.94069672e-08,5.96046448e-07,-1,-0.77644968,0.630179346,2.98023224e-07],"shadowDarkenColor":[0,0,0,0]}
