{"name":"lampLight_125","class":"SpotLight","__parent":"lampLights_63","position":[-790.401794,887.786499,82.2598114],"animationPeriod":2,"brightness":0.899999976,"color":[0.82745105,0.92549026,0.470588267,1],"fadeStartDistance":10,"hidden":true,"innerAngle":10,"isEnabled":false,"outerAngle":170,"rotationMatrix":[0.999999881,0,0,0,-8.74227695e-08,-0.999999821,0,0.999999821,-8.74227624e-08],"shadowDarkenColor":[0,0,0,0],"shadowDistance":20}
{"name":"lampBulb_373","class":"PointLight","__parent":"lampLights_63","position":[-790.186584,888.897339,82.2379913],"brightness":20,"color":[0.826189578,0.925667524,0.471540183,1],"hidden":true,"isEnabled":false,"radius":0.5,"rotationMatrix":[0.999999881,0,0,0,-8.74227695e-08,-0.999999821,0,0.999999821,-8.74227624e-08],"shadowDarkenColor":[0,0,0,0]}
{"name":"lampBulb_374","class":"PointLight","__parent":"lampLights_63","position":[-790.696655,888.897339,82.2379913],"brightness":20,"color":[0.826189578,0.925667524,0.471540183,1],"hidden":true,"isEnabled":false,"radius":0.5,"rotationMatrix":[0.999999881,0,0,0,-8.74227695e-08,-0.999999821,0,0.999999821,-8.74227624e-08],"shadowDarkenColor":[0,0,0,0]}
{"name":"lampBulb_375","class":"PointLight","__parent":"lampLights_63","position":[-790.186584,888.144409,82.2379913],"brightness":20,"color":[0.826189578,0.925667524,0.471540183,1],"hidden":true,"isEnabled":false,"radius":0.5,"rotationMatrix":[0.999999881,0,0,0,-8.74227695e-08,-0.999999821,0,0.999999821,-8.74227624e-08],"shadowDarkenColor":[0,0,0,0]}
{"name":"lampLight_126","class":"SpotLight","__parent":"lampLights_63","position":[-790.401794,888.537903,82.2598114],"animationPeriod":2,"brightness":0.899999976,"color":[0.82745105,0.92549026,0.470588267,1],"fadeStartDistance":10,"hidden":true,"innerAngle":10,"isEnabled":false,"outerAngle":170,"rotationMatrix":[0.999999881,0,0,0,-8.74227695e-08,-0.999999821,0,0.999999821,-8.74227624e-08],"shadowDarkenColor":[0,0,0,0],"shadowDistance":20}
{"name":"lampBulb_376","class":"PointLight","__parent":"lampLights_63","position":[-790.696655,887.440002,82.2379913],"brightness":20,"color":[0.826189578,0.925667524,0.471540183,1],"hidden":true,"isEnabled":false,"radius":0.5,"rotationMatrix":[0.999999881,0,0,0,-8.74227695e-08,-0.999999821,0,0.999999821,-8.74227624e-08],"shadowDarkenColor":[0,0,0,0]}
{"name":"lampBulb_377","class":"PointLight","__parent":"lampLights_63","position":[-790.696655,888.144409,82.2379913],"brightness":20,"color":[0.826189578,0.925667524,0.471540183,1],"hidden":true,"isEnabled":false,"radius":0.5,"rotationMatrix":[0.999999881,0,0,0,-8.74227695e-08,-0.999999821,0,0.999999821,-8.74227624e-08],"shadowDarkenColor":[0,0,0,0]}
{"name":"lampBulb_378","class":"PointLight","__parent":"lampLights_63","position":[-790.186584,887.440002,82.2379913],"brightness":20,"color":[0.826189578,0.925667524,0.471540183,1],"hidden":true,"isEnabled":false,"radius":0.5,"rotationMatrix":[0.999999881,0,0,0,-8.74227695e-08,-0.999999821,0,0.999999821,-8.74227624e-08],"shadowDarkenColor":[0,0,0,0]}
