{"name":"lampLight_59","class":"SpotLight","__parent":"lampLights_30","position":[-913.438965,760.473511,99.7220383],"animationPeriod":2,"brightness":0.899999976,"color":[0.82745105,0.92549026,0.470588267,1],"fadeStartDistance":10,"innerAngle":10,"isEnabled":false,"outerAngle":170,"rotationMatrix":[-0.00990498066,0.999951124,-3.27825546e-07,-8.94069672e-08,-4.76837158e-07,-1.00000024,-0.999951124,-0.00990480185,0],"shadowDarkenColor":[0,0,0,0],"shadowDistance":20}
{"name":"lampBulb_175","class":"PointLight","__parent":"lampLights_30","position":[-914.533142,760.761353,99.7002182],"brightness":20,"color":[0.826189578,0.925667524,0.471540183,1],"isEnabled":false,"radius":0.5,"rotationMatrix":[-0.00990498066,0.999951124,-3.27825546e-07,-8.94069672e-08,-4.76837158e-07,-1.00000024,-0.999951124,-0.00990480185,0],"shadowDarkenColor":[0,0,0,0]}
{"name":"lampBulb_176","class":"PointLight","__parent":"lampLights_30","position":[-914.566772,760.252441,99.7002182],"brightness":20,"color":[0.826189578,0.925667524,0.471540183,1],"isEnabled":false,"radius":0.5,"rotationMatrix":[-0.00990498066,0.999951124,-3.27825546e-07,-8.94069672e-08,-4.76837158e-07,-1.00000024,-0.999951124,-0.00990480185,0],"shadowDarkenColor":[0,0,0,0]}
{"name":"lampBulb_177","class":"PointLight","__parent":"lampLights_30","position":[-913.781921,760.711792,99.7002182],"brightness":20,"color":[0.826189578,0.925667524,0.471540183,1],"isEnabled":false,"radius":0.5,"rotationMatrix":[-0.00990498066,0.999951124,-3.27825546e-07,-8.94069672e-08,-4.76837158e-07,-1.00000024,-0.999951124,-0.00990480185,0],"shadowDarkenColor":[0,0,0,0]}
{"name":"lampLight_60","class":"SpotLight","__parent":"lampLights_30","position":[-914.18866,760.522949,99.7220383],"animationPeriod":2,"brightness":0.899999976,"color":[0.82745105,0.92549026,0.470588267,1],"fadeStartDistance":10,"innerAngle":10,"isEnabled":false,"outerAngle":170,"rotationMatrix":[-0.00990498066,0.999951124,-3.27825546e-07,-8.94069672e-08,-4.76837158e-07,-1.00000024,-0.999951124,-0.00990480185,0],"shadowDarkenColor":[0,0,0,0],"shadowDistance":20}
{"name":"lampBulb_178","class":"PointLight","__parent":"lampLights_30","position":[-913.11261,760.156494,99.7002182],"brightness":20,"color":[0.826189578,0.925667524,0.471540183,1],"isEnabled":false,"radius":0.5,"rotationMatrix":[-0.00990498066,0.999951124,-3.27825546e-07,-8.94069672e-08,-4.76837158e-07,-1.00000024,-0.999951124,-0.00990480185,0],"shadowDarkenColor":[0,0,0,0]}
{"name":"lampBulb_179","class":"PointLight","__parent":"lampLights_30","position":[-913.815491,760.20282,99.7002182],"brightness":20,"color":[0.826189578,0.925667524,0.471540183,1],"isEnabled":false,"radius":0.5,"rotationMatrix":[-0.00990498066,0.999951124,-3.27825546e-07,-8.94069672e-08,-4.76837158e-07,-1.00000024,-0.999951124,-0.00990480185,0],"shadowDarkenColor":[0,0,0,0]}
{"name":"lampBulb_180","class":"PointLight","__parent":"lampLights_30","position":[-913.079041,760.665405,99.7002182],"brightness":20,"color":[0.826189578,0.925667524,0.471540183,1],"isEnabled":false,"radius":0.5,"rotationMatrix":[-0.00990498066,0.999951124,-3.27825546e-07,-8.94069672e-08,-4.76837158e-07,-1.00000024,-0.999951124,-0.00990480185,0],"shadowDarkenColor":[0,0,0,0]}
