{
  "looped":false,
  "manualFov":true,
  "markers":[
    {
      "fov":20,
      "movingEnd":true,
      "movingStart":true,
      "pos":{
        "x":-741.4013246,
        "y":89.85705035,
        "z":120.0871999
      },
      "rot":{
        "z":0.5129448052,
        "w":0.8573750058,
        "x":0.03636479738,
        "y":-0.02175609714
      },
      "time":0,
      "trackPosition":true
    },
    {
      "fov":20,
      "movingEnd":true,
      "movingStart":true,
      "pos":{
        "x":-744.1848665,
        "y":87.30495289,
        "z":120.1354225
      },
      "rot":{
        "z":0.4031698951,
        "w":0.9151029161,
        "x":0.005837341613,
        "y":-0.002571776753
      },
      "time":3,
      "trackPosition":true
    }
  ],
  "name":"camPath",
  "rotFixId":1,
  "version":"6"
}