{
  "looped":false,
  "manualFov":true,
  "markers":[
    {
      "fov":35,
      "movingEnd":true,
      "movingStart":true,
      "pos":{
        "x":-737.3847731,
        "y":91.99751766,
        "z":120.2579315
      },
      "rot":{
        "z":-0.7414470206,
        "w":-0.6618132407,
        "x":-0.07373119918,
        "y":0.08260302846
      },
      "time":0,
      "trackPosition":true
    },
    {
      "cut":true,
      "fov":35,
      "movingEnd":true,
      "movingStart":true,
      "pos":{
        "x":-724.7084727,
        "y":105.3221912,
        "z":120.2394805
      },
      "rot":{
        "z":-0.9935085352,
        "w":-0.06489257017,
        "x":-0.006089753476,
        "y":0.09323443408
      },
      "time":12,
      "trackPosition":true
    },
    {
      "fov":35,
      "movingEnd":true,
      "movingStart":true,
      "pos":{
        "x":-717.1613711,
        "y":95.73609024,
        "z":119.9719239
      },
      "rot":{
        "z":-0.788614952,
        "w":0.6136249891,
        "x":0.02418366795,
        "y":0.03108022404
      },
      "time":12,
      "trackPosition":true
    },
    {
      "fov":35,
      "movingEnd":true,
      "movingStart":true,
      "pos":{
        "x":-731.2045049,
        "y":83.29295835,
        "z":119.6241508
      },
      "rot":{
        "z":-0.1459096333,
        "w":0.9881191679,
        "x":0.0477613789,
        "y":0.007052636472
      },
      "time":27,
      "trackPosition":true
    }
  ],
  "name":"camPath",
  "rotFixId":1,
  "version":"6"
}