{
  "looped":false,
  "manualFov":true,
  "markers":[
    {
      "fov":30,
      "movingEnd":true,
      "movingStart":true,
      "pos":{
        "x":-705.3602405,
        "y":104.0207553,
        "z":119.7184609
      },
      "rot":{
        "z":-0.201873377,
        "w":0.979269083,
        "x":0.0163652475,
        "y":0.003373646565
      },
      "time":0,
      "trackPosition":true
    },
    {
      "cut":true,
      "fov":30,
      "movingEnd":true,
      "movingStart":true,
      "pos":{
        "x":-693.0318488,
        "y":114.8041247,
        "z":119.7184609
      },
      "rot":{
        "z":-0.4622625748,
        "w":0.8866021057,
        "x":-0.01402066923,
        "y":-0.007310190914
      },
      "time":14,
      "trackPosition":true
    },
    {
      "fov":30,
      "movingEnd":true,
      "movingStart":true,
      "pos":{
        "x":-707.8386316,
        "y":124.1199673,
        "z":120.7218913
      },
      "rot":{
        "z":-0.9251919205,
        "w":-0.3772842526,
        "x":-0.01546091495,
        "y":0.03791388984
      },
      "time":14,
      "trackPosition":true
    },
    {
      "fov":30,
      "movingEnd":true,
      "movingStart":true,
      "pos":{
        "x":-715.4705811,
        "y":112.5220947,
        "z":120.7218933
      },
      "rot":{
        "z":-0.9251919205,
        "w":-0.3772842526,
        "x":-0.01546091494,
        "y":0.03791388984
      },
      "time":26,
      "trackPosition":true
    }
  ],
  "name":"camPath",
  "rotFixId":1,
  "version":"6"
}