{"name":"lampLight_219","class":"SpotLight","__parent":"lampLights_110","position":[-532.522888,656.429077,95.8261337],"animationPeriod":2,"brightness":0.899999976,"color":[0.82745105,0.92549026,0.470588267,1],"fadeStartDistance":10,"innerAngle":10,"outerAngle":170,"rotationMatrix":[-0.465708494,0.884938002,1.10268593e-06,2.98023224e-08,1.43051147e-06,-0.999999821,-0.884938002,-0.465708554,-4.76837158e-07],"shadowDarkenColor":[0,0,0,0],"shadowDistance":20}
{"name":"lampBulb_655","class":"PointLight","__parent":"lampLights_110","position":[-533.606079,656.102234,95.8043137],"brightness":20,"color":[0.826189578,0.925667524,0.471540183,1],"radius":0.5,"rotationMatrix":[-0.465708494,0.884938002,1.10268593e-06,2.98023224e-08,1.43051147e-06,-0.999999821,-0.884938002,-0.465708554,-4.76837158e-07],"shadowDarkenColor":[0,0,0,0]}
{"name":"lampBulb_656","class":"PointLight","__parent":"lampLights_110","position":[-533.368652,655.650879,95.8043137],"brightness":20,"color":[0.826189578,0.925667524,0.471540183,1],"radius":0.5,"rotationMatrix":[-0.465708494,0.884938002,1.10268593e-06,2.98023224e-08,1.43051147e-06,-0.999999821,-0.884938002,-0.465708554,-4.76837158e-07],"shadowDarkenColor":[0,0,0,0]}
{"name":"lampBulb_657","class":"PointLight","__parent":"lampLights_110","position":[-532.939819,656.452881,95.8043137],"brightness":20,"color":[0.826189578,0.925667524,0.471540183,1],"radius":0.5,"rotationMatrix":[-0.465708494,0.884938002,1.10268593e-06,2.98023224e-08,1.43051147e-06,-0.999999821,-0.884938002,-0.465708554,-4.76837158e-07],"shadowDarkenColor":[0,0,0,0]}
{"name":"lampLight_220","class":"SpotLight","__parent":"lampLights_110","position":[-533.187927,656.079163,95.8261337],"animationPeriod":2,"brightness":0.899999976,"color":[0.82745105,0.92549026,0.470588267,1],"fadeStartDistance":10,"innerAngle":10,"outerAngle":170,"rotationMatrix":[-0.465708494,0.884938002,1.10268593e-06,2.98023224e-08,1.43051147e-06,-0.999999821,-0.884938002,-0.465708554,-4.76837158e-07],"shadowDarkenColor":[0,0,0,0],"shadowDistance":20}
{"name":"lampBulb_658","class":"PointLight","__parent":"lampLights_110","position":[-532.079285,656.329651,95.8043137],"brightness":20,"color":[0.826189578,0.925667524,0.471540183,1],"radius":0.5,"rotationMatrix":[-0.465708494,0.884938002,1.10268593e-06,2.98023224e-08,1.43051147e-06,-0.999999821,-0.884938002,-0.465708554,-4.76837158e-07],"shadowDarkenColor":[0,0,0,0]}
{"name":"lampBulb_659","class":"PointLight","__parent":"lampLights_110","position":[-532.702271,656.001526,95.8043137],"brightness":20,"color":[0.826189578,0.925667524,0.471540183,1],"radius":0.5,"rotationMatrix":[-0.465708494,0.884938002,1.10268593e-06,2.98023224e-08,1.43051147e-06,-0.999999821,-0.884938002,-0.465708554,-4.76837158e-07],"shadowDarkenColor":[0,0,0,0]}
{"name":"lampBulb_660","class":"PointLight","__parent":"lampLights_110","position":[-532.316528,656.780945,95.8043137],"brightness":20,"color":[0.826189578,0.925667524,0.471540183,1],"radius":0.5,"rotationMatrix":[-0.465708494,0.884938002,1.10268593e-06,2.98023224e-08,1.43051147e-06,-0.999999821,-0.884938002,-0.465708554,-4.76837158e-07],"shadowDarkenColor":[0,0,0,0]}
