{"name":"lampLight_209","class":"SpotLight","__parent":"lampLights_105","position":[-546.297546,669.825745,96.2378616],"animationPeriod":2,"brightness":0.899999976,"color":[0.82745105,0.92549026,0.470588267,1],"fadeStartDistance":10,"hidden":true,"innerAngle":10,"outerAngle":170,"rotationMatrix":[0.844563246,-0.535455763,0,1.1920929e-07,2.98023224e-07,-0.999999881,0.535455763,0.844563127,2.98023224e-07],"shadowDarkenColor":[0,0,0,0],"shadowDistance":20}
{"name":"lampBulb_625","class":"PointLight","__parent":"lampLights_105","position":[-545.521057,670.648682,96.2160416],"brightness":20,"color":[0.826189578,0.925667524,0.471540183,1],"hidden":true,"radius":0.5,"rotationMatrix":[0.844563246,-0.535455763,0,1.1920929e-07,2.98023224e-07,-0.999999881,0.535455763,0.844563127,2.98023224e-07],"shadowDarkenColor":[0,0,0,0]}
{"name":"lampBulb_626","class":"PointLight","__parent":"lampLights_105","position":[-545.951782,670.921814,96.2160416],"brightness":20,"color":[0.826189578,0.925667524,0.471540183,1],"hidden":true,"radius":0.5,"rotationMatrix":[0.844563246,-0.535455763,0,1.1920929e-07,2.98023224e-07,-0.999999881,0.535455763,0.844563127,2.98023224e-07],"shadowDarkenColor":[0,0,0,0]}
{"name":"lampBulb_627","class":"PointLight","__parent":"lampLights_105","position":[-545.924255,670.012756,96.2160416],"brightness":20,"color":[0.826189578,0.925667524,0.471540183,1],"hidden":true,"radius":0.5,"rotationMatrix":[0.844563246,-0.535455763,0,1.1920929e-07,2.98023224e-07,-0.999999881,0.535455763,0.844563127,2.98023224e-07],"shadowDarkenColor":[0,0,0,0]}
{"name":"lampLight_210","class":"SpotLight","__parent":"lampLights_105","position":[-545.895264,670.460327,96.2378616],"animationPeriod":2,"brightness":0.899999976,"color":[0.82745105,0.92549026,0.470588267,1],"fadeStartDistance":10,"hidden":true,"innerAngle":10,"outerAngle":170,"rotationMatrix":[0.844563246,-0.535455763,0,1.1920929e-07,2.98023224e-07,-0.999999881,0.535455763,0.844563127,2.98023224e-07],"shadowDarkenColor":[0,0,0,0],"shadowDistance":20}
{"name":"lampBulb_628","class":"PointLight","__parent":"lampLights_105","position":[-546.731873,669.69104,96.2160416],"brightness":20,"color":[0.826189578,0.925667524,0.471540183,1],"hidden":true,"radius":0.5,"rotationMatrix":[0.844563246,-0.535455763,0,1.1920929e-07,2.98023224e-07,-0.999999881,0.535455763,0.844563127,2.98023224e-07],"shadowDarkenColor":[0,0,0,0]}
{"name":"lampBulb_629","class":"PointLight","__parent":"lampLights_105","position":[-546.35498,670.285889,96.2160416],"brightness":20,"color":[0.826189578,0.925667524,0.471540183,1],"hidden":true,"radius":0.5,"rotationMatrix":[0.844563246,-0.535455763,0,1.1920929e-07,2.98023224e-07,-0.999999881,0.535455763,0.844563127,2.98023224e-07],"shadowDarkenColor":[0,0,0,0]}
{"name":"lampBulb_630","class":"PointLight","__parent":"lampLights_105","position":[-546.301392,669.417847,96.2160416],"brightness":20,"color":[0.826189578,0.925667524,0.471540183,1],"hidden":true,"radius":0.5,"rotationMatrix":[0.844563246,-0.535455763,0,1.1920929e-07,2.98023224e-07,-0.999999881,0.535455763,0.844563127,2.98023224e-07],"shadowDarkenColor":[0,0,0,0]}
