{"name":"lampLight_55","class":"SpotLight","__parent":"lampLights_28","position":[-828.936707,655.505066,116.122704],"animationPeriod":2,"brightness":0.899999976,"color":[0.82745105,0.92549026,0.470588267,1],"fadeStartDistance":10,"hidden":true,"innerAngle":10,"isEnabled":false,"outerAngle":170,"rotationMatrix":[0.999999881,0,0,0,-8.74227695e-08,-0.999999821,0,0.999999821,-8.74227624e-08],"shadowDarkenColor":[0,0,0,0],"shadowDistance":20}
{"name":"lampBulb_163","class":"PointLight","__parent":"lampLights_28","position":[-828.721497,656.615906,116.100883],"brightness":20,"color":[0.826189578,0.925667524,0.471540183,1],"hidden":true,"isEnabled":false,"radius":0.5,"rotationMatrix":[0.999999881,0,0,0,-8.74227695e-08,-0.999999821,0,0.999999821,-8.74227624e-08],"shadowDarkenColor":[0,0,0,0]}
{"name":"lampBulb_164","class":"PointLight","__parent":"lampLights_28","position":[-829.231567,656.615906,116.100883],"brightness":20,"color":[0.826189578,0.925667524,0.471540183,1],"hidden":true,"isEnabled":false,"radius":0.5,"rotationMatrix":[0.999999881,0,0,0,-8.74227695e-08,-0.999999821,0,0.999999821,-8.74227624e-08],"shadowDarkenColor":[0,0,0,0]}
{"name":"lampBulb_165","class":"PointLight","__parent":"lampLights_28","position":[-828.721497,655.862976,116.100883],"brightness":20,"color":[0.826189578,0.925667524,0.471540183,1],"hidden":true,"isEnabled":false,"radius":0.5,"rotationMatrix":[0.999999881,0,0,0,-8.74227695e-08,-0.999999821,0,0.999999821,-8.74227624e-08],"shadowDarkenColor":[0,0,0,0]}
{"name":"lampLight_56","class":"SpotLight","__parent":"lampLights_28","position":[-828.936707,656.25647,116.122704],"animationPeriod":2,"brightness":0.899999976,"color":[0.82745105,0.92549026,0.470588267,1],"fadeStartDistance":10,"hidden":true,"innerAngle":10,"isEnabled":false,"outerAngle":170,"rotationMatrix":[0.999999881,0,0,0,-8.74227695e-08,-0.999999821,0,0.999999821,-8.74227624e-08],"shadowDarkenColor":[0,0,0,0],"shadowDistance":20}
{"name":"lampBulb_166","class":"PointLight","__parent":"lampLights_28","position":[-829.231567,655.158569,116.100883],"brightness":20,"color":[0.826189578,0.925667524,0.471540183,1],"hidden":true,"isEnabled":false,"radius":0.5,"rotationMatrix":[0.999999881,0,0,0,-8.74227695e-08,-0.999999821,0,0.999999821,-8.74227624e-08],"shadowDarkenColor":[0,0,0,0]}
{"name":"lampBulb_167","class":"PointLight","__parent":"lampLights_28","position":[-829.231567,655.862976,116.100883],"brightness":20,"color":[0.826189578,0.925667524,0.471540183,1],"hidden":true,"isEnabled":false,"radius":0.5,"rotationMatrix":[0.999999881,0,0,0,-8.74227695e-08,-0.999999821,0,0.999999821,-8.74227624e-08],"shadowDarkenColor":[0,0,0,0]}
{"name":"lampBulb_168","class":"PointLight","__parent":"lampLights_28","position":[-828.721497,655.158569,116.100883],"brightness":20,"color":[0.826189578,0.925667524,0.471540183,1],"hidden":true,"isEnabled":false,"radius":0.5,"rotationMatrix":[0.999999881,0,0,0,-8.74227695e-08,-0.999999821,0,0.999999821,-8.74227624e-08],"shadowDarkenColor":[0,0,0,0]}
