{
  "looped":false,
  "manualFov":true,
  "markers":[
    {
      "fov":30,
      "movingEnd":true,
      "movingStart":true,
      "pos":{
        "x":-425.8636053,
        "y":397.7185009,
        "z":97.08101141
      },
      "rot":{
        "z":-0.9934854121,
        "w":0.1139073856,
        "x":0.000392007922,
        "y":0.003419042143
      },
      "time":0,
      "trackPosition":false
    },
    {
      "fov":30,
      "movingEnd":true,
      "movingStart":true,
      "pos":{
        "x":-425.8636053,
        "y":397.7185009,
        "z":97.08101141
      },
      "rot":{
        "z":-0.9934854121,
        "w":0.1139073856,
        "x":0.000392007922,
        "y":0.003419042143
      },
      "time":10,
      "trackPosition":false
    }
  ],
  "name":"finishFwd",
  "version":"6"
}