{
  "looped":false,
  "manualFov":true,
  "markers":[
    {
      "fov":30,
      "movingEnd":true,
      "movingStart":true,
      "pos":{
        "x":-390.0034746,
        "y":437.569935,
        "z":96.85230396
      },
      "rot":{
        "z":-0.9817840591,
        "w":0.1899732613,
        "x":-0.0006073621626,
        "y":-0.003138854834
      },
      "time":0,
      "trackPosition":true
    },
    {
      "cut":true,
      "fov":30,
      "movingEnd":true,
      "movingStart":true,
      "pos":{
        "x":-399.8624833,
        "y":435.0812334,
        "z":96.84722157
      },
      "rot":{
        "z":-0.9095562789,
        "w":-0.4155738927,
        "x":-0.0009935013799,
        "y":0.002174451846
      },
      "time":7,
      "trackPosition":true
    },
    {
      "fov":30,
      "movingEnd":true,
      "movingStart":true,
      "pos":{
        "x":-383.9842361,
        "y":424.4625884,
        "z":97.31166457
      },
      "rot":{
        "z":-0.5853098853,
        "w":0.8102074612,
        "x":0.0253267509,
        "y":0.01829654549
      },
      "time":7,
      "trackPosition":true
    },
    {
      "fov":30,
      "movingEnd":true,
      "movingStart":true,
      "pos":{
        "x":-394.4590943,
        "y":419.4543646,
        "z":96.90330062
      },
      "rot":{
        "z":0.07179145529,
        "w":0.9973961141,
        "x":0.006836406494,
        "y":-0.0004920768833
      },
      "time":14,
      "trackPosition":true
    }
  ],
  "name":"outroFwd",
  "rotFixId":1,
  "version":"6"
}