{"name":"lampLight_229","class":"SpotLight","__parent":"lampLights_115","position":[-281.277588,669.838928,82.2318878],"animationPeriod":2,"brightness":0.899999976,"color":[0.82745105,0.92549026,0.470588267,1],"fadeStartDistance":10,"innerAngle":10,"isEnabled":false,"outerAngle":170,"rotationMatrix":[-0.999489665,-0.0319330692,4.28408384e-08,-6.14672899e-08,7.74860382e-07,-0.999999821,0.0319330692,-0.999489844,-4.76837158e-07],"shadowDarkenColor":[0,0,0,0],"shadowDistance":20}
{"name":"lampBulb_685","class":"PointLight","__parent":"lampLights_115","position":[-281.457153,668.721802,82.2100677],"brightness":20,"color":[0.826189578,0.925667524,0.471540183,1],"isEnabled":false,"radius":0.5,"rotationMatrix":[-0.999489665,-0.0319330692,4.28408384e-08,-6.14672899e-08,7.74860382e-07,-0.999999821,0.0319330692,-0.999489844,-4.76837158e-07],"shadowDarkenColor":[0,0,0,0]}
{"name":"lampBulb_686","class":"PointLight","__parent":"lampLights_115","position":[-280.947357,668.738159,82.2100677],"brightness":20,"color":[0.826189578,0.925667524,0.471540183,1],"isEnabled":false,"radius":0.5,"rotationMatrix":[-0.999489665,-0.0319330692,4.28408384e-08,-6.14672899e-08,7.74860382e-07,-0.999999821,0.0319330692,-0.999489844,-4.76837158e-07],"shadowDarkenColor":[0,0,0,0]}
{"name":"lampBulb_687","class":"PointLight","__parent":"lampLights_115","position":[-281.481201,669.474365,82.2100677],"brightness":20,"color":[0.826189578,0.925667524,0.471540183,1],"isEnabled":false,"radius":0.5,"rotationMatrix":[-0.999489665,-0.0319330692,4.28408384e-08,-6.14672899e-08,7.74860382e-07,-0.999999821,0.0319330692,-0.999489844,-4.76837158e-07],"shadowDarkenColor":[0,0,0,0]}
{"name":"lampLight_230","class":"SpotLight","__parent":"lampLights_115","position":[-281.25354,669.087952,82.2318878],"animationPeriod":2,"brightness":0.899999976,"color":[0.82745105,0.92549026,0.470588267,1],"fadeStartDistance":10,"innerAngle":10,"isEnabled":false,"outerAngle":170,"rotationMatrix":[-0.999489665,-0.0319330692,4.28408384e-08,-6.14672899e-08,7.74860382e-07,-0.999999821,0.0319330692,-0.999489844,-4.76837158e-07],"shadowDarkenColor":[0,0,0,0],"shadowDistance":20}
{"name":"lampBulb_688","class":"PointLight","__parent":"lampLights_115","position":[-280.994141,670.194397,82.2100677],"brightness":20,"color":[0.826189578,0.925667524,0.471540183,1],"isEnabled":false,"radius":0.5,"rotationMatrix":[-0.999489665,-0.0319330692,4.28408384e-08,-6.14672899e-08,7.74860382e-07,-0.999999821,0.0319330692,-0.999489844,-4.76837158e-07],"shadowDarkenColor":[0,0,0,0]}
{"name":"lampBulb_689","class":"PointLight","__parent":"lampLights_115","position":[-280.971436,669.490601,82.2100677],"brightness":20,"color":[0.826189578,0.925667524,0.471540183,1],"isEnabled":false,"radius":0.5,"rotationMatrix":[-0.999489665,-0.0319330692,4.28408384e-08,-6.14672899e-08,7.74860382e-07,-0.999999821,0.0319330692,-0.999489844,-4.76837158e-07],"shadowDarkenColor":[0,0,0,0]}
{"name":"lampBulb_690","class":"PointLight","__parent":"lampLights_115","position":[-281.503723,670.178406,82.2100677],"brightness":20,"color":[0.826189578,0.925667524,0.471540183,1],"isEnabled":false,"radius":0.5,"rotationMatrix":[-0.999489665,-0.0319330692,4.28408384e-08,-6.14672899e-08,7.74860382e-07,-0.999999821,0.0319330692,-0.999489844,-4.76837158e-07],"shadowDarkenColor":[0,0,0,0]}
