{"name":"lampLight_285","class":"SpotLight","__parent":"lampLights_143","position":[-485.299103,542.621216,102.286438],"animationPeriod":2,"brightness":0.899999976,"color":[0.82745105,0.92549026,0.470588267,1],"fadeStartDistance":10,"hidden":true,"innerAngle":10,"isEnabled":false,"outerAngle":170,"rotationMatrix":[0.707106709,-0.707106709,-8.0840141e-07,1.43629563e-07,1.28688191e-06,-0.999999881,0.707106709,0.707106769,1.01152432e-06],"shadowDarkenColor":[0,0,0,0],"shadowDistance":20}
{"name":"lampBulb_853","class":"PointLight","__parent":"lampLights_143","position":[-484.348602,543.235046,102.264618],"brightness":20,"color":[0.826189578,0.925667524,0.471540183,1],"hidden":true,"isEnabled":false,"radius":0.5,"rotationMatrix":[0.707106709,-0.707106709,-8.0840141e-07,1.43629563e-07,1.28688191e-06,-0.999999881,0.707106709,0.707106769,1.01152432e-06],"shadowDarkenColor":[0,0,0,0]}
{"name":"lampBulb_854","class":"PointLight","__parent":"lampLights_143","position":[-484.701691,543.603027,102.264618],"brightness":20,"color":[0.826189578,0.925667524,0.471540183,1],"hidden":true,"isEnabled":false,"radius":0.5,"rotationMatrix":[0.707106709,-0.707106709,-8.0840141e-07,1.43629563e-07,1.28688191e-06,-0.999999881,0.707106709,0.707106769,1.01152432e-06],"shadowDarkenColor":[0,0,0,0]}
{"name":"lampBulb_855","class":"PointLight","__parent":"lampLights_143","position":[-484.891876,542.713684,102.264618],"brightness":20,"color":[0.826189578,0.925667524,0.471540183,1],"hidden":true,"isEnabled":false,"radius":0.5,"rotationMatrix":[0.707106709,-0.707106709,-8.0840141e-07,1.43629563e-07,1.28688191e-06,-0.999999881,0.707106709,0.707106769,1.01152432e-06],"shadowDarkenColor":[0,0,0,0]}
{"name":"lampLight_286","class":"SpotLight","__parent":"lampLights_143","position":[-484.756866,543.141479,102.286438],"animationPeriod":2,"brightness":0.899999976,"color":[0.82745105,0.92549026,0.470588267,1],"fadeStartDistance":10,"hidden":true,"innerAngle":10,"isEnabled":false,"outerAngle":170,"rotationMatrix":[0.707106709,-0.707106709,-8.0840141e-07,1.43629563e-07,1.28688191e-06,-0.999999881,0.707106709,0.707106769,1.01152432e-06],"shadowDarkenColor":[0,0,0,0],"shadowDistance":20}
{"name":"lampBulb_856","class":"PointLight","__parent":"lampLights_143","position":[-485.75293,542.594055,102.264618],"brightness":20,"color":[0.826189578,0.925667524,0.471540183,1],"hidden":true,"isEnabled":false,"radius":0.5,"rotationMatrix":[0.707106709,-0.707106709,-8.0840141e-07,1.43629563e-07,1.28688191e-06,-0.999999881,0.707106709,0.707106769,1.01152432e-06],"shadowDarkenColor":[0,0,0,0]}
{"name":"lampBulb_857","class":"PointLight","__parent":"lampLights_143","position":[-485.245026,543.081726,102.264618],"brightness":20,"color":[0.826189578,0.925667524,0.471540183,1],"hidden":true,"isEnabled":false,"radius":0.5,"rotationMatrix":[0.707106709,-0.707106709,-8.0840141e-07,1.43629563e-07,1.28688191e-06,-0.999999881,0.707106709,0.707106769,1.01152432e-06],"shadowDarkenColor":[0,0,0,0]}
{"name":"lampBulb_858","class":"PointLight","__parent":"lampLights_143","position":[-485.400055,542.226013,102.264618],"brightness":20,"color":[0.826189578,0.925667524,0.471540183,1],"hidden":true,"isEnabled":false,"radius":0.5,"rotationMatrix":[0.707106709,-0.707106709,-8.0840141e-07,1.43629563e-07,1.28688191e-06,-0.999999881,0.707106709,0.707106769,1.01152432e-06],"shadowDarkenColor":[0,0,0,0]}
