{"name":"lampLight_233","class":"SpotLight","__parent":"lampLights_117","position":[-221.277969,669.79895,82.3263168],"animationPeriod":2,"brightness":0.899999976,"color":[0.82745105,0.92549026,0.470588267,1],"fadeStartDistance":10,"innerAngle":10,"isEnabled":false,"outerAngle":170,"rotationMatrix":[0.999999821,0.000345381093,2.38418551e-07,2.38418551e-07,5.21510959e-11,-0.99999994,-0.000345381064,0.999999881,-3.01941736e-11],"shadowDarkenColor":[0,0,0,0],"shadowDistance":20}
{"name":"lampBulb_697","class":"PointLight","__parent":"lampLights_117","position":[-221.479645,668.685608,82.3044968],"brightness":20,"color":[0.826189578,0.925667524,0.471540183,1],"isEnabled":false,"radius":0.5,"rotationMatrix":[0.999999821,0.000345381093,2.38418551e-07,2.38418551e-07,5.21510959e-11,-0.99999994,-0.000345381064,0.999999881,-3.01941736e-11],"shadowDarkenColor":[0,0,0,0]}
{"name":"lampBulb_698","class":"PointLight","__parent":"lampLights_117","position":[-220.969635,668.691833,82.3044968],"brightness":20,"color":[0.826189578,0.925667524,0.471540183,1],"isEnabled":false,"radius":0.5,"rotationMatrix":[0.999999821,0.000345381093,2.38418551e-07,2.38418551e-07,5.21510959e-11,-0.99999994,-0.000345381064,0.999999881,-3.01941736e-11],"shadowDarkenColor":[0,0,0,0]}
{"name":"lampBulb_699","class":"PointLight","__parent":"lampLights_117","position":[-221.48877,669.438477,82.3044968],"brightness":20,"color":[0.826189578,0.925667524,0.471540183,1],"isEnabled":false,"radius":0.5,"rotationMatrix":[0.999999821,0.000345381093,2.38418551e-07,2.38418551e-07,5.21510959e-11,-0.99999994,-0.000345381064,0.999999881,-3.01941736e-11],"shadowDarkenColor":[0,0,0,0]}
{"name":"lampLight_234","class":"SpotLight","__parent":"lampLights_117","position":[-221.268814,669.047607,82.3263168],"animationPeriod":2,"brightness":0.899999976,"color":[0.82745105,0.92549026,0.470588267,1],"fadeStartDistance":10,"innerAngle":10,"isEnabled":false,"outerAngle":170,"rotationMatrix":[0.999999821,0.000345381093,2.38418551e-07,2.38418551e-07,5.21510959e-11,-0.99999994,-0.000345381064,0.999999881,-3.01941736e-11],"shadowDarkenColor":[0,0,0,0],"shadowDistance":20}
{"name":"lampBulb_700","class":"PointLight","__parent":"lampLights_117","position":[-220.987534,670.148682,82.3044968],"brightness":20,"color":[0.826189578,0.925667524,0.471540183,1],"isEnabled":false,"radius":0.5,"rotationMatrix":[0.999999821,0.000345381093,2.38418551e-07,2.38418551e-07,5.21510959e-11,-0.99999994,-0.000345381064,0.999999881,-3.01941736e-11],"shadowDarkenColor":[0,0,0,0]}
{"name":"lampBulb_701","class":"PointLight","__parent":"lampLights_117","position":[-220.978775,669.44458,82.3044968],"brightness":20,"color":[0.826189578,0.925667524,0.471540183,1],"isEnabled":false,"radius":0.5,"rotationMatrix":[0.999999821,0.000345381093,2.38418551e-07,2.38418551e-07,5.21510959e-11,-0.99999994,-0.000345381064,0.999999881,-3.01941736e-11],"shadowDarkenColor":[0,0,0,0]}
{"name":"lampBulb_702","class":"PointLight","__parent":"lampLights_117","position":[-221.49733,670.142822,82.3044968],"brightness":20,"color":[0.826189578,0.925667524,0.471540183,1],"isEnabled":false,"radius":0.5,"rotationMatrix":[0.999999821,0.000345381093,2.38418551e-07,2.38418551e-07,5.21510959e-11,-0.99999994,-0.000345381064,0.999999881,-3.01941736e-11],"shadowDarkenColor":[0,0,0,0]}
