{
  "looped":false,
  "manualFov":true,
  "markers":[
    {
      "fov":20,
      "movingEnd":true,
      "movingStart":true,
      "pos":{
        "x":373.3981858,
        "y":-243.1768378,
        "z":146.7764125
      },
      "rot":{
        "z":0.7538595599,
        "w":0.6553028615,
        "x":0.03128414853,
        "y":-0.0359892438
      },
      "time":0,
      "trackPosition":true
    },
    {
      "fov":20,
      "movingEnd":true,
      "movingStart":true,
      "pos":{
        "x":362.6056885,
        "y":-243.8610227,
        "z":147.7900645
      },
      "rot":{
        "z":0.7538595599,
        "w":0.6553028615,
        "x":0.03128414853,
        "y":-0.0359892438
      },
      "time":3,
      "trackPosition":true
    }
  ],
  "name":"camPath",
  "version":"6"
}