{
  "looped":false,
  "manualFov":true,
  "markers":[
    {
      "fov":35,
      "movingEnd":true,
      "movingStart":true,
      "pos":{
        "x":404.5752481,
        "y":-259.3146163,
        "z":147.4116048
      },
      "rot":{
        "z":-0.4752464957,
        "w":0.8793477828,
        "x":0.02621923943,
        "y":0.014170277
      },
      "time":0,
      "trackPosition":true
    },
    {
      "cut":true,
      "fov":35,
      "movingEnd":true,
      "movingStart":true,
      "pos":{
        "x":376.8240642,
        "y":-258.9294579,
        "z":146.0872733
      },
      "rot":{
        "z":0.4875137582,
        "w":0.8730995914,
        "x":0.004573560633,
        "y":-0.002553745019
      },
      "time":14,
      "trackPosition":true
    },
    {
      "fov":35,
      "movingEnd":true,
      "movingStart":true,
      "pos":{
        "x":399.8321065,
        "y":-246.0439773,
        "z":146.2039525
      },
      "rot":{
        "z":0.9773970521,
        "w":-0.2003559237,
        "x":-0.01354934466,
        "y":-0.06609781873
      },
      "time":14,
      "trackPosition":true
    },
    {
      "fov":35,
      "movingEnd":true,
      "movingStart":true,
      "pos":{
        "x":380.2776678,
        "y":-245.4299777,
        "z":146.5126379
      },
      "rot":{
        "z":0.9861344723,
        "w":0.1452778052,
        "x":0.01168995844,
        "y":-0.07935053105
      },
      "time":26,
      "trackPosition":true
    }
  ],
  "name":"camPath",
  "rotFixId":1,
  "version":"6"
}