{
  "looped":false,
  "manualFov":false,
  "markers":[
    {
      "fov":20,
      "movingEnd":true,
      "movingStart":true,
      "pos":{
        "x":8.846878052,
        "y":691.2919922,
        "z":77.59161377
      },
      "rot":{
        "z":-0.1288426813,
        "w":0.9888534189,
        "x":0.07399677392,
        "y":0.009641411537
      },
      "time":0,
      "trackPosition":true
    },
    {
      "fov":20,
      "movingEnd":true,
      "movingStart":true,
      "pos":{
        "x":9.822767258,
        "y":697.5939331,
        "z":77.8748703
      },
      "rot":{
        "z":-0.07528123954,
        "w":0.9966965676,
        "x":0.03038781332,
        "y":0.002295214339
      },
      "time":3,
      "trackPosition":true
    }
  ],
  "name":"camPath",
  "rotFixId":2,
  "version":"6"
}