{
  "looped":false,
  "manualFov":true,
  "markers":[
    {
      "fov":30,
      "movingEnd":true,
      "movingStart":true,
      "pos":{
        "x":21.28213882,
        "y":669.0560913,
        "z":76.17741394
      },
      "rot":{
        "z":0.1999167825,
        "w":0.9793985773,
        "x":0.02791485839,
        "y":-0.005698036328
      },
      "time":0,
      "trackPosition":true
    },
    {
      "cut":true,
      "fov":30,
      "movingEnd":true,
      "movingStart":true,
      "pos":{
        "x":24.78670692,
        "y":682.8977051,
        "z":76.35988617
      },
      "rot":{
        "z":-0.2856717541,
        "w":0.958004354,
        "x":0.02384815791,
        "y":0.007111392629
      },
      "time":12,
      "trackPosition":true
    },
    {
      "fov":30,
      "movingEnd":true,
      "movingStart":true,
      "pos":{
        "x":7.21907711,
        "y":674.3880615,
        "z":75.73596954
      },
      "rot":{
        "z":-0.9795264751,
        "w":-0.1983221223,
        "x":0.006863358571,
        "y":-0.03389859563
      },
      "time":12,
      "trackPosition":true
    },
    {
      "fov":30,
      "movingEnd":true,
      "movingStart":true,
      "pos":{
        "x":15.13098738,
        "y":692.7452445,
        "z":75.70141233
      },
      "rot":{
        "z":-0.9471102709,
        "w":-0.3208202894,
        "x":-0.002411064643,
        "y":0.007117829395
      },
      "time":28,
      "trackPosition":true
    }
  ],
  "name":"camPath",
  "rotFixId":3,
  "version":"6"
}