{"name":"lampLight_85","class":"SpotLight","__parent":"lampLights_43","position":[-853.308777,628.850037,124.085381],"animationPeriod":2,"brightness":0.899999976,"color":[0.82745105,0.92549026,0.470588267,1],"fadeStartDistance":10,"innerAngle":10,"isEnabled":false,"outerAngle":170,"rotationMatrix":[9.000051e-14,-0.99999994,-1.50995803e-07,5.96046448e-07,1.50995788e-07,-1,0.99999994,0,5.96046391e-07],"shadowDarkenColor":[0,0,0,0],"shadowDistance":20}
{"name":"lampBulb_253","class":"PointLight","__parent":"lampLights_43","position":[-852.195801,628.646118,124.06356],"brightness":20,"color":[0.826189578,0.925667524,0.471540183,1],"isEnabled":false,"radius":0.5,"rotationMatrix":[9.000051e-14,-0.99999994,-1.50995803e-07,5.96046448e-07,1.50995788e-07,-1,0.99999994,0,5.96046391e-07],"shadowDarkenColor":[0,0,0,0]}
{"name":"lampBulb_254","class":"PointLight","__parent":"lampLights_43","position":[-852.200928,629.156128,124.06356],"brightness":20,"color":[0.826189578,0.925667524,0.471540183,1],"isEnabled":false,"radius":0.5,"rotationMatrix":[9.000051e-14,-0.99999994,-1.50995803e-07,5.96046448e-07,1.50995788e-07,-1,0.99999994,0,5.96046391e-07],"shadowDarkenColor":[0,0,0,0]}
{"name":"lampBulb_255","class":"PointLight","__parent":"lampLights_43","position":[-852.94873,628.638489,124.06356],"brightness":20,"color":[0.826189578,0.925667524,0.471540183,1],"isEnabled":false,"radius":0.5,"rotationMatrix":[9.000051e-14,-0.99999994,-1.50995803e-07,5.96046448e-07,1.50995788e-07,-1,0.99999994,0,5.96046391e-07],"shadowDarkenColor":[0,0,0,0]}
{"name":"lampLight_86","class":"SpotLight","__parent":"lampLights_43","position":[-852.557373,628.857666,124.085381],"animationPeriod":2,"brightness":0.899999976,"color":[0.82745105,0.92549026,0.470588267,1],"fadeStartDistance":10,"innerAngle":10,"isEnabled":false,"outerAngle":170,"rotationMatrix":[9.000051e-14,-0.99999994,-1.50995803e-07,5.96046448e-07,1.50995788e-07,-1,0.99999994,0,5.96046391e-07],"shadowDarkenColor":[0,0,0,0],"shadowDistance":20}
{"name":"lampBulb_256","class":"PointLight","__parent":"lampLights_43","position":[-853.658325,629.141418,124.06356],"brightness":20,"color":[0.826189578,0.925667524,0.471540183,1],"isEnabled":false,"radius":0.5,"rotationMatrix":[9.000051e-14,-0.99999994,-1.50995803e-07,5.96046448e-07,1.50995788e-07,-1,0.99999994,0,5.96046391e-07],"shadowDarkenColor":[0,0,0,0]}
{"name":"lampBulb_257","class":"PointLight","__parent":"lampLights_43","position":[-852.953857,629.14856,124.06356],"brightness":20,"color":[0.826189578,0.925667524,0.471540183,1],"isEnabled":false,"radius":0.5,"rotationMatrix":[9.000051e-14,-0.99999994,-1.50995803e-07,5.96046448e-07,1.50995788e-07,-1,0.99999994,0,5.96046391e-07],"shadowDarkenColor":[0,0,0,0]}
{"name":"lampBulb_258","class":"PointLight","__parent":"lampLights_43","position":[-853.653076,628.631409,124.06356],"brightness":20,"color":[0.826189578,0.925667524,0.471540183,1],"isEnabled":false,"radius":0.5,"rotationMatrix":[9.000051e-14,-0.99999994,-1.50995803e-07,5.96046448e-07,1.50995788e-07,-1,0.99999994,0,5.96046391e-07],"shadowDarkenColor":[0,0,0,0]}
