{"name":"lampLight_105","class":"SpotLight","__parent":"lampLights_53","position":[-920.681335,224.858063,166.264145],"animationPeriod":2,"brightness":0.899999976,"color":[0.82745105,0.92549026,0.470588267,1],"fadeStartDistance":10,"innerAngle":10,"isEnabled":false,"outerAngle":170,"rotationMatrix":[0.722738147,0.691121936,-0.000354290009,-0.000488191843,-2.2649765e-06,-1,-0.691121876,0.722738385,0.000335693359],"shadowDarkenColor":[0,0,0,0],"shadowDistance":20}
{"name":"lampBulb_313","class":"PointLight","__parent":"lampLights_53","position":[-921.299438,225.805847,166.243179],"brightness":20,"color":[0.826189578,0.925667524,0.471540183,1],"isEnabled":false,"radius":0.5,"rotationMatrix":[0.722738147,0.691121936,-0.000354290009,-0.000488191843,-2.2649765e-06,-1,-0.691121876,0.722738385,0.000335693359],"shadowDarkenColor":[0,0,0,0]}
{"name":"lampBulb_314","class":"PointLight","__parent":"lampLights_53","position":[-921.665894,225.451111,166.243347],"brightness":20,"color":[0.826189578,0.925667524,0.471540183,1],"isEnabled":false,"radius":0.5,"rotationMatrix":[0.722738147,0.691121936,-0.000354290009,-0.000488191843,-2.2649765e-06,-1,-0.691121876,0.722738385,0.000335693359],"shadowDarkenColor":[0,0,0,0]}
{"name":"lampBulb_315","class":"PointLight","__parent":"lampLights_53","position":[-920.775757,225.264923,166.242538],"brightness":20,"color":[0.826189578,0.925667524,0.471540183,1],"isEnabled":false,"radius":0.5,"rotationMatrix":[0.722738147,0.691121936,-0.000354290009,-0.000488191843,-2.2649765e-06,-1,-0.691121876,0.722738385,0.000335693359],"shadowDarkenColor":[0,0,0,0]}
{"name":"lampLight_106","class":"SpotLight","__parent":"lampLights_53","position":[-921.203979,225.397919,166.264755],"animationPeriod":2,"brightness":0.899999976,"color":[0.82745105,0.92549026,0.470588267,1],"fadeStartDistance":10,"innerAngle":10,"isEnabled":false,"outerAngle":170,"rotationMatrix":[0.722738147,0.691121936,-0.000354290009,-0.000488191843,-2.2649765e-06,-1,-0.691121876,0.722738385,0.000335693359],"shadowDarkenColor":[0,0,0,0],"shadowDistance":20}
{"name":"lampBulb_316","class":"PointLight","__parent":"lampLights_53","position":[-920.652161,224.404022,166.242126],"brightness":20,"color":[0.826189578,0.925667524,0.471540183,1],"isEnabled":false,"radius":0.5,"rotationMatrix":[0.722738147,0.691121936,-0.000354290009,-0.000488191843,-2.2649765e-06,-1,-0.691121876,0.722738385,0.000335693359],"shadowDarkenColor":[0,0,0,0]}
{"name":"lampBulb_317","class":"PointLight","__parent":"lampLights_53","position":[-921.142151,224.910126,166.242706],"brightness":20,"color":[0.826189578,0.925667524,0.471540183,1],"isEnabled":false,"radius":0.5,"rotationMatrix":[0.722738147,0.691121936,-0.000354290009,-0.000488191843,-2.2649765e-06,-1,-0.691121876,0.722738385,0.000335693359],"shadowDarkenColor":[0,0,0,0]}
{"name":"lampBulb_318","class":"PointLight","__parent":"lampLights_53","position":[-920.285767,224.75882,166.241959],"brightness":20,"color":[0.826189578,0.925667524,0.471540183,1],"isEnabled":false,"radius":0.5,"rotationMatrix":[0.722738147,0.691121936,-0.000354290009,-0.000488191843,-2.2649765e-06,-1,-0.691121876,0.722738385,0.000335693359],"shadowDarkenColor":[0,0,0,0]}
