{"name":"lampLight_185","class":"SpotLight","__parent":"lampLights_93","position":[-368.286804,646.316345,82.5089264],"animationPeriod":2,"brightness":0.899999976,"color":[0.82745105,0.92549026,0.470588267,1],"fadeStartDistance":10,"innerAngle":10,"isEnabled":false,"outerAngle":170,"rotationMatrix":[0.693401933,-0.720551014,0,5.96046448e-08,1.1920929e-07,-0.99999994,0.720551014,0.693401873,1.1920929e-07],"shadowDarkenColor":[0,0,0,0],"shadowDistance":20}
{"name":"lampBulb_553","class":"PointLight","__parent":"lampLights_93","position":[-367.337219,646.93158,82.4871063],"brightness":20,"color":[0.826189578,0.925667524,0.471540183,1],"isEnabled":false,"radius":0.5,"rotationMatrix":[0.693401933,-0.720551014,0,5.96046448e-08,1.1920929e-07,-0.99999994,0.720551014,0.693401873,1.1920929e-07],"shadowDarkenColor":[0,0,0,0]}
{"name":"lampBulb_554","class":"PointLight","__parent":"lampLights_93","position":[-367.690857,647.299072,82.4871063],"brightness":20,"color":[0.826189578,0.925667524,0.471540183,1],"isEnabled":false,"radius":0.5,"rotationMatrix":[0.693401933,-0.720551014,0,5.96046448e-08,1.1920929e-07,-0.99999994,0.720551014,0.693401873,1.1920929e-07],"shadowDarkenColor":[0,0,0,0]}
{"name":"lampBulb_555","class":"PointLight","__parent":"lampLights_93","position":[-367.8797,646.409485,82.4871063],"brightness":20,"color":[0.826189578,0.925667524,0.471540183,1],"isEnabled":false,"radius":0.5,"rotationMatrix":[0.693401933,-0.720551014,0,5.96046448e-08,1.1920929e-07,-0.99999994,0.720551014,0.693401873,1.1920929e-07],"shadowDarkenColor":[0,0,0,0]}
{"name":"lampLight_186","class":"SpotLight","__parent":"lampLights_93","position":[-367.745422,646.837402,82.5089264],"animationPeriod":2,"brightness":0.899999976,"color":[0.82745105,0.92549026,0.470588267,1],"fadeStartDistance":10,"innerAngle":10,"isEnabled":false,"outerAngle":170,"rotationMatrix":[0.693401933,-0.720551014,0,5.96046448e-08,1.1920929e-07,-0.99999994,0.720551014,0.693401873,1.1920929e-07],"shadowDarkenColor":[0,0,0,0],"shadowDistance":20}
{"name":"lampBulb_556","class":"PointLight","__parent":"lampLights_93","position":[-368.740601,646.288574,82.4871063],"brightness":20,"color":[0.826189578,0.925667524,0.471540183,1],"isEnabled":false,"radius":0.5,"rotationMatrix":[0.693401933,-0.720551014,0,5.96046448e-08,1.1920929e-07,-0.99999994,0.720551014,0.693401873,1.1920929e-07],"shadowDarkenColor":[0,0,0,0]}
{"name":"lampBulb_557","class":"PointLight","__parent":"lampLights_93","position":[-368.233398,646.776978,82.4871063],"brightness":20,"color":[0.826189578,0.925667524,0.471540183,1],"isEnabled":false,"radius":0.5,"rotationMatrix":[0.693401933,-0.720551014,0,5.96046448e-08,1.1920929e-07,-0.99999994,0.720551014,0.693401873,1.1920929e-07],"shadowDarkenColor":[0,0,0,0]}
{"name":"lampBulb_558","class":"PointLight","__parent":"lampLights_93","position":[-368.387268,645.921021,82.4871063],"brightness":20,"color":[0.826189578,0.925667524,0.471540183,1],"isEnabled":false,"radius":0.5,"rotationMatrix":[0.693401933,-0.720551014,0,5.96046448e-08,1.1920929e-07,-0.99999994,0.720551014,0.693401873,1.1920929e-07],"shadowDarkenColor":[0,0,0,0]}
