{"name":"lampLight_185","class":"SpotLight","__parent":"lampLights_93","position":[-273.72287,796.83606,82.3874207],"animationPeriod":2,"brightness":0.899999976,"color":[0.82745105,0.92549026,0.470588267,1],"fadeStartDistance":10,"innerAngle":10,"outerAngle":170,"rotationMatrix":[-4.92006778e-14,0.99999994,1.50995803e-07,3.2584137e-07,1.50995788e-07,-1,-0.99999994,0,-3.25841341e-07],"shadowDarkenColor":[0,0,0,0],"shadowDistance":20}
{"name":"lampBulb_553","class":"PointLight","__parent":"lampLights_93","position":[-272.611542,796.623596,82.3656006],"brightness":20,"color":[0.826189578,0.925667524,0.471540183,1],"radius":0.5,"rotationMatrix":[-4.92006778e-14,0.99999994,1.50995803e-07,3.2584137e-07,1.50995788e-07,-1,-0.99999994,0,-3.25841341e-07],"shadowDarkenColor":[0,0,0,0]}
{"name":"lampBulb_554","class":"PointLight","__parent":"lampLights_93","position":[-272.612823,797.133606,82.3656006],"brightness":20,"color":[0.826189578,0.925667524,0.471540183,1],"radius":0.5,"rotationMatrix":[-4.92006778e-14,0.99999994,1.50995803e-07,3.2584137e-07,1.50995788e-07,-1,-0.99999994,0,-3.25841341e-07],"shadowDarkenColor":[0,0,0,0]}
{"name":"lampBulb_555","class":"PointLight","__parent":"lampLights_93","position":[-273.364471,796.621826,82.3656006],"brightness":20,"color":[0.826189578,0.925667524,0.471540183,1],"radius":0.5,"rotationMatrix":[-4.92006778e-14,0.99999994,1.50995803e-07,3.2584137e-07,1.50995788e-07,-1,-0.99999994,0,-3.25841341e-07],"shadowDarkenColor":[0,0,0,0]}
{"name":"lampLight_186","class":"SpotLight","__parent":"lampLights_93","position":[-272.971527,796.837891,82.3874207],"animationPeriod":2,"brightness":0.899999976,"color":[0.82745105,0.92549026,0.470588267,1],"fadeStartDistance":10,"innerAngle":10,"outerAngle":170,"rotationMatrix":[-4.92006778e-14,0.99999994,1.50995803e-07,3.2584137e-07,1.50995788e-07,-1,-0.99999994,0,-3.25841341e-07],"shadowDarkenColor":[0,0,0,0],"shadowDistance":20}
{"name":"lampBulb_556","class":"PointLight","__parent":"lampLights_93","position":[-274.069794,797.129883,82.3656006],"brightness":20,"color":[0.826189578,0.925667524,0.471540183,1],"radius":0.5,"rotationMatrix":[-4.92006778e-14,0.99999994,1.50995803e-07,3.2584137e-07,1.50995788e-07,-1,-0.99999994,0,-3.25841341e-07],"shadowDarkenColor":[0,0,0,0]}
{"name":"lampBulb_557","class":"PointLight","__parent":"lampLights_93","position":[-273.365631,797.131775,82.3656006],"brightness":20,"color":[0.826189578,0.925667524,0.471540183,1],"radius":0.5,"rotationMatrix":[-4.92006778e-14,0.99999994,1.50995803e-07,3.2584137e-07,1.50995788e-07,-1,-0.99999994,0,-3.25841341e-07],"shadowDarkenColor":[0,0,0,0]}
{"name":"lampBulb_558","class":"PointLight","__parent":"lampLights_93","position":[-274.068878,796.620056,82.3656006],"brightness":20,"color":[0.826189578,0.925667524,0.471540183,1],"radius":0.5,"rotationMatrix":[-4.92006778e-14,0.99999994,1.50995803e-07,3.2584137e-07,1.50995788e-07,-1,-0.99999994,0,-3.25841341e-07],"shadowDarkenColor":[0,0,0,0]}
