{
  "looped":false,
  "manualFov":true,
  "markers":[
    {
      "fov":20,
      "movingEnd":true,
      "movingStart":true,
      "pos":{
        "x":-908.1152225,
        "y":-417.0721976,
        "z":103.6121541
      },
      "rot":{
        "z":0.5308262358,
        "w":0.8437703174,
        "x":0.06705073299,
        "y":-0.04218243693
      },
      "time":0,
      "trackPosition":true
    },
    {
      "fov":20,
      "movingEnd":true,
      "movingStart":true,
      "pos":{
        "x":-911.4570729,
        "y":-420.6990355,
        "z":103.7997825
      },
      "rot":{
        "z":0.3624694742,
        "w":0.9318241152,
        "x":0.01666378539,
        "y":-0.00648203178
      },
      "time":3,
      "trackPosition":true
    }
  ],
  "name":"camPath",
  "version":"6"
}