{
  "looped":false,
  "manualFov":false,
  "markers":[
    {
      "fov":20,
      "movingEnd":true,
      "movingStart":true,
      "pos":{
        "x":-863.0419312,
        "y":-390.6071777,
        "z":102.7247925
      },
      "rot":{
        "z":0.5308262358,
        "w":0.8437703174,
        "x":0.06705073299,
        "y":-0.04218243693
      },
      "time":0,
      "trackPosition":true
    },
    {
      "fov":20,
      "movingEnd":true,
      "movingStart":true,
      "pos":{
        "x":-860.9042358,
        "y":-386.9264526,
        "z":102.5550308
      },
      "rot":{
        "z":0.3624694742,
        "w":0.9318241152,
        "x":0.01666378539,
        "y":-0.00648203178
      },
      "time":3,
      "trackPosition":true
    }
  ],
  "name":"camPath",
  "rotFixId":1,
  "version":"6"
}