{
  "looped":false,
  "manualFov":true,
  "markers":[
    {
      "fov":35,
      "movingEnd":true,
      "movingStart":true,
      "pos":{
        "x":-874.3675858,
        "y":-407.7362601,
        "z":102.5228904
      },
      "rot":{
        "z":0.5972763375,
        "w":-0.7929744292,
        "x":-0.09602678054,
        "y":-0.07232833956
      },
      "time":0,
      "trackPosition":true
    },
    {
      "cut":true,
      "fov":35,
      "movingEnd":true,
      "movingStart":true,
      "pos":{
        "x":-886.5119717,
        "y":-421.7977461,
        "z":102.5228904
      },
      "rot":{
        "z":0.1153414369,
        "w":-0.991402894,
        "x":-0.06136517538,
        "y":-0.007139325037
      },
      "time":12,
      "trackPosition":true
    },
    {
      "fov":35,
      "movingEnd":true,
      "movingStart":true,
      "pos":{
        "x":-887.4943136,
        "y":-398.294027,
        "z":102.1066029
      },
      "rot":{
        "z":-0.955910585,
        "w":-0.2883217887,
        "x":-0.01609231802,
        "y":0.05335294708
      },
      "time":12,
      "trackPosition":true
    },
    {
      "fov":35,
      "movingEnd":true,
      "movingStart":true,
      "pos":{
        "x":-897.4185774,
        "y":-408.7293024,
        "z":102.1066029
      },
      "rot":{
        "z":-0.8597679419,
        "w":-0.5084563584,
        "x":-0.02425921928,
        "y":0.04102082447
      },
      "time":24,
      "trackPosition":true
    }
  ],
  "name":"camPath",
  "rotFixId":1,
  "version":"6"
}