{"name":"lampLight_269","class":"SpotLight","__parent":"lampLights_135","position":[-261.775055,808.017456,82.3874207],"animationPeriod":2,"brightness":0.899999976,"color":[0.82745105,0.92549026,0.470588267,1],"fadeStartDistance":10,"innerAngle":10,"isEnabled":false,"outerAngle":170,"rotationMatrix":[-4.92006778e-14,0.99999994,1.50995803e-07,3.2584137e-07,1.50995788e-07,-1,-0.99999994,0,-3.25841341e-07],"shadowDarkenColor":[0,0,0,0],"shadowDistance":20}
{"name":"lampBulb_805","class":"PointLight","__parent":"lampLights_135","position":[-260.663727,807.804993,82.3656006],"brightness":20,"color":[0.826189578,0.925667524,0.471540183,1],"isEnabled":false,"radius":0.5,"rotationMatrix":[-4.92006778e-14,0.99999994,1.50995803e-07,3.2584137e-07,1.50995788e-07,-1,-0.99999994,0,-3.25841341e-07],"shadowDarkenColor":[0,0,0,0]}
{"name":"lampBulb_806","class":"PointLight","__parent":"lampLights_135","position":[-260.665009,808.315002,82.3656006],"brightness":20,"color":[0.826189578,0.925667524,0.471540183,1],"isEnabled":false,"radius":0.5,"rotationMatrix":[-4.92006778e-14,0.99999994,1.50995803e-07,3.2584137e-07,1.50995788e-07,-1,-0.99999994,0,-3.25841341e-07],"shadowDarkenColor":[0,0,0,0]}
{"name":"lampBulb_807","class":"PointLight","__parent":"lampLights_135","position":[-261.416656,807.803223,82.3656006],"brightness":20,"color":[0.826189578,0.925667524,0.471540183,1],"isEnabled":false,"radius":0.5,"rotationMatrix":[-4.92006778e-14,0.99999994,1.50995803e-07,3.2584137e-07,1.50995788e-07,-1,-0.99999994,0,-3.25841341e-07],"shadowDarkenColor":[0,0,0,0]}
{"name":"lampLight_270","class":"SpotLight","__parent":"lampLights_135","position":[-261.023712,808.019287,82.3874207],"animationPeriod":2,"brightness":0.899999976,"color":[0.82745105,0.92549026,0.470588267,1],"fadeStartDistance":10,"innerAngle":10,"isEnabled":false,"outerAngle":170,"rotationMatrix":[-4.92006778e-14,0.99999994,1.50995803e-07,3.2584137e-07,1.50995788e-07,-1,-0.99999994,0,-3.25841341e-07],"shadowDarkenColor":[0,0,0,0],"shadowDistance":20}
{"name":"lampBulb_808","class":"PointLight","__parent":"lampLights_135","position":[-262.121979,808.311279,82.3656006],"brightness":20,"color":[0.826189578,0.925667524,0.471540183,1],"isEnabled":false,"radius":0.5,"rotationMatrix":[-4.92006778e-14,0.99999994,1.50995803e-07,3.2584137e-07,1.50995788e-07,-1,-0.99999994,0,-3.25841341e-07],"shadowDarkenColor":[0,0,0,0]}
{"name":"lampBulb_809","class":"PointLight","__parent":"lampLights_135","position":[-261.417816,808.313171,82.3656006],"brightness":20,"color":[0.826189578,0.925667524,0.471540183,1],"isEnabled":false,"radius":0.5,"rotationMatrix":[-4.92006778e-14,0.99999994,1.50995803e-07,3.2584137e-07,1.50995788e-07,-1,-0.99999994,0,-3.25841341e-07],"shadowDarkenColor":[0,0,0,0]}
{"name":"lampBulb_810","class":"PointLight","__parent":"lampLights_135","position":[-262.121063,807.801453,82.3656006],"brightness":20,"color":[0.826189578,0.925667524,0.471540183,1],"isEnabled":false,"radius":0.5,"rotationMatrix":[-4.92006778e-14,0.99999994,1.50995803e-07,3.2584137e-07,1.50995788e-07,-1,-0.99999994,0,-3.25841341e-07],"shadowDarkenColor":[0,0,0,0]}
