{"name":"lampLight_133","class":"SpotLight","__parent":"lampLights_67","position":[-720.164124,844.281921,82.1073456],"animationPeriod":2,"brightness":0.899999976,"color":[0.82745105,0.92549026,0.470588267,1],"fadeStartDistance":10,"hidden":true,"innerAngle":10,"outerAngle":170,"rotationMatrix":[0.717528582,-0.69652915,-2.98023224e-08,1.1920929e-07,-1.1920929e-07,-1.00000024,0.69652915,0.71752882,0],"shadowDarkenColor":[0,0,0,0],"shadowDistance":20}
{"name":"lampBulb_397","class":"PointLight","__parent":"lampLights_67","position":[-719.235962,844.929077,82.0855255],"brightness":20,"color":[0.826189578,0.925667524,0.471540183,1],"hidden":true,"radius":0.5,"rotationMatrix":[0.717528582,-0.69652915,-2.98023224e-08,1.1920929e-07,-1.1920929e-07,-1.00000024,0.69652915,0.71752882,0],"shadowDarkenColor":[0,0,0,0]}
{"name":"lampBulb_398","class":"PointLight","__parent":"lampLights_67","position":[-719.601929,845.284363,82.0855255],"brightness":20,"color":[0.826189578,0.925667524,0.471540183,1],"hidden":true,"radius":0.5,"rotationMatrix":[0.717528582,-0.69652915,-2.98023224e-08,1.1920929e-07,-1.1920929e-07,-1.00000024,0.69652915,0.71752882,0],"shadowDarkenColor":[0,0,0,0]}
{"name":"lampBulb_399","class":"PointLight","__parent":"lampLights_67","position":[-719.760376,844.388855,82.0855255],"brightness":20,"color":[0.826189578,0.925667524,0.471540183,1],"hidden":true,"radius":0.5,"rotationMatrix":[0.717528582,-0.69652915,-2.98023224e-08,1.1920929e-07,-1.1920929e-07,-1.00000024,0.69652915,0.71752882,0],"shadowDarkenColor":[0,0,0,0]}
{"name":"lampLight_134","class":"SpotLight","__parent":"lampLights_67","position":[-719.640747,844.821045,82.1073456],"animationPeriod":2,"brightness":0.899999976,"color":[0.82745105,0.92549026,0.470588267,1],"fadeStartDistance":10,"hidden":true,"innerAngle":10,"outerAngle":170,"rotationMatrix":[0.717528582,-0.69652915,-2.98023224e-08,1.1920929e-07,-1.1920929e-07,-1.00000024,0.69652915,0.71752882,0],"shadowDarkenColor":[0,0,0,0],"shadowDistance":20}
{"name":"lampBulb_400","class":"PointLight","__parent":"lampLights_67","position":[-720.617004,844.238647,82.0855255],"brightness":20,"color":[0.826189578,0.925667524,0.471540183,1],"hidden":true,"radius":0.5,"rotationMatrix":[0.717528582,-0.69652915,-2.98023224e-08,1.1920929e-07,-1.1920929e-07,-1.00000024,0.69652915,0.71752882,0],"shadowDarkenColor":[0,0,0,0]}
{"name":"lampBulb_401","class":"PointLight","__parent":"lampLights_67","position":[-720.126404,844.74408,82.0855255],"brightness":20,"color":[0.826189578,0.925667524,0.471540183,1],"hidden":true,"radius":0.5,"rotationMatrix":[0.717528582,-0.69652915,-2.98023224e-08,1.1920929e-07,-1.1920929e-07,-1.00000024,0.69652915,0.71752882,0],"shadowDarkenColor":[0,0,0,0]}
{"name":"lampBulb_402","class":"PointLight","__parent":"lampLights_67","position":[-720.251038,843.883423,82.0855255],"brightness":20,"color":[0.826189578,0.925667524,0.471540183,1],"hidden":true,"radius":0.5,"rotationMatrix":[0.717528582,-0.69652915,-2.98023224e-08,1.1920929e-07,-1.1920929e-07,-1.00000024,0.69652915,0.71752882,0],"shadowDarkenColor":[0,0,0,0]}
