{"name":"lampLight_225","class":"SpotLight","__parent":"lampLights_113","position":[-336.078033,650.541138,82.3195419],"animationPeriod":2,"brightness":0.899999976,"color":[0.82745105,0.92549026,0.470588267,1],"fadeStartDistance":10,"hidden":true,"innerAngle":10,"isEnabled":false,"outerAngle":170,"rotationMatrix":[-0.70979178,-0.704411507,-1.78813934e-07,-2.98023224e-08,2.98023224e-07,-1,0.704411507,-0.70979178,-2.38418579e-07],"shadowDarkenColor":[0,0,0,0],"shadowDistance":20}
{"name":"lampBulb_673","class":"PointLight","__parent":"lampLights_113","position":[-335.448273,649.601135,82.2977219],"brightness":20,"color":[0.826189578,0.925667524,0.471540183,1],"hidden":true,"isEnabled":false,"radius":0.5,"rotationMatrix":[-0.70979178,-0.704411507,-1.78813934e-07,-2.98023224e-08,2.98023224e-07,-1,0.704411507,-0.70979178,-2.38418579e-07],"shadowDarkenColor":[0,0,0,0]}
{"name":"lampBulb_674","class":"PointLight","__parent":"lampLights_113","position":[-335.086273,649.960388,82.2977219],"brightness":20,"color":[0.826189578,0.925667524,0.471540183,1],"hidden":true,"isEnabled":false,"radius":0.5,"rotationMatrix":[-0.70979178,-0.704411507,-1.78813934e-07,-2.98023224e-08,2.98023224e-07,-1,0.704411507,-0.70979178,-2.38418579e-07],"shadowDarkenColor":[0,0,0,0]}
{"name":"lampBulb_675","class":"PointLight","__parent":"lampLights_113","position":[-335.978668,650.135498,82.2977219],"brightness":20,"color":[0.826189578,0.925667524,0.471540183,1],"hidden":true,"isEnabled":false,"radius":0.5,"rotationMatrix":[-0.70979178,-0.704411507,-1.78813934e-07,-2.98023224e-08,2.98023224e-07,-1,0.704411507,-0.70979178,-2.38418579e-07],"shadowDarkenColor":[0,0,0,0]}
{"name":"lampLight_226","class":"SpotLight","__parent":"lampLights_113","position":[-335.548706,650.007812,82.3195419],"animationPeriod":2,"brightness":0.899999976,"color":[0.82745105,0.92549026,0.470588267,1],"fadeStartDistance":10,"hidden":true,"innerAngle":10,"isEnabled":false,"outerAngle":170,"rotationMatrix":[-0.70979178,-0.704411507,-1.78813934e-07,-2.98023224e-08,2.98023224e-07,-1,0.704411507,-0.70979178,-2.38418579e-07],"shadowDarkenColor":[0,0,0,0],"shadowDistance":20}
{"name":"lampBulb_676","class":"PointLight","__parent":"lampLights_113","position":[-336.112793,650.994446,82.2977219],"brightness":20,"color":[0.826189578,0.925667524,0.471540183,1],"hidden":true,"isEnabled":false,"radius":0.5,"rotationMatrix":[-0.70979178,-0.704411507,-1.78813934e-07,-2.98023224e-08,2.98023224e-07,-1,0.704411507,-0.70979178,-2.38418579e-07],"shadowDarkenColor":[0,0,0,0]}
{"name":"lampBulb_677","class":"PointLight","__parent":"lampLights_113","position":[-335.616638,650.494812,82.2977219],"brightness":20,"color":[0.826189578,0.925667524,0.471540183,1],"hidden":true,"isEnabled":false,"radius":0.5,"rotationMatrix":[-0.70979178,-0.704411507,-1.78813934e-07,-2.98023224e-08,2.98023224e-07,-1,0.704411507,-0.70979178,-2.38418579e-07],"shadowDarkenColor":[0,0,0,0]}
{"name":"lampBulb_678","class":"PointLight","__parent":"lampLights_113","position":[-336.474884,650.635498,82.2977219],"brightness":20,"color":[0.826189578,0.925667524,0.471540183,1],"hidden":true,"isEnabled":false,"radius":0.5,"rotationMatrix":[-0.70979178,-0.704411507,-1.78813934e-07,-2.98023224e-08,2.98023224e-07,-1,0.704411507,-0.70979178,-2.38418579e-07],"shadowDarkenColor":[0,0,0,0]}
