{
  "looped":false,
  "manualFov":true,
  "markers":[
    {
      "fov":30,
      "movingEnd":true,
      "movingStart":true,
      "pos":{
        "x":698.7625061,
        "y":-835.9873476,
        "z":159.628155
      },
      "rot":{
        "z":0.6409465878,
        "w":-0.7671904311,
        "x":-0.01889660035,
        "y":-0.0157870993
      },
      "time":0,
      "trackPosition":true
    },
    {
      "cut":true,
      "fov":30,
      "movingEnd":true,
      "movingStart":true,
      "pos":{
        "x":697.7245085,
        "y":-819.7765539,
        "z":159.628155
      },
      "rot":{
        "z":0.8184154734,
        "w":-0.5726920694,
        "x":-0.02701289303,
        "y":-0.03860324042
      },
      "time":12,
      "trackPosition":true
    },
    {
      "fov":20,
      "movingEnd":true,
      "movingStart":true,
      "pos":{
        "x":678.1111309,
        "y":-834.4221324,
        "z":159.8542985
      },
      "rot":{
        "z":0.7000867378,
        "w":0.7121875772,
        "x":0.03683152047,
        "y":-0.03620571299
      },
      "time":12,
      "trackPosition":true
    },
    {
      "fov":20,
      "movingEnd":true,
      "movingStart":true,
      "pos":{
        "x":677.9425485,
        "y":-824.5853335,
        "z":159.8542985
      },
      "rot":{
        "z":0.7000867378,
        "w":0.7121875772,
        "x":0.03683152047,
        "y":-0.03620571299
      },
      "time":24,
      "trackPosition":true
    }
  ],
  "name":"camPath",
  "rotFixId":3,
  "version":"6"
}