{"name":"lampLight_195","class":"SpotLight","__parent":"lampLights_98","position":[-767.692505,219.049438,144.973633],"animationPeriod":2,"brightness":0.899999976,"color":[0.82745105,0.92549026,0.470588267,1],"fadeStartDistance":10,"hidden":true,"innerAngle":10,"outerAngle":170,"rotationMatrix":[0.707106709,0.707106769,-3.36346534e-06,-2.33461788e-06,-2.42204055e-06,-0.99999994,-0.707106709,0.707106769,-6.18172393e-08],"shadowDarkenColor":[0,0,0,0],"shadowDistance":20}
{"name":"lampBulb_583","class":"PointLight","__parent":"lampLights_98","position":[-768.310608,219.997223,144.952667],"brightness":20,"color":[0.826189578,0.925667524,0.471540183,1],"hidden":true,"radius":0.5,"rotationMatrix":[0.707106709,0.707106769,-3.36346534e-06,-2.33461788e-06,-2.42204055e-06,-0.99999994,-0.707106709,0.707106769,-6.18172393e-08],"shadowDarkenColor":[0,0,0,0]}
{"name":"lampBulb_584","class":"PointLight","__parent":"lampLights_98","position":[-768.677063,219.642487,144.95285],"brightness":20,"color":[0.826189578,0.925667524,0.471540183,1],"hidden":true,"radius":0.5,"rotationMatrix":[0.707106709,0.707106769,-3.36346534e-06,-2.33461788e-06,-2.42204055e-06,-0.99999994,-0.707106709,0.707106769,-6.18172393e-08],"shadowDarkenColor":[0,0,0,0]}
{"name":"lampBulb_585","class":"PointLight","__parent":"lampLights_98","position":[-767.786926,219.456299,144.952026],"brightness":20,"color":[0.826189578,0.925667524,0.471540183,1],"hidden":true,"radius":0.5,"rotationMatrix":[0.707106709,0.707106769,-3.36346534e-06,-2.33461788e-06,-2.42204055e-06,-0.99999994,-0.707106709,0.707106769,-6.18172393e-08],"shadowDarkenColor":[0,0,0,0]}
{"name":"lampLight_196","class":"SpotLight","__parent":"lampLights_98","position":[-768.215149,219.589294,144.974243],"animationPeriod":2,"brightness":0.899999976,"color":[0.82745105,0.92549026,0.470588267,1],"fadeStartDistance":10,"hidden":true,"innerAngle":10,"outerAngle":170,"rotationMatrix":[0.707106709,0.707106769,-3.36346534e-06,-2.33461788e-06,-2.42204055e-06,-0.99999994,-0.707106709,0.707106769,-6.18172393e-08],"shadowDarkenColor":[0,0,0,0],"shadowDistance":20}
{"name":"lampBulb_586","class":"PointLight","__parent":"lampLights_98","position":[-767.66333,218.595398,144.95163],"brightness":20,"color":[0.826189578,0.925667524,0.471540183,1],"hidden":true,"radius":0.5,"rotationMatrix":[0.707106709,0.707106769,-3.36346534e-06,-2.33461788e-06,-2.42204055e-06,-0.99999994,-0.707106709,0.707106769,-6.18172393e-08],"shadowDarkenColor":[0,0,0,0]}
{"name":"lampBulb_587","class":"PointLight","__parent":"lampLights_98","position":[-768.15332,219.101501,144.952209],"brightness":20,"color":[0.826189578,0.925667524,0.471540183,1],"hidden":true,"radius":0.5,"rotationMatrix":[0.707106709,0.707106769,-3.36346534e-06,-2.33461788e-06,-2.42204055e-06,-0.99999994,-0.707106709,0.707106769,-6.18172393e-08],"shadowDarkenColor":[0,0,0,0]}
{"name":"lampBulb_588","class":"PointLight","__parent":"lampLights_98","position":[-767.296936,218.950195,144.951447],"brightness":20,"color":[0.826189578,0.925667524,0.471540183,1],"hidden":true,"radius":0.5,"rotationMatrix":[0.707106709,0.707106769,-3.36346534e-06,-2.33461788e-06,-2.42204055e-06,-0.99999994,-0.707106709,0.707106769,-6.18172393e-08],"shadowDarkenColor":[0,0,0,0]}
