{"name":"lampLight_103","class":"SpotLight","__parent":"lampLights_52","position":[-892.35083,253.228271,166.733353],"animationPeriod":2,"brightness":0.899999976,"color":[0.82745105,0.92549026,0.470588267,1],"fadeStartDistance":10,"hidden":true,"innerAngle":10,"outerAngle":170,"rotationMatrix":[0.722738147,0.691121936,-0.000354290009,-0.000488191843,-2.2649765e-06,-1,-0.691121876,0.722738385,0.000335693359],"shadowDarkenColor":[0,0,0,0],"shadowDistance":20}
{"name":"lampBulb_307","class":"PointLight","__parent":"lampLights_52","position":[-892.968933,254.176056,166.712387],"brightness":20,"color":[0.826189578,0.925667524,0.471540183,1],"hidden":true,"radius":0.5,"rotationMatrix":[0.722738147,0.691121936,-0.000354290009,-0.000488191843,-2.2649765e-06,-1,-0.691121876,0.722738385,0.000335693359],"shadowDarkenColor":[0,0,0,0]}
{"name":"lampBulb_308","class":"PointLight","__parent":"lampLights_52","position":[-893.335388,253.82132,166.712555],"brightness":20,"color":[0.826189578,0.925667524,0.471540183,1],"hidden":true,"radius":0.5,"rotationMatrix":[0.722738147,0.691121936,-0.000354290009,-0.000488191843,-2.2649765e-06,-1,-0.691121876,0.722738385,0.000335693359],"shadowDarkenColor":[0,0,0,0]}
{"name":"lampBulb_309","class":"PointLight","__parent":"lampLights_52","position":[-892.445251,253.635132,166.711746],"brightness":20,"color":[0.826189578,0.925667524,0.471540183,1],"hidden":true,"radius":0.5,"rotationMatrix":[0.722738147,0.691121936,-0.000354290009,-0.000488191843,-2.2649765e-06,-1,-0.691121876,0.722738385,0.000335693359],"shadowDarkenColor":[0,0,0,0]}
{"name":"lampLight_104","class":"SpotLight","__parent":"lampLights_52","position":[-892.873474,253.768127,166.733963],"animationPeriod":2,"brightness":0.899999976,"color":[0.82745105,0.92549026,0.470588267,1],"fadeStartDistance":10,"hidden":true,"innerAngle":10,"outerAngle":170,"rotationMatrix":[0.722738147,0.691121936,-0.000354290009,-0.000488191843,-2.2649765e-06,-1,-0.691121876,0.722738385,0.000335693359],"shadowDarkenColor":[0,0,0,0],"shadowDistance":20}
{"name":"lampBulb_310","class":"PointLight","__parent":"lampLights_52","position":[-892.321655,252.774231,166.711334],"brightness":20,"color":[0.826189578,0.925667524,0.471540183,1],"hidden":true,"radius":0.5,"rotationMatrix":[0.722738147,0.691121936,-0.000354290009,-0.000488191843,-2.2649765e-06,-1,-0.691121876,0.722738385,0.000335693359],"shadowDarkenColor":[0,0,0,0]}
{"name":"lampBulb_311","class":"PointLight","__parent":"lampLights_52","position":[-892.811646,253.280334,166.711914],"brightness":20,"color":[0.826189578,0.925667524,0.471540183,1],"hidden":true,"radius":0.5,"rotationMatrix":[0.722738147,0.691121936,-0.000354290009,-0.000488191843,-2.2649765e-06,-1,-0.691121876,0.722738385,0.000335693359],"shadowDarkenColor":[0,0,0,0]}
{"name":"lampBulb_312","class":"PointLight","__parent":"lampLights_52","position":[-891.955261,253.129028,166.711166],"brightness":20,"color":[0.826189578,0.925667524,0.471540183,1],"hidden":true,"radius":0.5,"rotationMatrix":[0.722738147,0.691121936,-0.000354290009,-0.000488191843,-2.2649765e-06,-1,-0.691121876,0.722738385,0.000335693359],"shadowDarkenColor":[0,0,0,0]}
