{
  "looped":false,
  "manualFov":true,
  "markers":[
    {
      "fov":30,
      "movingEnd":true,
      "movingStart":true,
      "pos":{
        "x":-756.2801096,
        "y":62.20150802,
        "z":118.8239036
      },
      "rot":{
        "z":0.09274272449,
        "w":0.9955325005,
        "x":0.0176388006,
        "y":-0.001643211471
      },
      "time":0,
      "trackPosition":false
    },
    {
      "fov":30,
      "movingEnd":true,
      "movingStart":true,
      "pos":{
        "x":-756.2801096,
        "y":62.20150802,
        "z":118.8239036
      },
      "rot":{
        "z":0.09274272449,
        "w":0.9955325005,
        "x":0.0176388006,
        "y":-0.001643211471
      },
      "time":2,
      "trackPosition":false
    }
  ],
  "name":"finishFWD",
  "rotFixId":1,
  "version":"6"
}