{
  "looped":false,
  "manualFov":true,
  "markers":[
    {
      "fov":12,
      "movingEnd":true,
      "movingStart":true,
      "pos":{
        "x":-800.3820022,
        "y":4.199069195,
        "z":118.9886592
      },
      "rot":{
        "z":0.2270674218,
        "w":0.9738483549,
        "x":0.0075289998,
        "y":-0.00175549978
      },
      "time":0,
      "trackPosition":true
    },
    {
      "cut":true,
      "fov":12,
      "movingEnd":true,
      "movingStart":true,
      "pos":{
        "x":-818.7491649,
        "y":18.48044792,
        "z":118.9886592
      },
      "rot":{
        "z":0.5139423897,
        "w":0.8576675346,
        "x":0.01408489965,
        "y":-0.008440131741
      },
      "time":9,
      "trackPosition":true
    },
    {
      "fov":18,
      "movingEnd":true,
      "movingStart":true,
      "pos":{
        "x":-774.5418213,
        "y":70.0070497,
        "z":147.3671957
      },
      "rot":{
        "z":0.932753608,
        "w":-0.1333359605,
        "x":-0.04739900331,
        "y":-0.3315804017
      },
      "time":9,
      "trackPosition":true
    },
    {
      "fov":18,
      "movingEnd":true,
      "movingStart":true,
      "pos":{
        "x":-743.7847211,
        "y":24.79963393,
        "z":147.3671957
      },
      "rot":{
        "z":0.5828810213,
        "w":-0.7540811451,
        "x":-0.2394731638,
        "y":-0.185105228
      },
      "time":18,
      "trackPosition":true
    }
  ],
  "name":"outFwd",
  "rotFixId":3,
  "version":"6"
}