{"name":"lampLight_35","class":"SpotLight","__parent":"lampLights_18","position":[-914.134766,406.965515,161.816132],"animationPeriod":2,"brightness":0.899999976,"color":[0.82745105,0.92549026,0.470588267,1],"fadeStartDistance":10,"hidden":true,"innerAngle":10,"outerAngle":170,"rotationMatrix":[1.44037371e-09,-0.999999881,2.94844517e-06,-0.00048851961,-2.9484454e-06,-0.999999762,0.999999762,0,-0.00048851961],"shadowDarkenColor":[0,0,0,0],"shadowDistance":20}
{"name":"lampBulb_103","class":"PointLight","__parent":"lampLights_18","position":[-913.022644,406.757141,161.794312],"brightness":20,"color":[0.826189578,0.925667524,0.471540183,1],"hidden":true,"radius":0.5,"rotationMatrix":[1.44037371e-09,-0.999999881,2.94844517e-06,-0.00048851961,-2.9484454e-06,-0.999999762,0.999999762,0,-0.00048851961],"shadowDarkenColor":[0,0,0,0]}
{"name":"lampBulb_104","class":"PointLight","__parent":"lampLights_18","position":[-913.025757,407.267212,161.794312],"brightness":20,"color":[0.826189578,0.925667524,0.471540183,1],"hidden":true,"radius":0.5,"rotationMatrix":[1.44037371e-09,-0.999999881,2.94844517e-06,-0.00048851961,-2.9484454e-06,-0.999999762,0.999999762,0,-0.00048851961],"shadowDarkenColor":[0,0,0,0]}
{"name":"lampBulb_105","class":"PointLight","__parent":"lampLights_18","position":[-913.775513,406.752502,161.794312],"brightness":20,"color":[0.826189578,0.925667524,0.471540183,1],"hidden":true,"radius":0.5,"rotationMatrix":[1.44037371e-09,-0.999999881,2.94844517e-06,-0.00048851961,-2.9484454e-06,-0.999999762,0.999999762,0,-0.00048851961],"shadowDarkenColor":[0,0,0,0]}
{"name":"lampLight_36","class":"SpotLight","__parent":"lampLights_18","position":[-913.383362,406.970154,161.816132],"animationPeriod":2,"brightness":0.899999976,"color":[0.82745105,0.92549026,0.470588267,1],"fadeStartDistance":10,"hidden":true,"innerAngle":10,"outerAngle":170,"rotationMatrix":[1.44037371e-09,-0.999999881,2.94844517e-06,-0.00048851961,-2.9484454e-06,-0.999999762,0.999999762,0,-0.00048851961],"shadowDarkenColor":[0,0,0,0],"shadowDistance":20}
{"name":"lampBulb_106","class":"PointLight","__parent":"lampLights_18","position":[-914.483093,407.25824,161.794312],"brightness":20,"color":[0.826189578,0.925667524,0.471540183,1],"hidden":true,"radius":0.5,"rotationMatrix":[1.44037371e-09,-0.999999881,2.94844517e-06,-0.00048851961,-2.9484454e-06,-0.999999762,0.999999762,0,-0.00048851961],"shadowDarkenColor":[0,0,0,0]}
{"name":"lampBulb_107","class":"PointLight","__parent":"lampLights_18","position":[-913.778687,407.262573,161.794312],"brightness":20,"color":[0.826189578,0.925667524,0.471540183,1],"hidden":true,"radius":0.5,"rotationMatrix":[1.44037371e-09,-0.999999881,2.94844517e-06,-0.00048851961,-2.9484454e-06,-0.999999762,0.999999762,0,-0.00048851961],"shadowDarkenColor":[0,0,0,0]}
{"name":"lampBulb_108","class":"PointLight","__parent":"lampLights_18","position":[-914.479919,406.748169,161.794312],"brightness":20,"color":[0.826189578,0.925667524,0.471540183,1],"hidden":true,"radius":0.5,"rotationMatrix":[1.44037371e-09,-0.999999881,2.94844517e-06,-0.00048851961,-2.9484454e-06,-0.999999762,0.999999762,0,-0.00048851961],"shadowDarkenColor":[0,0,0,0]}
