{
  "looped":false,
  "manualFov":true,
  "markers":[
    {
      "fov":20,
      "movingEnd":true,
      "movingStart":true,
      "pos":{
        "x":1003.235347,
        "y":211.1523234,
        "z":156.1477455
      },
      "rot":{
        "z":-0.9915930457,
        "w":0.1274364397,
        "x":0.002859348014,
        "y":0.02224881371
      },
      "time":0,
      "trackPosition":true
    },
    {
      "fov":20,
      "movingEnd":true,
      "movingStart":true,
      "pos":{
        "x":1002.408932,
        "y":222.6985593,
        "z":156.0803181
      },
      "rot":{
        "z":-0.9999687199,
        "w":-0.007120888071,
        "x":-2.451518976e-05,
        "y":0.003442607533
      },
      "time":3,
      "trackPosition":true
    }
  ],
  "name":"camPath",
  "version":"6"
}