{
  "looped":false,
  "manualFov":true,
  "markers":[
    {
      "fov":35,
      "movingEnd":true,
      "movingStart":true,
      "pos":{
        "x":990.8705506,
        "y":175.381349,
        "z":154.7341791
      },
      "rot":{
        "z":0.05004039982,
        "w":0.9987439824,
        "x":-0.002529797041,
        "y":0.0001267512572
      },
      "time":0,
      "trackPosition":true
    },
    {
      "cut":true,
      "fov":35,
      "movingEnd":true,
      "movingStart":true,
      "pos":{
        "x":1002.968974,
        "y":175.6537982,
        "z":154.7341791
      },
      "rot":{
        "z":-0.05470330074,
        "w":0.9981054557,
        "x":0.02811891043,
        "y":0.001541116928
      },
      "time":12,
      "trackPosition":true
    },
    {
      "fov":35,
      "movingEnd":true,
      "movingStart":true,
      "pos":{
        "x":1005.710938,
        "y":197.2614746,
        "z":155.0240936
      },
      "rot":{
        "z":-0.8735977337,
        "w":0.4842986123,
        "x":0.02316078066,
        "y":0.04177836768
      },
      "time":12,
      "trackPosition":true
    },
    {
      "fov":35,
      "movingEnd":true,
      "movingStart":true,
      "pos":{
        "x":988.7973009,
        "y":196.5734442,
        "z":154.8754705
      },
      "rot":{
        "z":-0.9919842303,
        "w":-0.09780342682,
        "x":-0.007850529059,
        "y":0.07962503236
      },
      "time":26,
      "trackPosition":true
    }
  ],
  "name":"camPath",
  "rotFixId":3,
  "version":"6"
}