{"name":"lampLight_293","class":"SpotLight","__parent":"lampLights_147","position":[-417.43811,448.845215,103.866592],"animationPeriod":2,"brightness":0.899999976,"color":[0.82745105,0.92549026,0.470588267,1],"fadeStartDistance":10,"innerAngle":10,"outerAngle":170,"rotationMatrix":[0.707106709,-0.707106709,-8.0840141e-07,1.43629563e-07,1.28688191e-06,-0.999999881,0.707106709,0.707106769,1.01152432e-06],"shadowDarkenColor":[0,0,0,0],"shadowDistance":20}
{"name":"lampBulb_877","class":"PointLight","__parent":"lampLights_147","position":[-416.48761,449.459045,103.844772],"brightness":20,"color":[0.826189578,0.925667524,0.471540183,1],"radius":0.5,"rotationMatrix":[0.707106709,-0.707106709,-8.0840141e-07,1.43629563e-07,1.28688191e-06,-0.999999881,0.707106709,0.707106769,1.01152432e-06],"shadowDarkenColor":[0,0,0,0]}
{"name":"lampBulb_878","class":"PointLight","__parent":"lampLights_147","position":[-416.840759,449.827026,103.844772],"brightness":20,"color":[0.826189578,0.925667524,0.471540183,1],"radius":0.5,"rotationMatrix":[0.707106709,-0.707106709,-8.0840141e-07,1.43629563e-07,1.28688191e-06,-0.999999881,0.707106709,0.707106769,1.01152432e-06],"shadowDarkenColor":[0,0,0,0]}
{"name":"lampBulb_879","class":"PointLight","__parent":"lampLights_147","position":[-417.030884,448.937683,103.844772],"brightness":20,"color":[0.826189578,0.925667524,0.471540183,1],"radius":0.5,"rotationMatrix":[0.707106709,-0.707106709,-8.0840141e-07,1.43629563e-07,1.28688191e-06,-0.999999881,0.707106709,0.707106769,1.01152432e-06],"shadowDarkenColor":[0,0,0,0]}
{"name":"lampLight_294","class":"SpotLight","__parent":"lampLights_147","position":[-416.895935,449.365479,103.866592],"animationPeriod":2,"brightness":0.899999976,"color":[0.82745105,0.92549026,0.470588267,1],"fadeStartDistance":10,"innerAngle":10,"outerAngle":170,"rotationMatrix":[0.707106709,-0.707106709,-8.0840141e-07,1.43629563e-07,1.28688191e-06,-0.999999881,0.707106709,0.707106769,1.01152432e-06],"shadowDarkenColor":[0,0,0,0],"shadowDistance":20}
{"name":"lampBulb_880","class":"PointLight","__parent":"lampLights_147","position":[-417.891968,448.818054,103.844772],"brightness":20,"color":[0.826189578,0.925667524,0.471540183,1],"radius":0.5,"rotationMatrix":[0.707106709,-0.707106709,-8.0840141e-07,1.43629563e-07,1.28688191e-06,-0.999999881,0.707106709,0.707106769,1.01152432e-06],"shadowDarkenColor":[0,0,0,0]}
{"name":"lampBulb_881","class":"PointLight","__parent":"lampLights_147","position":[-417.384033,449.305725,103.844772],"brightness":20,"color":[0.826189578,0.925667524,0.471540183,1],"radius":0.5,"rotationMatrix":[0.707106709,-0.707106709,-8.0840141e-07,1.43629563e-07,1.28688191e-06,-0.999999881,0.707106709,0.707106769,1.01152432e-06],"shadowDarkenColor":[0,0,0,0]}
{"name":"lampBulb_882","class":"PointLight","__parent":"lampLights_147","position":[-417.539062,448.450012,103.844772],"brightness":20,"color":[0.826189578,0.925667524,0.471540183,1],"radius":0.5,"rotationMatrix":[0.707106709,-0.707106709,-8.0840141e-07,1.43629563e-07,1.28688191e-06,-0.999999881,0.707106709,0.707106769,1.01152432e-06],"shadowDarkenColor":[0,0,0,0]}
