{
  "looped":false,
  "manualFov":true,
  "markers":[
    {
      "fov":30,
      "movingEnd":true,
      "movingStart":true,
      "pos":{
        "x":-394.5769128,
        "y":-802.2663779,
        "z":140.5070301
      },
      "rot":{
        "z":0.6542346903,
        "w":0.7558456962,
        "x":0.01963320649,
        "y":-0.01699384521
      },
      "time":0,
      "trackPosition":false
    },
    {
      "fov":30,
      "movingEnd":true,
      "movingStart":true,
      "pos":{
        "x":-394.5769128,
        "y":-802.2663779,
        "z":140.5070301
      },
      "rot":{
        "z":0.6542346903,
        "w":0.7558456962,
        "x":0.01963320649,
        "y":-0.01699384521
      },
      "time":10,
      "trackPosition":false
    }
  ],
  "name":"finishFwd",
  "rotFixId":1,
  "version":"6"
}