{
  "looped":false,
  "manualFov":true,
  "markers":[
    {
      "fov":20,
      "movingEnd":true,
      "movingStart":true,
      "pos":{
        "x":976.7703835,
        "y":-752.6503451,
        "z":168.559796
      },
      "rot":{
        "z":-0.05544327333,
        "w":0.9983725442,
        "x":0.01333260347,
        "y":0.0007404081602
      },
      "time":0,
      "trackPosition":true
    },
    {
      "fov":20,
      "movingEnd":true,
      "movingStart":true,
      "pos":{
        "x":978.2640695,
        "y":-756.1612362,
        "z":168.4407628
      },
      "rot":{
        "z":-0.1997621415,
        "w":0.9797202532,
        "x":-0.01528399487,
        "y":-0.003116362589
      },
      "time":3,
      "trackPosition":true
    }
  ],
  "name":"camPath",
  "rotFixId":1,
  "version":"6"
}