{
  "looped":false,
  "manualFov":false,
  "markers":[
    {
      "fov":20,
      "movingEnd":true,
      "movingStart":true,
      "pos":{
        "x":972.6046143,
        "y":-719.0437012,
        "z":168.5597992
      },
      "rot":{
        "z":-0.05544327333,
        "w":0.9983725442,
        "x":0.01333260347,
        "y":0.0007404081602
      },
      "time":0,
      "trackPosition":true
    },
    {
      "fov":20,
      "movingEnd":true,
      "movingStart":true,
      "pos":{
        "x":969.7594604,
        "y":-711.0921021,
        "z":168.4407654
      },
      "rot":{
        "z":-0.1997621415,
        "w":0.9797202532,
        "x":-0.01528399487,
        "y":-0.003116362589
      },
      "time":3,
      "trackPosition":true
    }
  ],
  "name":"camPath",
  "rotFixId":2,
  "version":"6"
}