{
  "looped":false,
  "manualFov":true,
  "markers":[
    {
      "fov":35,
      "movingEnd":true,
      "movingStart":true,
      "pos":{
        "x":977.3228524,
        "y":-724.3512045,
        "z":168.0740476
      },
      "rot":{
        "z":-0.97608557,
        "w":0.1922452022,
        "x":0.01961081062,
        "y":0.09956986728
      },
      "time":0,
      "trackPosition":true
    },
    {
      "cut":true,
      "fov":35,
      "movingEnd":true,
      "movingStart":true,
      "pos":{
        "x":983.9420124,
        "y":-744.0769071,
        "z":168.8258574
      },
      "rot":{
        "z":-0.4423192812,
        "w":0.8859055037,
        "x":0.1250160296,
        "y":0.06241862155
      },
      "time":16,
      "trackPosition":true
    },
    {
      "fov":35,
      "movingEnd":true,
      "movingStart":true,
      "pos":{
        "x":970.8583825,
        "y":-750.0287235,
        "z":172.3196103
      },
      "rot":{
        "z":0.3166658946,
        "w":0.9312759961,
        "x":0.1705427857,
        "y":-0.05799041747
      },
      "time":16,
      "trackPosition":true
    },
    {
      "fov":35,
      "movingEnd":true,
      "movingStart":true,
      "pos":{
        "x":965.5988557,
        "y":-729.1378777,
        "z":171.3772545
      },
      "rot":{
        "z":0.7794380785,
        "w":0.6071716185,
        "x":0.09484341554,
        "y":-0.121752347
      },
      "time":28,
      "trackPosition":true
    }
  ],
  "name":"camPath",
  "rotFixId":3,
  "version":"6"
}