{
  "looped":false,
  "manualFov":false,
  "markers":[
    {
      "fov":30,
      "movingEnd":true,
      "movingStart":true,
      "pos":{
        "x":989.7109985,
        "y":-735.897522,
        "z":168.0740509
      },
      "rot":{
        "z":-0.97608557,
        "w":0.1922452022,
        "x":0.01961081062,
        "y":0.09956986728
      },
      "time":0,
      "trackPosition":true
    },
    {
      "cut":true,
      "fov":30,
      "movingEnd":true,
      "movingStart":true,
      "pos":{
        "x":993.6722412,
        "y":-748.0552979,
        "z":168.8258514
      },
      "rot":{
        "z":-0.4423192812,
        "w":0.8859055037,
        "x":0.1250160296,
        "y":0.06241862155
      },
      "time":16,
      "trackPosition":true
    },
    {
      "fov":30,
      "movingEnd":true,
      "movingStart":true,
      "pos":{
        "x":977.1061401,
        "y":-754.135498,
        "z":172.3196106
      },
      "rot":{
        "z":0.3166658946,
        "w":0.9312759961,
        "x":0.1705427857,
        "y":-0.05799041747
      },
      "time":16,
      "trackPosition":true
    },
    {
      "fov":30,
      "movingEnd":true,
      "movingStart":true,
      "pos":{
        "x":975.7087402,
        "y":-741.5413208,
        "z":171.3772583
      },
      "rot":{
        "z":0.7794380785,
        "w":0.6071716185,
        "x":0.09484341554,
        "y":-0.121752347
      },
      "time":28,
      "trackPosition":true
    }
  ],
  "name":"camPath",
  "rotFixId":3,
  "version":"6"
}