{"name":"lampLight_305","class":"SpotLight","__parent":"lampLights_153","position":[62.0513077,462.772827,123.62278],"animationPeriod":2,"brightness":0.899999976,"color":[0.82745105,0.92549026,0.470588267,1],"fadeStartDistance":10,"hidden":true,"innerAngle":10,"isEnabled":false,"outerAngle":170,"rotationMatrix":[-0.822697163,-0.568480551,-8.34465027e-07,0,1.31130219e-06,-1.00000024,0.568480551,-0.822696924,-1.43051147e-06],"shadowDarkenColor":[0,0,0,0],"shadowDistance":20}
{"name":"lampBulb_913","class":"PointLight","__parent":"lampLights_153","position":[62.4843102,461.727448,123.60096],"brightness":20,"color":[0.826189578,0.925667524,0.471540183,1],"hidden":true,"isEnabled":false,"radius":0.5,"rotationMatrix":[-0.822697163,-0.568480551,-8.34465027e-07,0,1.31130219e-06,-1.00000024,0.568480551,-0.822696924,-1.43051147e-06],"shadowDarkenColor":[0,0,0,0]}
{"name":"lampBulb_914","class":"PointLight","__parent":"lampLights_153","position":[62.9097481,462.008698,123.60096],"brightness":20,"color":[0.826189578,0.925667524,0.471540183,1],"hidden":true,"isEnabled":false,"radius":0.5,"rotationMatrix":[-0.822697163,-0.568480551,-8.34465027e-07,0,1.31130219e-06,-1.00000024,0.568480551,-0.822696924,-1.43051147e-06],"shadowDarkenColor":[0,0,0,0]}
{"name":"lampBulb_915","class":"PointLight","__parent":"lampLights_153","position":[62.0690765,462.355591,123.60096],"brightness":20,"color":[0.826189578,0.925667524,0.471540183,1],"hidden":true,"isEnabled":false,"radius":0.5,"rotationMatrix":[-0.822697163,-0.568480551,-8.34465027e-07,0,1.31130219e-06,-1.00000024,0.568480551,-0.822696924,-1.43051147e-06],"shadowDarkenColor":[0,0,0,0]}
{"name":"lampLight_306","class":"SpotLight","__parent":"lampLights_153","position":[62.4656448,462.145935,123.62278],"animationPeriod":2,"brightness":0.899999976,"color":[0.82745105,0.92549026,0.470588267,1],"fadeStartDistance":10,"hidden":true,"innerAngle":10,"isEnabled":false,"outerAngle":170,"rotationMatrix":[-0.822697163,-0.568480551,-8.34465027e-07,0,1.31130219e-06,-1.00000024,0.568480551,-0.822696924,-1.43051147e-06],"shadowDarkenColor":[0,0,0,0],"shadowDistance":20}
{"name":"lampBulb_916","class":"PointLight","__parent":"lampLights_153","position":[62.1061745,463.224152,123.60096],"brightness":20,"color":[0.826189578,0.925667524,0.471540183,1],"hidden":true,"isEnabled":false,"radius":0.5,"rotationMatrix":[-0.822697163,-0.568480551,-8.34465027e-07,0,1.31130219e-06,-1.00000024,0.568480551,-0.822696924,-1.43051147e-06],"shadowDarkenColor":[0,0,0,0]}
{"name":"lampBulb_917","class":"PointLight","__parent":"lampLights_153","position":[62.4945984,462.636841,123.60096],"brightness":20,"color":[0.826189578,0.925667524,0.471540183,1],"hidden":true,"isEnabled":false,"radius":0.5,"rotationMatrix":[-0.822697163,-0.568480551,-8.34465027e-07,0,1.31130219e-06,-1.00000024,0.568480551,-0.822696924,-1.43051147e-06],"shadowDarkenColor":[0,0,0,0]}
{"name":"lampBulb_918","class":"PointLight","__parent":"lampLights_153","position":[61.6806908,462.943146,123.60096],"brightness":20,"color":[0.826189578,0.925667524,0.471540183,1],"hidden":true,"isEnabled":false,"radius":0.5,"rotationMatrix":[-0.822697163,-0.568480551,-8.34465027e-07,0,1.31130219e-06,-1.00000024,0.568480551,-0.822696924,-1.43051147e-06],"shadowDarkenColor":[0,0,0,0]}
