{"name":"lampLight_83","class":"SpotLight","__parent":"lampLights_42","position":[-880.459717,629.789368,124.668915],"animationPeriod":2,"brightness":0.899999976,"color":[0.82745105,0.92549026,0.470588267,1],"fadeStartDistance":10,"hidden":true,"innerAngle":10,"isEnabled":false,"outerAngle":170,"rotationMatrix":[0.978339672,-0.207006156,-7.4505806e-09,2.98023224e-08,-1.1920929e-07,-1.00000024,0.207006156,0.978339911,-1.1920929e-07],"shadowDarkenColor":[0,0,0,0],"shadowDistance":20}
{"name":"lampBulb_247","class":"PointLight","__parent":"lampLights_42","position":[-880.019226,630.831604,124.647095],"brightness":20,"color":[0.826189578,0.925667524,0.471540183,1],"hidden":true,"isEnabled":false,"radius":0.5,"rotationMatrix":[0.978339672,-0.207006156,-7.4505806e-09,2.98023224e-08,-1.1920929e-07,-1.00000024,0.207006156,0.978339911,-1.1920929e-07],"shadowDarkenColor":[0,0,0,0]}
{"name":"lampBulb_248","class":"PointLight","__parent":"lampLights_42","position":[-880.51825,630.937195,124.647095],"brightness":20,"color":[0.826189578,0.925667524,0.471540183,1],"hidden":true,"isEnabled":false,"radius":0.5,"rotationMatrix":[0.978339672,-0.207006156,-7.4505806e-09,2.98023224e-08,-1.1920929e-07,-1.00000024,0.207006156,0.978339911,-1.1920929e-07],"shadowDarkenColor":[0,0,0,0]}
{"name":"lampBulb_249","class":"PointLight","__parent":"lampLights_42","position":[-880.17511,630.094971,124.647095],"brightness":20,"color":[0.826189578,0.925667524,0.471540183,1],"hidden":true,"isEnabled":false,"radius":0.5,"rotationMatrix":[0.978339672,-0.207006156,-7.4505806e-09,2.98023224e-08,-1.1920929e-07,-1.00000024,0.207006156,0.978339911,-1.1920929e-07],"shadowDarkenColor":[0,0,0,0]}
{"name":"lampLight_84","class":"SpotLight","__parent":"lampLights_42","position":[-880.304199,630.524536,124.668915],"animationPeriod":2,"brightness":0.899999976,"color":[0.82745105,0.92549026,0.470588267,1],"fadeStartDistance":10,"hidden":true,"innerAngle":10,"isEnabled":false,"outerAngle":170,"rotationMatrix":[0.978339672,-0.207006156,-7.4505806e-09,2.98023224e-08,-1.1920929e-07,-1.00000024,0.207006156,0.978339911,-1.1920929e-07],"shadowDarkenColor":[0,0,0,0],"shadowDistance":20}
{"name":"lampBulb_250","class":"PointLight","__parent":"lampLights_42","position":[-880.819946,629.511414,124.647095],"brightness":20,"color":[0.826189578,0.925667524,0.471540183,1],"hidden":true,"isEnabled":false,"radius":0.5,"rotationMatrix":[0.978339672,-0.207006156,-7.4505806e-09,2.98023224e-08,-1.1920929e-07,-1.00000024,0.207006156,0.978339911,-1.1920929e-07],"shadowDarkenColor":[0,0,0,0]}
{"name":"lampBulb_251","class":"PointLight","__parent":"lampLights_42","position":[-880.674133,630.200562,124.647095],"brightness":20,"color":[0.826189578,0.925667524,0.471540183,1],"hidden":true,"isEnabled":false,"radius":0.5,"rotationMatrix":[0.978339672,-0.207006156,-7.4505806e-09,2.98023224e-08,-1.1920929e-07,-1.00000024,0.207006156,0.978339911,-1.1920929e-07],"shadowDarkenColor":[0,0,0,0]}
{"name":"lampBulb_252","class":"PointLight","__parent":"lampLights_42","position":[-880.320923,629.405823,124.647095],"brightness":20,"color":[0.826189578,0.925667524,0.471540183,1],"hidden":true,"isEnabled":false,"radius":0.5,"rotationMatrix":[0.978339672,-0.207006156,-7.4505806e-09,2.98023224e-08,-1.1920929e-07,-1.00000024,0.207006156,0.978339911,-1.1920929e-07],"shadowDarkenColor":[0,0,0,0]}
