{"name":"lampLight_179","class":"SpotLight","__parent":"lampLights_90","position":[-484.741058,724.682068,82.485405],"animationPeriod":2,"brightness":0.899999976,"color":[0.82745105,0.92549026,0.470588267,1],"fadeStartDistance":10,"hidden":true,"innerAngle":10,"isEnabled":false,"outerAngle":170,"rotationMatrix":[0.693401933,-0.720551014,0,5.96046448e-08,1.1920929e-07,-0.99999994,0.720551014,0.693401873,1.1920929e-07],"shadowDarkenColor":[0,0,0,0],"shadowDistance":20}
{"name":"lampBulb_535","class":"PointLight","__parent":"lampLights_90","position":[-483.791473,725.297302,82.4635849],"brightness":20,"color":[0.826189578,0.925667524,0.471540183,1],"hidden":true,"isEnabled":false,"radius":0.5,"rotationMatrix":[0.693401933,-0.720551014,0,5.96046448e-08,1.1920929e-07,-0.99999994,0.720551014,0.693401873,1.1920929e-07],"shadowDarkenColor":[0,0,0,0]}
{"name":"lampBulb_536","class":"PointLight","__parent":"lampLights_90","position":[-484.145111,725.664795,82.4635849],"brightness":20,"color":[0.826189578,0.925667524,0.471540183,1],"hidden":true,"isEnabled":false,"radius":0.5,"rotationMatrix":[0.693401933,-0.720551014,0,5.96046448e-08,1.1920929e-07,-0.99999994,0.720551014,0.693401873,1.1920929e-07],"shadowDarkenColor":[0,0,0,0]}
{"name":"lampBulb_537","class":"PointLight","__parent":"lampLights_90","position":[-484.333954,724.775208,82.4635849],"brightness":20,"color":[0.826189578,0.925667524,0.471540183,1],"hidden":true,"isEnabled":false,"radius":0.5,"rotationMatrix":[0.693401933,-0.720551014,0,5.96046448e-08,1.1920929e-07,-0.99999994,0.720551014,0.693401873,1.1920929e-07],"shadowDarkenColor":[0,0,0,0]}
{"name":"lampLight_180","class":"SpotLight","__parent":"lampLights_90","position":[-484.199677,725.203125,82.485405],"animationPeriod":2,"brightness":0.899999976,"color":[0.82745105,0.92549026,0.470588267,1],"fadeStartDistance":10,"hidden":true,"innerAngle":10,"isEnabled":false,"outerAngle":170,"rotationMatrix":[0.693401933,-0.720551014,0,5.96046448e-08,1.1920929e-07,-0.99999994,0.720551014,0.693401873,1.1920929e-07],"shadowDarkenColor":[0,0,0,0],"shadowDistance":20}
{"name":"lampBulb_538","class":"PointLight","__parent":"lampLights_90","position":[-485.194855,724.654297,82.4635849],"brightness":20,"color":[0.826189578,0.925667524,0.471540183,1],"hidden":true,"isEnabled":false,"radius":0.5,"rotationMatrix":[0.693401933,-0.720551014,0,5.96046448e-08,1.1920929e-07,-0.99999994,0.720551014,0.693401873,1.1920929e-07],"shadowDarkenColor":[0,0,0,0]}
{"name":"lampBulb_539","class":"PointLight","__parent":"lampLights_90","position":[-484.687653,725.1427,82.4635849],"brightness":20,"color":[0.826189578,0.925667524,0.471540183,1],"hidden":true,"isEnabled":false,"radius":0.5,"rotationMatrix":[0.693401933,-0.720551014,0,5.96046448e-08,1.1920929e-07,-0.99999994,0.720551014,0.693401873,1.1920929e-07],"shadowDarkenColor":[0,0,0,0]}
{"name":"lampBulb_540","class":"PointLight","__parent":"lampLights_90","position":[-484.841522,724.286743,82.4635849],"brightness":20,"color":[0.826189578,0.925667524,0.471540183,1],"hidden":true,"isEnabled":false,"radius":0.5,"rotationMatrix":[0.693401933,-0.720551014,0,5.96046448e-08,1.1920929e-07,-0.99999994,0.720551014,0.693401873,1.1920929e-07],"shadowDarkenColor":[0,0,0,0]}
