{"name":"lampBulb_120","class":"PointLight","__parent":"lampLights_20","position":[-908.904236,327.478088,164.992401],"brightness":20,"color":[0.826189578,0.925667524,0.471540183,1],"hidden":true,"isEnabled":false,"radius":0.5,"rotationMatrix":[0.432456255,-0.90165484,4.36306e-05,-0.000420033932,-0.000249743462,-0.999999762,0.90165472,0.432456046,-0.00048661232],"shadowDarkenColor":[0,0,0,0]}
{"name":"lampBulb_116","class":"PointLight","__parent":"lampLights_20","position":[-907.817566,328.574921,164.992386],"brightness":20,"color":[0.826189578,0.925667524,0.471540183,1],"hidden":true,"isEnabled":false,"radius":0.5,"rotationMatrix":[0.432456255,-0.90165484,4.36306e-05,-0.000420033932,-0.000249743462,-0.999999762,0.90165472,0.432456046,-0.00048661232],"shadowDarkenColor":[0,0,0,0]}
{"name":"lampBulb_118","class":"PointLight","__parent":"lampLights_20","position":[-909.127625,327.936584,164.992386],"brightness":20,"color":[0.826189578,0.925667524,0.471540183,1],"hidden":true,"isEnabled":false,"radius":0.5,"rotationMatrix":[0.432456255,-0.90165484,4.36306e-05,-0.000420033932,-0.000249743462,-0.999999762,0.90165472,0.432456046,-0.00048661232],"shadowDarkenColor":[0,0,0,0]}
{"name":"lampLight_40","class":"SpotLight","__parent":"lampLights_20","position":[-908.011536,328.152435,165.014221],"animationPeriod":2,"brightness":0.899999976,"color":[0.82745105,0.92549026,0.470588267,1],"fadeStartDistance":10,"hidden":true,"innerAngle":10,"isEnabled":false,"outerAngle":170,"rotationMatrix":[0.432456255,-0.90165484,4.36306e-05,-0.000420033932,-0.000249743462,-0.999999762,0.90165472,0.432456046,-0.00048661232],"shadowDarkenColor":[0,0,0,0],"shadowDistance":20}
{"name":"lampBulb_117","class":"PointLight","__parent":"lampLights_20","position":[-908.270996,327.786621,164.992416],"brightness":20,"color":[0.826189578,0.925667524,0.471540183,1],"hidden":true,"isEnabled":false,"radius":0.5,"rotationMatrix":[0.432456255,-0.90165484,4.36306e-05,-0.000420033932,-0.000249743462,-0.999999762,0.90165472,0.432456046,-0.00048661232],"shadowDarkenColor":[0,0,0,0]}
{"name":"lampBulb_115","class":"PointLight","__parent":"lampLights_20","position":[-907.594116,328.116364,164.992416],"brightness":20,"color":[0.826189578,0.925667524,0.471540183,1],"hidden":true,"isEnabled":false,"radius":0.5,"rotationMatrix":[0.432456255,-0.90165484,4.36306e-05,-0.000420033932,-0.000249743462,-0.999999762,0.90165472,0.432456046,-0.00048661232],"shadowDarkenColor":[0,0,0,0]}
{"name":"lampBulb_119","class":"PointLight","__parent":"lampLights_20","position":[-908.494385,328.245117,164.992386],"brightness":20,"color":[0.826189578,0.925667524,0.471540183,1],"hidden":true,"isEnabled":false,"radius":0.5,"rotationMatrix":[0.432456255,-0.90165484,4.36306e-05,-0.000420033932,-0.000249743462,-0.999999762,0.90165472,0.432456046,-0.00048661232],"shadowDarkenColor":[0,0,0,0]}
{"name":"lampLight_39","class":"SpotLight","__parent":"lampLights_20","position":[-908.687012,327.823303,165.014221],"animationPeriod":2,"brightness":0.899999976,"color":[0.82745105,0.92549026,0.470588267,1],"fadeStartDistance":10,"hidden":true,"innerAngle":10,"isEnabled":false,"outerAngle":170,"rotationMatrix":[0.432456255,-0.90165484,4.36306e-05,-0.000420033932,-0.000249743462,-0.999999762,0.90165472,0.432456046,-0.00048661232],"shadowDarkenColor":[0,0,0,0],"shadowDistance":20}
