{"name":"lampLight_71","class":"SpotLight","__parent":"lampLights_36","position":[-868.332458,763.702637,98.4632492],"animationPeriod":2,"brightness":0.899999976,"color":[0.82745105,0.92549026,0.470588267,1],"fadeStartDistance":10,"innerAngle":10,"isEnabled":false,"outerAngle":170,"rotationMatrix":[0.999999881,0,0,0,-8.74227695e-08,-0.999999821,0,0.999999821,-8.74227624e-08],"shadowDarkenColor":[0,0,0,0],"shadowDistance":20}
{"name":"lampBulb_211","class":"PointLight","__parent":"lampLights_36","position":[-868.117249,764.813477,98.4414291],"brightness":20,"color":[0.826189578,0.925667524,0.471540183,1],"isEnabled":false,"radius":0.5,"rotationMatrix":[0.999999881,0,0,0,-8.74227695e-08,-0.999999821,0,0.999999821,-8.74227624e-08],"shadowDarkenColor":[0,0,0,0]}
{"name":"lampBulb_212","class":"PointLight","__parent":"lampLights_36","position":[-868.627319,764.813477,98.4414291],"brightness":20,"color":[0.826189578,0.925667524,0.471540183,1],"isEnabled":false,"radius":0.5,"rotationMatrix":[0.999999881,0,0,0,-8.74227695e-08,-0.999999821,0,0.999999821,-8.74227624e-08],"shadowDarkenColor":[0,0,0,0]}
{"name":"lampBulb_213","class":"PointLight","__parent":"lampLights_36","position":[-868.117249,764.060547,98.4414291],"brightness":20,"color":[0.826189578,0.925667524,0.471540183,1],"isEnabled":false,"radius":0.5,"rotationMatrix":[0.999999881,0,0,0,-8.74227695e-08,-0.999999821,0,0.999999821,-8.74227624e-08],"shadowDarkenColor":[0,0,0,0]}
{"name":"lampLight_72","class":"SpotLight","__parent":"lampLights_36","position":[-868.332458,764.454041,98.4632492],"animationPeriod":2,"brightness":0.899999976,"color":[0.82745105,0.92549026,0.470588267,1],"fadeStartDistance":10,"innerAngle":10,"isEnabled":false,"outerAngle":170,"rotationMatrix":[0.999999881,0,0,0,-8.74227695e-08,-0.999999821,0,0.999999821,-8.74227624e-08],"shadowDarkenColor":[0,0,0,0],"shadowDistance":20}
{"name":"lampBulb_214","class":"PointLight","__parent":"lampLights_36","position":[-868.627319,763.35614,98.4414291],"brightness":20,"color":[0.826189578,0.925667524,0.471540183,1],"isEnabled":false,"radius":0.5,"rotationMatrix":[0.999999881,0,0,0,-8.74227695e-08,-0.999999821,0,0.999999821,-8.74227624e-08],"shadowDarkenColor":[0,0,0,0]}
{"name":"lampBulb_215","class":"PointLight","__parent":"lampLights_36","position":[-868.627319,764.060547,98.4414291],"brightness":20,"color":[0.826189578,0.925667524,0.471540183,1],"isEnabled":false,"radius":0.5,"rotationMatrix":[0.999999881,0,0,0,-8.74227695e-08,-0.999999821,0,0.999999821,-8.74227624e-08],"shadowDarkenColor":[0,0,0,0]}
{"name":"lampBulb_216","class":"PointLight","__parent":"lampLights_36","position":[-868.117249,763.35614,98.4414291],"brightness":20,"color":[0.826189578,0.925667524,0.471540183,1],"isEnabled":false,"radius":0.5,"rotationMatrix":[0.999999881,0,0,0,-8.74227695e-08,-0.999999821,0,0.999999821,-8.74227624e-08],"shadowDarkenColor":[0,0,0,0]}
