{"name":"lampLight_237","class":"SpotLight","__parent":"lampLights_119","position":[-161.238022,669.81665,82.3263321],"animationPeriod":2,"brightness":0.899999976,"color":[0.82745105,0.92549026,0.470588267,1],"fadeStartDistance":10,"hidden":true,"innerAngle":10,"outerAngle":170,"rotationMatrix":[0.999999821,0.000345381093,2.38418551e-07,2.38418551e-07,5.21510959e-11,-0.99999994,-0.000345381064,0.999999881,-3.01941736e-11],"shadowDarkenColor":[0,0,0,0],"shadowDistance":20}
{"name":"lampBulb_709","class":"PointLight","__parent":"lampLights_119","position":[-161.439697,668.703308,82.304512],"brightness":20,"color":[0.826189578,0.925667524,0.471540183,1],"hidden":true,"radius":0.5,"rotationMatrix":[0.999999821,0.000345381093,2.38418551e-07,2.38418551e-07,5.21510959e-11,-0.99999994,-0.000345381064,0.999999881,-3.01941736e-11],"shadowDarkenColor":[0,0,0,0]}
{"name":"lampBulb_710","class":"PointLight","__parent":"lampLights_119","position":[-160.929688,668.709534,82.304512],"brightness":20,"color":[0.826189578,0.925667524,0.471540183,1],"hidden":true,"radius":0.5,"rotationMatrix":[0.999999821,0.000345381093,2.38418551e-07,2.38418551e-07,5.21510959e-11,-0.99999994,-0.000345381064,0.999999881,-3.01941736e-11],"shadowDarkenColor":[0,0,0,0]}
{"name":"lampBulb_711","class":"PointLight","__parent":"lampLights_119","position":[-161.448822,669.456177,82.304512],"brightness":20,"color":[0.826189578,0.925667524,0.471540183,1],"hidden":true,"radius":0.5,"rotationMatrix":[0.999999821,0.000345381093,2.38418551e-07,2.38418551e-07,5.21510959e-11,-0.99999994,-0.000345381064,0.999999881,-3.01941736e-11],"shadowDarkenColor":[0,0,0,0]}
{"name":"lampLight_238","class":"SpotLight","__parent":"lampLights_119","position":[-161.228867,669.065308,82.3263321],"animationPeriod":2,"brightness":0.899999976,"color":[0.82745105,0.92549026,0.470588267,1],"fadeStartDistance":10,"hidden":true,"innerAngle":10,"outerAngle":170,"rotationMatrix":[0.999999821,0.000345381093,2.38418551e-07,2.38418551e-07,5.21510959e-11,-0.99999994,-0.000345381064,0.999999881,-3.01941736e-11],"shadowDarkenColor":[0,0,0,0],"shadowDistance":20}
{"name":"lampBulb_712","class":"PointLight","__parent":"lampLights_119","position":[-160.947586,670.166382,82.304512],"brightness":20,"color":[0.826189578,0.925667524,0.471540183,1],"hidden":true,"radius":0.5,"rotationMatrix":[0.999999821,0.000345381093,2.38418551e-07,2.38418551e-07,5.21510959e-11,-0.99999994,-0.000345381064,0.999999881,-3.01941736e-11],"shadowDarkenColor":[0,0,0,0]}
{"name":"lampBulb_713","class":"PointLight","__parent":"lampLights_119","position":[-160.938828,669.46228,82.304512],"brightness":20,"color":[0.826189578,0.925667524,0.471540183,1],"hidden":true,"radius":0.5,"rotationMatrix":[0.999999821,0.000345381093,2.38418551e-07,2.38418551e-07,5.21510959e-11,-0.99999994,-0.000345381064,0.999999881,-3.01941736e-11],"shadowDarkenColor":[0,0,0,0]}
{"name":"lampBulb_714","class":"PointLight","__parent":"lampLights_119","position":[-161.457382,670.160522,82.304512],"brightness":20,"color":[0.826189578,0.925667524,0.471540183,1],"hidden":true,"radius":0.5,"rotationMatrix":[0.999999821,0.000345381093,2.38418551e-07,2.38418551e-07,5.21510959e-11,-0.99999994,-0.000345381064,0.999999881,-3.01941736e-11],"shadowDarkenColor":[0,0,0,0]}
