{"name":"lampLight_91","class":"SpotLight","__parent":"lampLights_46","position":[-907.853943,866.756226,82.2205658],"animationPeriod":2,"brightness":0.899999976,"color":[0.82745105,0.92549026,0.470588267,1],"fadeStartDistance":10,"innerAngle":10,"isEnabled":false,"outerAngle":170,"rotationMatrix":[0.999999881,0,0,0,-8.74227695e-08,-0.999999821,0,0.999999821,-8.74227624e-08],"shadowDarkenColor":[0,0,0,0],"shadowDistance":20}
{"name":"lampBulb_271","class":"PointLight","__parent":"lampLights_46","position":[-907.638733,867.867065,82.1987457],"brightness":20,"color":[0.826189578,0.925667524,0.471540183,1],"isEnabled":false,"radius":0.5,"rotationMatrix":[0.999999881,0,0,0,-8.74227695e-08,-0.999999821,0,0.999999821,-8.74227624e-08],"shadowDarkenColor":[0,0,0,0]}
{"name":"lampBulb_272","class":"PointLight","__parent":"lampLights_46","position":[-908.148804,867.867065,82.1987457],"brightness":20,"color":[0.826189578,0.925667524,0.471540183,1],"isEnabled":false,"radius":0.5,"rotationMatrix":[0.999999881,0,0,0,-8.74227695e-08,-0.999999821,0,0.999999821,-8.74227624e-08],"shadowDarkenColor":[0,0,0,0]}
{"name":"lampBulb_273","class":"PointLight","__parent":"lampLights_46","position":[-907.638733,867.114136,82.1987457],"brightness":20,"color":[0.826189578,0.925667524,0.471540183,1],"isEnabled":false,"radius":0.5,"rotationMatrix":[0.999999881,0,0,0,-8.74227695e-08,-0.999999821,0,0.999999821,-8.74227624e-08],"shadowDarkenColor":[0,0,0,0]}
{"name":"lampLight_92","class":"SpotLight","__parent":"lampLights_46","position":[-907.853943,867.507629,82.2205658],"animationPeriod":2,"brightness":0.899999976,"color":[0.82745105,0.92549026,0.470588267,1],"fadeStartDistance":10,"innerAngle":10,"isEnabled":false,"outerAngle":170,"rotationMatrix":[0.999999881,0,0,0,-8.74227695e-08,-0.999999821,0,0.999999821,-8.74227624e-08],"shadowDarkenColor":[0,0,0,0],"shadowDistance":20}
{"name":"lampBulb_274","class":"PointLight","__parent":"lampLights_46","position":[-908.148804,866.409729,82.1987457],"brightness":20,"color":[0.826189578,0.925667524,0.471540183,1],"isEnabled":false,"radius":0.5,"rotationMatrix":[0.999999881,0,0,0,-8.74227695e-08,-0.999999821,0,0.999999821,-8.74227624e-08],"shadowDarkenColor":[0,0,0,0]}
{"name":"lampBulb_275","class":"PointLight","__parent":"lampLights_46","position":[-908.148804,867.114136,82.1987457],"brightness":20,"color":[0.826189578,0.925667524,0.471540183,1],"isEnabled":false,"radius":0.5,"rotationMatrix":[0.999999881,0,0,0,-8.74227695e-08,-0.999999821,0,0.999999821,-8.74227624e-08],"shadowDarkenColor":[0,0,0,0]}
{"name":"lampBulb_276","class":"PointLight","__parent":"lampLights_46","position":[-907.638733,866.409729,82.1987457],"brightness":20,"color":[0.826189578,0.925667524,0.471540183,1],"isEnabled":false,"radius":0.5,"rotationMatrix":[0.999999881,0,0,0,-8.74227695e-08,-0.999999821,0,0.999999821,-8.74227624e-08],"shadowDarkenColor":[0,0,0,0]}
