{"name":"lampLight_239","class":"SpotLight","__parent":"lampLights_120","position":[-174.311646,602.43335,82.431366],"animationPeriod":2,"brightness":0.899999976,"color":[0.82745105,0.92549026,0.470588267,1],"fadeStartDistance":10,"innerAngle":10,"outerAngle":170,"rotationMatrix":[-4.92006778e-14,0.99999994,1.50995803e-07,3.2584137e-07,1.50995788e-07,-1,-0.99999994,0,-3.25841341e-07],"shadowDarkenColor":[0,0,0,0],"shadowDistance":20}
{"name":"lampBulb_715","class":"PointLight","__parent":"lampLights_120","position":[-173.200302,602.220886,82.4095459],"brightness":20,"color":[0.826189578,0.925667524,0.471540183,1],"radius":0.5,"rotationMatrix":[-4.92006778e-14,0.99999994,1.50995803e-07,3.2584137e-07,1.50995788e-07,-1,-0.99999994,0,-3.25841341e-07],"shadowDarkenColor":[0,0,0,0]}
{"name":"lampBulb_716","class":"PointLight","__parent":"lampLights_120","position":[-173.201584,602.730896,82.4095459],"brightness":20,"color":[0.826189578,0.925667524,0.471540183,1],"radius":0.5,"rotationMatrix":[-4.92006778e-14,0.99999994,1.50995803e-07,3.2584137e-07,1.50995788e-07,-1,-0.99999994,0,-3.25841341e-07],"shadowDarkenColor":[0,0,0,0]}
{"name":"lampBulb_717","class":"PointLight","__parent":"lampLights_120","position":[-173.953232,602.219116,82.4095459],"brightness":20,"color":[0.826189578,0.925667524,0.471540183,1],"radius":0.5,"rotationMatrix":[-4.92006778e-14,0.99999994,1.50995803e-07,3.2584137e-07,1.50995788e-07,-1,-0.99999994,0,-3.25841341e-07],"shadowDarkenColor":[0,0,0,0]}
{"name":"lampLight_240","class":"SpotLight","__parent":"lampLights_120","position":[-173.560272,602.435181,82.431366],"animationPeriod":2,"brightness":0.899999976,"color":[0.82745105,0.92549026,0.470588267,1],"fadeStartDistance":10,"innerAngle":10,"outerAngle":170,"rotationMatrix":[-4.92006778e-14,0.99999994,1.50995803e-07,3.2584137e-07,1.50995788e-07,-1,-0.99999994,0,-3.25841341e-07],"shadowDarkenColor":[0,0,0,0],"shadowDistance":20}
{"name":"lampBulb_718","class":"PointLight","__parent":"lampLights_120","position":[-174.658539,602.727173,82.4095459],"brightness":20,"color":[0.826189578,0.925667524,0.471540183,1],"radius":0.5,"rotationMatrix":[-4.92006778e-14,0.99999994,1.50995803e-07,3.2584137e-07,1.50995788e-07,-1,-0.99999994,0,-3.25841341e-07],"shadowDarkenColor":[0,0,0,0]}
{"name":"lampBulb_719","class":"PointLight","__parent":"lampLights_120","position":[-173.954391,602.729065,82.4095459],"brightness":20,"color":[0.826189578,0.925667524,0.471540183,1],"radius":0.5,"rotationMatrix":[-4.92006778e-14,0.99999994,1.50995803e-07,3.2584137e-07,1.50995788e-07,-1,-0.99999994,0,-3.25841341e-07],"shadowDarkenColor":[0,0,0,0]}
{"name":"lampBulb_720","class":"PointLight","__parent":"lampLights_120","position":[-174.657654,602.217346,82.4095459],"brightness":20,"color":[0.826189578,0.925667524,0.471540183,1],"radius":0.5,"rotationMatrix":[-4.92006778e-14,0.99999994,1.50995803e-07,3.2584137e-07,1.50995788e-07,-1,-0.99999994,0,-3.25841341e-07],"shadowDarkenColor":[0,0,0,0]}
