{
  "looped":false,
  "manualFov":true,
  "markers":[
    {
      "fov":20,
      "movingEnd":true,
      "movingStart":true,
      "pos":{
        "x":-925.3998681,
        "y":413.3692137,
        "z":156.3106797
      },
      "rot":{
        "z":0.1117835663,
        "w":0.9917419199,
        "x":0.06247251608,
        "y":-0.007041550328
      },
      "time":0,
      "trackPosition":true
    },
    {
      "fov":20,
      "movingEnd":true,
      "movingStart":true,
      "pos":{
        "x":-924.8452661,
        "y":407.8759133,
        "z":156.7092487
      },
      "rot":{
        "z":0.02641331585,
        "w":0.9958395804,
        "x":0.08718096046,
        "y":-0.002312358627
      },
      "time":3,
      "trackPosition":true
    }
  ],
  "name":"camPath",
  "rotFixId":1,
  "version":"6"
}