{
  "looped":false,
  "manualFov":true,
  "markers":[
    {
      "fov":20,
      "movingEnd":true,
      "movingStart":true,
      "pos":{
        "x":-173.2231933,
        "y":661.6008231,
        "z":76.79593231
      },
      "rot":{
        "z":0.9993665224,
        "w":0.02651654407,
        "x":0.0006295902861,
        "y":-0.02372826011
      },
      "time":0,
      "trackPosition":true
    },
    {
      "fov":20,
      "movingEnd":true,
      "movingStart":true,
      "pos":{
        "x":-173.4861101,
        "y":666.5517945,
        "z":77.03150119
      },
      "rot":{
        "z":0.9993665224,
        "w":0.02651654406,
        "x":0.0006295902857,
        "y":-0.0237282601
      },
      "time":3,
      "trackPosition":true
    }
  ],
  "name":"camPath",
  "rotFixId":1,
  "version":"6"
}