{
  "looped":false,
  "manualFov":true,
  "markers":[
    {
      "fov":30,
      "movingEnd":true,
      "movingStart":true,
      "pos":{
        "x":-927.7827467,
        "y":438.5072625,
        "z":155.4453941
      },
      "rot":{
        "z":0.9734982945,
        "w":0.2068638981,
        "x":0.02026809758,
        "y":-0.09538135271
      },
      "time":0,
      "trackPosition":true
    },
    {
      "cut":true,
      "fov":30,
      "movingEnd":true,
      "movingStart":true,
      "pos":{
        "x":-915.3925452,
        "y":440.9740661,
        "z":155.2339197
      },
      "rot":{
        "z":0.9965113412,
        "w":0.03043174053,
        "x":0.002372065405,
        "y":-0.07767515223
      },
      "time":12,
      "trackPosition":true
    },
    {
      "fov":30,
      "movingEnd":true,
      "movingStart":true,
      "pos":{
        "x":-925.032765,
        "y":422.1459577,
        "z":155.3387592
      },
      "rot":{
        "z":0.04709231739,
        "w":0.9958462134,
        "x":0.07784011444,
        "y":-0.003680961303
      },
      "time":12,
      "trackPosition":true
    },
    {
      "fov":30,
      "movingEnd":true,
      "movingStart":true,
      "pos":{
        "x":-915.9266305,
        "y":421.2827921,
        "z":155.3387592
      },
      "rot":{
        "z":0.04709231739,
        "w":0.9958462134,
        "x":0.07784011444,
        "y":-0.003680961303
      },
      "time":24,
      "trackPosition":true
    }
  ],
  "name":"camPath",
  "rotFixId":3,
  "version":"6"
}