{
  "looped":false,
  "manualFov":false,
  "markers":[
    {
      "fov":30,
      "movingEnd":true,
      "movingStart":true,
      "pos":{
        "x":-926.7577515,
        "y":448.567688,
        "z":157.1814575
      },
      "rot":{
        "z":0.9734982945,
        "w":0.2068638981,
        "x":0.02026809758,
        "y":-0.09538135271
      },
      "time":0,
      "trackPosition":true
    },
    {
      "cut":true,
      "fov":30,
      "movingEnd":true,
      "movingStart":true,
      "pos":{
        "x":-911.331665,
        "y":447.3570862,
        "z":156.1943359
      },
      "rot":{
        "z":0.9965113412,
        "w":0.03043174053,
        "x":0.002372065405,
        "y":-0.07767515223
      },
      "time":12,
      "trackPosition":true
    },
    {
      "fov":30,
      "movingEnd":true,
      "movingStart":true,
      "pos":{
        "x":-928.9780884,
        "y":433.6872253,
        "z":153.5901031
      },
      "rot":{
        "z":0.04709231739,
        "w":0.9958462134,
        "x":0.07784011444,
        "y":-0.003680961303
      },
      "time":12,
      "trackPosition":true
    },
    {
      "fov":30,
      "movingEnd":true,
      "movingStart":true,
      "pos":{
        "x":-914.5925293,
        "y":432.8174744,
        "z":153.5127563
      },
      "rot":{
        "z":0.04709231739,
        "w":0.9958462134,
        "x":0.07784011444,
        "y":-0.003680961303
      },
      "time":24,
      "trackPosition":true
    }
  ],
  "name":"camPath",
  "rotFixId":1,
  "version":"6"
}