{
  "looped":false,
  "manualFov":true,
  "markers":[
    {
      "fov":35,
      "movingEnd":true,
      "movingStart":true,
      "pos":{
        "x":-161.8204925,
        "y":643.6967441,
        "z":75.86716113
      },
      "rot":{
        "z":-0.1186618672,
        "w":0.9915539094,
        "x":0.0519761118,
        "y":0.006220118155
      },
      "time":0,
      "trackPosition":true
    },
    {
      "cut":true,
      "fov":35,
      "movingEnd":true,
      "movingStart":true,
      "pos":{
        "x":-172.917468,
        "y":645.320207,
        "z":75.86716113
      },
      "rot":{
        "z":0.07311961885,
        "w":0.9957524001,
        "x":0.05580222476,
        "y":-0.004097642552
      },
      "time":12,
      "trackPosition":true
    },
    {
      "fov":35,
      "movingEnd":true,
      "movingStart":true,
      "pos":{
        "x":-176.8615307,
        "y":657.0762582,
        "z":76.50555223
      },
      "rot":{
        "z":0.9133182503,
        "w":0.3955134423,
        "x":0.03856702192,
        "y":-0.08905883141
      },
      "time":12,
      "trackPosition":true
    },
    {
      "fov":35,
      "movingEnd":true,
      "movingStart":true,
      "pos":{
        "x":-170.3978918,
        "y":660.813556,
        "z":76.35256753
      },
      "rot":{
        "z":0.9730846317,
        "w":0.2183460785,
        "x":0.01613539033,
        "y":-0.07190923905
      },
      "time":24,
      "trackPosition":true
    }
  ],
  "name":"camPath",
  "rotFixId":3,
  "version":"6"
}