{"name":"lampLight_173","class":"SpotLight","__parent":"lampLights_87","position":[-438.230408,747.594543,82.3879471],"animationPeriod":2,"brightness":0.899999976,"color":[0.82745105,0.92549026,0.470588267,1],"fadeStartDistance":10,"innerAngle":10,"isEnabled":false,"outerAngle":170,"rotationMatrix":[0.693401933,-0.720551014,0,5.96046448e-08,1.1920929e-07,-0.99999994,0.720551014,0.693401873,1.1920929e-07],"shadowDarkenColor":[0,0,0,0],"shadowDistance":20}
{"name":"lampBulb_517","class":"PointLight","__parent":"lampLights_87","position":[-437.280823,748.209778,82.366127],"brightness":20,"color":[0.826189578,0.925667524,0.471540183,1],"isEnabled":false,"radius":0.5,"rotationMatrix":[0.693401933,-0.720551014,0,5.96046448e-08,1.1920929e-07,-0.99999994,0.720551014,0.693401873,1.1920929e-07],"shadowDarkenColor":[0,0,0,0]}
{"name":"lampBulb_518","class":"PointLight","__parent":"lampLights_87","position":[-437.63446,748.577271,82.366127],"brightness":20,"color":[0.826189578,0.925667524,0.471540183,1],"isEnabled":false,"radius":0.5,"rotationMatrix":[0.693401933,-0.720551014,0,5.96046448e-08,1.1920929e-07,-0.99999994,0.720551014,0.693401873,1.1920929e-07],"shadowDarkenColor":[0,0,0,0]}
{"name":"lampBulb_519","class":"PointLight","__parent":"lampLights_87","position":[-437.823334,747.687683,82.366127],"brightness":20,"color":[0.826189578,0.925667524,0.471540183,1],"isEnabled":false,"radius":0.5,"rotationMatrix":[0.693401933,-0.720551014,0,5.96046448e-08,1.1920929e-07,-0.99999994,0.720551014,0.693401873,1.1920929e-07],"shadowDarkenColor":[0,0,0,0]}
{"name":"lampLight_174","class":"SpotLight","__parent":"lampLights_87","position":[-437.689026,748.115601,82.3879471],"animationPeriod":2,"brightness":0.899999976,"color":[0.82745105,0.92549026,0.470588267,1],"fadeStartDistance":10,"innerAngle":10,"isEnabled":false,"outerAngle":170,"rotationMatrix":[0.693401933,-0.720551014,0,5.96046448e-08,1.1920929e-07,-0.99999994,0.720551014,0.693401873,1.1920929e-07],"shadowDarkenColor":[0,0,0,0],"shadowDistance":20}
{"name":"lampBulb_520","class":"PointLight","__parent":"lampLights_87","position":[-438.684265,747.566772,82.366127],"brightness":20,"color":[0.826189578,0.925667524,0.471540183,1],"isEnabled":false,"radius":0.5,"rotationMatrix":[0.693401933,-0.720551014,0,5.96046448e-08,1.1920929e-07,-0.99999994,0.720551014,0.693401873,1.1920929e-07],"shadowDarkenColor":[0,0,0,0]}
{"name":"lampBulb_521","class":"PointLight","__parent":"lampLights_87","position":[-438.177002,748.055176,82.366127],"brightness":20,"color":[0.826189578,0.925667524,0.471540183,1],"isEnabled":false,"radius":0.5,"rotationMatrix":[0.693401933,-0.720551014,0,5.96046448e-08,1.1920929e-07,-0.99999994,0.720551014,0.693401873,1.1920929e-07],"shadowDarkenColor":[0,0,0,0]}
{"name":"lampBulb_522","class":"PointLight","__parent":"lampLights_87","position":[-438.330872,747.199219,82.366127],"brightness":20,"color":[0.826189578,0.925667524,0.471540183,1],"isEnabled":false,"radius":0.5,"rotationMatrix":[0.693401933,-0.720551014,0,5.96046448e-08,1.1920929e-07,-0.99999994,0.720551014,0.693401873,1.1920929e-07],"shadowDarkenColor":[0,0,0,0]}
