{
  "looped":false,
  "manualFov":true,
  "markers":[
    {
      "fov":30,
      "movingEnd":true,
      "movingStart":true,
      "pos":{
        "x":-1259.210394,
        "y":-651.3756798,
        "z":105.8409986
      },
      "rot":{
        "z":-0.1156963609,
        "w":0.9920031411,
        "x":0.05009968549,
        "y":0.00584307756
      },
      "time":0,
      "trackPosition":true
    },
    {
      "cut":true,
      "fov":30,
      "movingEnd":true,
      "movingStart":true,
      "pos":{
        "x":-1269.831856,
        "y":-647.2698676,
        "z":105.4593362
      },
      "rot":{
        "z":0.3654190557,
        "w":0.9269885427,
        "x":0.07872751389,
        "y":-0.0310344006
      },
      "time":12,
      "trackPosition":true
    },
    {
      "fov":30,
      "movingEnd":true,
      "movingStart":true,
      "pos":{
        "x":-1152.436942,
        "y":-750.1875966,
        "z":126.8733072
      },
      "rot":{
        "z":-0.8596522511,
        "w":0.5056508148,
        "x":0.0369632597,
        "y":0.06284089431
      },
      "time":12,
      "trackPosition":false
    },
    {
      "fov":30,
      "movingEnd":true,
      "movingStart":true,
      "pos":{
        "x":-1180.300359,
        "y":-700.068435,
        "z":126.8733072
      },
      "rot":{
        "z":-0.8596522511,
        "w":0.5056508148,
        "x":0.0369632597,
        "y":0.06284089431
      },
      "time":26,
      "trackPosition":false
    }
  ],
  "name":"camPath1",
  "rotFixId":3,
  "version":"6"
}