{"name":"lampLight_297","class":"SpotLight","__parent":"lampLights_149","position":[-435.996613,493.081787,104.043037],"animationPeriod":2,"brightness":0.899999976,"color":[0.82745105,0.92549026,0.470588267,1],"fadeStartDistance":10,"hidden":true,"innerAngle":10,"isEnabled":false,"outerAngle":170,"rotationMatrix":[0.707106709,-0.707106709,-8.0840141e-07,1.43629563e-07,1.28688191e-06,-0.999999881,0.707106709,0.707106769,1.01152432e-06],"shadowDarkenColor":[0,0,0,0],"shadowDistance":20}
{"name":"lampBulb_889","class":"PointLight","__parent":"lampLights_149","position":[-435.046112,493.695618,104.021217],"brightness":20,"color":[0.826189578,0.925667524,0.471540183,1],"hidden":true,"isEnabled":false,"radius":0.5,"rotationMatrix":[0.707106709,-0.707106709,-8.0840141e-07,1.43629563e-07,1.28688191e-06,-0.999999881,0.707106709,0.707106769,1.01152432e-06],"shadowDarkenColor":[0,0,0,0]}
{"name":"lampBulb_890","class":"PointLight","__parent":"lampLights_149","position":[-435.399261,494.063599,104.021217],"brightness":20,"color":[0.826189578,0.925667524,0.471540183,1],"hidden":true,"isEnabled":false,"radius":0.5,"rotationMatrix":[0.707106709,-0.707106709,-8.0840141e-07,1.43629563e-07,1.28688191e-06,-0.999999881,0.707106709,0.707106769,1.01152432e-06],"shadowDarkenColor":[0,0,0,0]}
{"name":"lampBulb_891","class":"PointLight","__parent":"lampLights_149","position":[-435.589386,493.174255,104.021217],"brightness":20,"color":[0.826189578,0.925667524,0.471540183,1],"hidden":true,"isEnabled":false,"radius":0.5,"rotationMatrix":[0.707106709,-0.707106709,-8.0840141e-07,1.43629563e-07,1.28688191e-06,-0.999999881,0.707106709,0.707106769,1.01152432e-06],"shadowDarkenColor":[0,0,0,0]}
{"name":"lampLight_298","class":"SpotLight","__parent":"lampLights_149","position":[-435.454437,493.602051,104.043037],"animationPeriod":2,"brightness":0.899999976,"color":[0.82745105,0.92549026,0.470588267,1],"fadeStartDistance":10,"hidden":true,"innerAngle":10,"isEnabled":false,"outerAngle":170,"rotationMatrix":[0.707106709,-0.707106709,-8.0840141e-07,1.43629563e-07,1.28688191e-06,-0.999999881,0.707106709,0.707106769,1.01152432e-06],"shadowDarkenColor":[0,0,0,0],"shadowDistance":20}
{"name":"lampBulb_892","class":"PointLight","__parent":"lampLights_149","position":[-436.45047,493.054626,104.021217],"brightness":20,"color":[0.826189578,0.925667524,0.471540183,1],"hidden":true,"isEnabled":false,"radius":0.5,"rotationMatrix":[0.707106709,-0.707106709,-8.0840141e-07,1.43629563e-07,1.28688191e-06,-0.999999881,0.707106709,0.707106769,1.01152432e-06],"shadowDarkenColor":[0,0,0,0]}
{"name":"lampBulb_893","class":"PointLight","__parent":"lampLights_149","position":[-435.942535,493.542297,104.021217],"brightness":20,"color":[0.826189578,0.925667524,0.471540183,1],"hidden":true,"isEnabled":false,"radius":0.5,"rotationMatrix":[0.707106709,-0.707106709,-8.0840141e-07,1.43629563e-07,1.28688191e-06,-0.999999881,0.707106709,0.707106769,1.01152432e-06],"shadowDarkenColor":[0,0,0,0]}
{"name":"lampBulb_894","class":"PointLight","__parent":"lampLights_149","position":[-436.097565,492.686584,104.021217],"brightness":20,"color":[0.826189578,0.925667524,0.471540183,1],"hidden":true,"isEnabled":false,"radius":0.5,"rotationMatrix":[0.707106709,-0.707106709,-8.0840141e-07,1.43629563e-07,1.28688191e-06,-0.999999881,0.707106709,0.707106769,1.01152432e-06],"shadowDarkenColor":[0,0,0,0]}
