{"name":"lampLight_235","class":"SpotLight","__parent":"lampLights_118","position":[-191.22229,669.898743,82.3263245],"animationPeriod":2,"brightness":0.899999976,"color":[0.82745105,0.92549026,0.470588267,1],"fadeStartDistance":10,"innerAngle":10,"isEnabled":false,"outerAngle":170,"rotationMatrix":[0.999999821,0.000345381093,2.38418551e-07,2.38418551e-07,5.21510959e-11,-0.99999994,-0.000345381064,0.999999881,-3.01941736e-11],"shadowDarkenColor":[0,0,0,0],"shadowDistance":20}
{"name":"lampBulb_703","class":"PointLight","__parent":"lampLights_118","position":[-191.423965,668.7854,82.3045044],"brightness":20,"color":[0.826189578,0.925667524,0.471540183,1],"isEnabled":false,"radius":0.5,"rotationMatrix":[0.999999821,0.000345381093,2.38418551e-07,2.38418551e-07,5.21510959e-11,-0.99999994,-0.000345381064,0.999999881,-3.01941736e-11],"shadowDarkenColor":[0,0,0,0]}
{"name":"lampBulb_704","class":"PointLight","__parent":"lampLights_118","position":[-190.913956,668.791626,82.3045044],"brightness":20,"color":[0.826189578,0.925667524,0.471540183,1],"isEnabled":false,"radius":0.5,"rotationMatrix":[0.999999821,0.000345381093,2.38418551e-07,2.38418551e-07,5.21510959e-11,-0.99999994,-0.000345381064,0.999999881,-3.01941736e-11],"shadowDarkenColor":[0,0,0,0]}
{"name":"lampBulb_705","class":"PointLight","__parent":"lampLights_118","position":[-191.43309,669.538269,82.3045044],"brightness":20,"color":[0.826189578,0.925667524,0.471540183,1],"isEnabled":false,"radius":0.5,"rotationMatrix":[0.999999821,0.000345381093,2.38418551e-07,2.38418551e-07,5.21510959e-11,-0.99999994,-0.000345381064,0.999999881,-3.01941736e-11],"shadowDarkenColor":[0,0,0,0]}
{"name":"lampLight_236","class":"SpotLight","__parent":"lampLights_118","position":[-191.213135,669.1474,82.3263245],"animationPeriod":2,"brightness":0.899999976,"color":[0.82745105,0.92549026,0.470588267,1],"fadeStartDistance":10,"innerAngle":10,"isEnabled":false,"outerAngle":170,"rotationMatrix":[0.999999821,0.000345381093,2.38418551e-07,2.38418551e-07,5.21510959e-11,-0.99999994,-0.000345381064,0.999999881,-3.01941736e-11],"shadowDarkenColor":[0,0,0,0],"shadowDistance":20}
{"name":"lampBulb_706","class":"PointLight","__parent":"lampLights_118","position":[-190.931854,670.248474,82.3045044],"brightness":20,"color":[0.826189578,0.925667524,0.471540183,1],"isEnabled":false,"radius":0.5,"rotationMatrix":[0.999999821,0.000345381093,2.38418551e-07,2.38418551e-07,5.21510959e-11,-0.99999994,-0.000345381064,0.999999881,-3.01941736e-11],"shadowDarkenColor":[0,0,0,0]}
{"name":"lampBulb_707","class":"PointLight","__parent":"lampLights_118","position":[-190.923096,669.544373,82.3045044],"brightness":20,"color":[0.826189578,0.925667524,0.471540183,1],"isEnabled":false,"radius":0.5,"rotationMatrix":[0.999999821,0.000345381093,2.38418551e-07,2.38418551e-07,5.21510959e-11,-0.99999994,-0.000345381064,0.999999881,-3.01941736e-11],"shadowDarkenColor":[0,0,0,0]}
{"name":"lampBulb_708","class":"PointLight","__parent":"lampLights_118","position":[-191.44165,670.242615,82.3045044],"brightness":20,"color":[0.826189578,0.925667524,0.471540183,1],"isEnabled":false,"radius":0.5,"rotationMatrix":[0.999999821,0.000345381093,2.38418551e-07,2.38418551e-07,5.21510959e-11,-0.99999994,-0.000345381064,0.999999881,-3.01941736e-11],"shadowDarkenColor":[0,0,0,0]}
