{"name":"lampLight_41","class":"SpotLight","__parent":"lampLights_21","position":[-914.122559,349.044037,164.326645],"animationPeriod":2,"brightness":0.899999976,"color":[0.82745105,0.92549026,0.470588267,1],"fadeStartDistance":10,"hidden":true,"innerAngle":10,"isEnabled":false,"outerAngle":170,"rotationMatrix":[1.44037371e-09,-0.999999881,2.94844517e-06,-0.00048851961,-2.9484454e-06,-0.999999762,0.999999762,0,-0.00048851961],"shadowDarkenColor":[0,0,0,0],"shadowDistance":20}
{"name":"lampBulb_121","class":"PointLight","__parent":"lampLights_21","position":[-913.010437,348.835663,164.304825],"brightness":20,"color":[0.826189578,0.925667524,0.471540183,1],"hidden":true,"isEnabled":false,"radius":0.5,"rotationMatrix":[1.44037371e-09,-0.999999881,2.94844517e-06,-0.00048851961,-2.9484454e-06,-0.999999762,0.999999762,0,-0.00048851961],"shadowDarkenColor":[0,0,0,0]}
{"name":"lampBulb_122","class":"PointLight","__parent":"lampLights_21","position":[-913.01355,349.345734,164.304825],"brightness":20,"color":[0.826189578,0.925667524,0.471540183,1],"hidden":true,"isEnabled":false,"radius":0.5,"rotationMatrix":[1.44037371e-09,-0.999999881,2.94844517e-06,-0.00048851961,-2.9484454e-06,-0.999999762,0.999999762,0,-0.00048851961],"shadowDarkenColor":[0,0,0,0]}
{"name":"lampBulb_123","class":"PointLight","__parent":"lampLights_21","position":[-913.763306,348.831024,164.304825],"brightness":20,"color":[0.826189578,0.925667524,0.471540183,1],"hidden":true,"isEnabled":false,"radius":0.5,"rotationMatrix":[1.44037371e-09,-0.999999881,2.94844517e-06,-0.00048851961,-2.9484454e-06,-0.999999762,0.999999762,0,-0.00048851961],"shadowDarkenColor":[0,0,0,0]}
{"name":"lampLight_42","class":"SpotLight","__parent":"lampLights_21","position":[-913.371155,349.048676,164.326645],"animationPeriod":2,"brightness":0.899999976,"color":[0.82745105,0.92549026,0.470588267,1],"fadeStartDistance":10,"hidden":true,"innerAngle":10,"isEnabled":false,"outerAngle":170,"rotationMatrix":[1.44037371e-09,-0.999999881,2.94844517e-06,-0.00048851961,-2.9484454e-06,-0.999999762,0.999999762,0,-0.00048851961],"shadowDarkenColor":[0,0,0,0],"shadowDistance":20}
{"name":"lampBulb_124","class":"PointLight","__parent":"lampLights_21","position":[-914.470886,349.336761,164.304825],"brightness":20,"color":[0.826189578,0.925667524,0.471540183,1],"hidden":true,"isEnabled":false,"radius":0.5,"rotationMatrix":[1.44037371e-09,-0.999999881,2.94844517e-06,-0.00048851961,-2.9484454e-06,-0.999999762,0.999999762,0,-0.00048851961],"shadowDarkenColor":[0,0,0,0]}
{"name":"lampBulb_125","class":"PointLight","__parent":"lampLights_21","position":[-913.766479,349.341095,164.304825],"brightness":20,"color":[0.826189578,0.925667524,0.471540183,1],"hidden":true,"isEnabled":false,"radius":0.5,"rotationMatrix":[1.44037371e-09,-0.999999881,2.94844517e-06,-0.00048851961,-2.9484454e-06,-0.999999762,0.999999762,0,-0.00048851961],"shadowDarkenColor":[0,0,0,0]}
{"name":"lampBulb_126","class":"PointLight","__parent":"lampLights_21","position":[-914.467712,348.826691,164.304825],"brightness":20,"color":[0.826189578,0.925667524,0.471540183,1],"hidden":true,"isEnabled":false,"radius":0.5,"rotationMatrix":[1.44037371e-09,-0.999999881,2.94844517e-06,-0.00048851961,-2.9484454e-06,-0.999999762,0.999999762,0,-0.00048851961],"shadowDarkenColor":[0,0,0,0]}
