{"name":"lampLight_131","class":"SpotLight","__parent":"lampLights_66","position":[-705.093994,859.366577,82.284317],"animationPeriod":2,"brightness":0.899999976,"color":[0.82745105,0.92549026,0.470588267,1],"fadeStartDistance":10,"innerAngle":10,"outerAngle":170,"rotationMatrix":[0.717528582,-0.69652915,-2.98023224e-08,1.1920929e-07,-1.1920929e-07,-1.00000024,0.69652915,0.71752882,0],"shadowDarkenColor":[0,0,0,0],"shadowDistance":20}
{"name":"lampBulb_391","class":"PointLight","__parent":"lampLights_66","position":[-704.165833,860.013733,82.2624969],"brightness":20,"color":[0.826189578,0.925667524,0.471540183,1],"radius":0.5,"rotationMatrix":[0.717528582,-0.69652915,-2.98023224e-08,1.1920929e-07,-1.1920929e-07,-1.00000024,0.69652915,0.71752882,0],"shadowDarkenColor":[0,0,0,0]}
{"name":"lampBulb_392","class":"PointLight","__parent":"lampLights_66","position":[-704.531799,860.369019,82.2624969],"brightness":20,"color":[0.826189578,0.925667524,0.471540183,1],"radius":0.5,"rotationMatrix":[0.717528582,-0.69652915,-2.98023224e-08,1.1920929e-07,-1.1920929e-07,-1.00000024,0.69652915,0.71752882,0],"shadowDarkenColor":[0,0,0,0]}
{"name":"lampBulb_393","class":"PointLight","__parent":"lampLights_66","position":[-704.690247,859.473511,82.2624969],"brightness":20,"color":[0.826189578,0.925667524,0.471540183,1],"radius":0.5,"rotationMatrix":[0.717528582,-0.69652915,-2.98023224e-08,1.1920929e-07,-1.1920929e-07,-1.00000024,0.69652915,0.71752882,0],"shadowDarkenColor":[0,0,0,0]}
{"name":"lampLight_132","class":"SpotLight","__parent":"lampLights_66","position":[-704.570618,859.905701,82.284317],"animationPeriod":2,"brightness":0.899999976,"color":[0.82745105,0.92549026,0.470588267,1],"fadeStartDistance":10,"innerAngle":10,"outerAngle":170,"rotationMatrix":[0.717528582,-0.69652915,-2.98023224e-08,1.1920929e-07,-1.1920929e-07,-1.00000024,0.69652915,0.71752882,0],"shadowDarkenColor":[0,0,0,0],"shadowDistance":20}
{"name":"lampBulb_394","class":"PointLight","__parent":"lampLights_66","position":[-705.546875,859.323303,82.2624969],"brightness":20,"color":[0.826189578,0.925667524,0.471540183,1],"radius":0.5,"rotationMatrix":[0.717528582,-0.69652915,-2.98023224e-08,1.1920929e-07,-1.1920929e-07,-1.00000024,0.69652915,0.71752882,0],"shadowDarkenColor":[0,0,0,0]}
{"name":"lampBulb_395","class":"PointLight","__parent":"lampLights_66","position":[-705.056274,859.828735,82.2624969],"brightness":20,"color":[0.826189578,0.925667524,0.471540183,1],"radius":0.5,"rotationMatrix":[0.717528582,-0.69652915,-2.98023224e-08,1.1920929e-07,-1.1920929e-07,-1.00000024,0.69652915,0.71752882,0],"shadowDarkenColor":[0,0,0,0]}
{"name":"lampBulb_396","class":"PointLight","__parent":"lampLights_66","position":[-705.180908,858.968079,82.2624969],"brightness":20,"color":[0.826189578,0.925667524,0.471540183,1],"radius":0.5,"rotationMatrix":[0.717528582,-0.69652915,-2.98023224e-08,1.1920929e-07,-1.1920929e-07,-1.00000024,0.69652915,0.71752882,0],"shadowDarkenColor":[0,0,0,0]}
