{"name":"lampLight_171","class":"SpotLight","__parent":"lampLights_86","position":[-523.288513,632.630615,94.5444717],"animationPeriod":2,"brightness":0.899999976,"color":[0.82745105,0.92549026,0.470588267,1],"fadeStartDistance":10,"innerAngle":10,"isEnabled":false,"outerAngle":170,"rotationMatrix":[-0.158821821,0.987307429,1.31130219e-06,2.08616257e-07,1.1920929e-06,-1.00000012,-0.987307429,-0.158821702,-5.96046448e-07],"shadowDarkenColor":[0,0,0,0],"shadowDistance":20}
{"name":"lampBulb_511","class":"PointLight","__parent":"lampLights_86","position":[-524.419373,632.666687,94.5226517],"brightness":20,"color":[0.826189578,0.925667524,0.471540183,1],"isEnabled":false,"radius":0.5,"rotationMatrix":[-0.158821821,0.987307429,1.31130219e-06,2.08616257e-07,1.1920929e-06,-1.00000012,-0.987307429,-0.158821702,-5.96046448e-07],"shadowDarkenColor":[0,0,0,0]}
{"name":"lampBulb_512","class":"PointLight","__parent":"lampLights_86","position":[-524.33844,632.163147,94.5226517],"brightness":20,"color":[0.826189578,0.925667524,0.471540183,1],"isEnabled":false,"radius":0.5,"rotationMatrix":[-0.158821821,0.987307429,1.31130219e-06,2.08616257e-07,1.1920929e-06,-1.00000012,-0.987307429,-0.158821702,-5.96046448e-07],"shadowDarkenColor":[0,0,0,0]}
{"name":"lampBulb_513","class":"PointLight","__parent":"lampLights_86","position":[-523.676025,632.786255,94.5226517],"brightness":20,"color":[0.826189578,0.925667524,0.471540183,1],"isEnabled":false,"radius":0.5,"rotationMatrix":[-0.158821821,0.987307429,1.31130219e-06,2.08616257e-07,1.1920929e-06,-1.00000012,-0.987307429,-0.158821702,-5.96046448e-07],"shadowDarkenColor":[0,0,0,0]}
{"name":"lampLight_172","class":"SpotLight","__parent":"lampLights_86","position":[-524.030457,632.511292,94.5444717],"animationPeriod":2,"brightness":0.899999976,"color":[0.82745105,0.92549026,0.470588267,1],"fadeStartDistance":10,"innerAngle":10,"isEnabled":false,"outerAngle":170,"rotationMatrix":[-0.158821821,0.987307429,1.31130219e-06,2.08616257e-07,1.1920929e-06,-1.00000012,-0.987307429,-0.158821702,-5.96046448e-07],"shadowDarkenColor":[0,0,0,0],"shadowDistance":20}
{"name":"lampBulb_514","class":"PointLight","__parent":"lampLights_86","position":[-522.899841,632.394775,94.5226517],"brightness":20,"color":[0.826189578,0.925667524,0.471540183,1],"isEnabled":false,"radius":0.5,"rotationMatrix":[-0.158821821,0.987307429,1.31130219e-06,2.08616257e-07,1.1920929e-06,-1.00000012,-0.987307429,-0.158821702,-5.96046448e-07],"shadowDarkenColor":[0,0,0,0]}
{"name":"lampBulb_515","class":"PointLight","__parent":"lampLights_86","position":[-523.595032,632.282715,94.5226517],"brightness":20,"color":[0.826189578,0.925667524,0.471540183,1],"isEnabled":false,"radius":0.5,"rotationMatrix":[-0.158821821,0.987307429,1.31130219e-06,2.08616257e-07,1.1920929e-06,-1.00000012,-0.987307429,-0.158821702,-5.96046448e-07],"shadowDarkenColor":[0,0,0,0]}
{"name":"lampBulb_516","class":"PointLight","__parent":"lampLights_86","position":[-522.980652,632.898193,94.5226517],"brightness":20,"color":[0.826189578,0.925667524,0.471540183,1],"isEnabled":false,"radius":0.5,"rotationMatrix":[-0.158821821,0.987307429,1.31130219e-06,2.08616257e-07,1.1920929e-06,-1.00000012,-0.987307429,-0.158821702,-5.96046448e-07],"shadowDarkenColor":[0,0,0,0]}
