{
  "externalForce":true,
  "path":[
    {
      "dir":{"x":0.8147167737,"y":0.5798591024,"z":-9.027858839e-08},
      "t":0,
      "up":{"x":0,"y":0,"z":1},
      "x":-210.2624664,
      "y":-161.7214661,
      "z":119.3841934
    },
    {
      "t":10.14113617,
      "x":-141.4111938,
      "y":-112.7178879,
      "z":119.3841858
    },
    {
      "t":48.91088867,
      "x":118.9567108,
      "y":78.56742859,
      "z":119.3841934
    },
    {
      "t":81.52597809,
      "x":338.2624817,
      "y":239.1167908,
      "z":119.3841934
    }
  ]
}