{"name":"lampLight_15","class":"SpotLight","__parent":"lampLights_8","position":[-867.972046,547.577148,137.086258],"animationPeriod":2,"brightness":0.899999976,"color":[0.82745105,0.92549026,0.470588267,1],"fadeStartDistance":10,"hidden":true,"innerAngle":10,"outerAngle":170,"rotationMatrix":[0.999999881,0,0,0,-8.74227695e-08,-0.999999821,0,0.999999821,-8.74227624e-08],"shadowDarkenColor":[0,0,0,0],"shadowDistance":20}
{"name":"lampBulb_43","class":"PointLight","__parent":"lampLights_8","position":[-867.756836,548.687988,137.064438],"brightness":20,"color":[0.826189578,0.925667524,0.471540183,1],"hidden":true,"radius":0.5,"rotationMatrix":[0.999999881,0,0,0,-8.74227695e-08,-0.999999821,0,0.999999821,-8.74227624e-08],"shadowDarkenColor":[0,0,0,0]}
{"name":"lampBulb_44","class":"PointLight","__parent":"lampLights_8","position":[-868.266907,548.687988,137.064438],"brightness":20,"color":[0.826189578,0.925667524,0.471540183,1],"hidden":true,"radius":0.5,"rotationMatrix":[0.999999881,0,0,0,-8.74227695e-08,-0.999999821,0,0.999999821,-8.74227624e-08],"shadowDarkenColor":[0,0,0,0]}
{"name":"lampBulb_45","class":"PointLight","__parent":"lampLights_8","position":[-867.756836,547.935059,137.064438],"brightness":20,"color":[0.826189578,0.925667524,0.471540183,1],"hidden":true,"radius":0.5,"rotationMatrix":[0.999999881,0,0,0,-8.74227695e-08,-0.999999821,0,0.999999821,-8.74227624e-08],"shadowDarkenColor":[0,0,0,0]}
{"name":"lampLight_16","class":"SpotLight","__parent":"lampLights_8","position":[-867.972046,548.328552,137.086258],"animationPeriod":2,"brightness":0.899999976,"color":[0.82745105,0.92549026,0.470588267,1],"fadeStartDistance":10,"hidden":true,"innerAngle":10,"outerAngle":170,"rotationMatrix":[0.999999881,0,0,0,-8.74227695e-08,-0.999999821,0,0.999999821,-8.74227624e-08],"shadowDarkenColor":[0,0,0,0],"shadowDistance":20}
{"name":"lampBulb_46","class":"PointLight","__parent":"lampLights_8","position":[-868.266907,547.230652,137.064438],"brightness":20,"color":[0.826189578,0.925667524,0.471540183,1],"hidden":true,"radius":0.5,"rotationMatrix":[0.999999881,0,0,0,-8.74227695e-08,-0.999999821,0,0.999999821,-8.74227624e-08],"shadowDarkenColor":[0,0,0,0]}
{"name":"lampBulb_47","class":"PointLight","__parent":"lampLights_8","position":[-868.266907,547.935059,137.064438],"brightness":20,"color":[0.826189578,0.925667524,0.471540183,1],"hidden":true,"radius":0.5,"rotationMatrix":[0.999999881,0,0,0,-8.74227695e-08,-0.999999821,0,0.999999821,-8.74227624e-08],"shadowDarkenColor":[0,0,0,0]}
{"name":"lampBulb_48","class":"PointLight","__parent":"lampLights_8","position":[-867.756836,547.230652,137.064438],"brightness":20,"color":[0.826189578,0.925667524,0.471540183,1],"hidden":true,"radius":0.5,"rotationMatrix":[0.999999881,0,0,0,-8.74227695e-08,-0.999999821,0,0.999999821,-8.74227624e-08],"shadowDarkenColor":[0,0,0,0]}
