{
  "looped":false,
  "manualFov":false,
  "markers":[
    {
      "fov":20,
      "movingEnd":true,
      "movingStart":true,
      "pos":{
        "x":561.4194336,
        "y":8.796413422,
        "z":151.0366058
      },
      "rot":{
        "z":-0.9911350778,
        "w":0.08062004429,
        "x":0.008561464603,
        "y":0.1052538232
      },
      "time":0,
      "trackPosition":true
    },
    {
      "fov":20,
      "movingEnd":true,
      "movingStart":true,
      "pos":{
        "x":560.7317505,
        "y":2.476921082,
        "z":150.9909363
      },
      "rot":{
        "z":-0.9999686004,
        "w":0.007098218729,
        "x":-2.50091635e-05,
        "y":-0.003523190701
      },
      "time":3,
      "trackPosition":true
    }
  ],
  "name":"camPath",
  "rotFixId":1,
  "version":"6"
}