{
  "looped":false,
  "manualFov":true,
  "markers":[
    {
      "fov":20,
      "movingEnd":true,
      "movingStart":true,
      "pos":{
        "x":570.3758981,
        "y":43.1615426,
        "z":151.0366023
      },
      "rot":{
        "z":-0.9911350778,
        "w":0.08062004429,
        "x":0.008561464603,
        "y":0.1052538232
      },
      "time":0,
      "trackPosition":true
    },
    {
      "fov":20,
      "movingEnd":true,
      "movingStart":true,
      "pos":{
        "x":570.3590686,
        "y":47.56670853,
        "z":150.990942
      },
      "rot":{
        "z":-0.9999686004,
        "w":0.007098218729,
        "x":-2.50091635e-05,
        "y":-0.003523190701
      },
      "time":3,
      "trackPosition":true
    }
  ],
  "name":"camPath",
  "rotFixId":1,
  "version":"6"
}