{
  "looped":false,
  "manualFov":true,
  "markers":[
    {
      "fov":35,
      "movingEnd":true,
      "movingStart":true,
      "pos":{
        "x":571.6874209,
        "y":36.74868105,
        "z":149.5608001
      },
      "rot":{
        "z":-0.9881946849,
        "w":0.1161714534,
        "x":0.0116611899,
        "y":0.09919412676
      },
      "time":0,
      "trackPosition":true
    },
    {
      "cut":true,
      "fov":35,
      "movingEnd":true,
      "movingStart":true,
      "pos":{
        "x":570.9774457,
        "y":16.75968244,
        "z":150.0317322
      },
      "rot":{
        "z":-0.2713306261,
        "w":0.9575450541,
        "x":0.09371244971,
        "y":0.0265544243
      },
      "time":12,
      "trackPosition":true
    },
    {
      "fov":35,
      "movingEnd":true,
      "movingStart":true,
      "pos":{
        "x":561.2002716,
        "y":33.86302508,
        "z":150.9951082
      },
      "rot":{
        "z":-0.964238113,
        "w":-0.2346578261,
        "x":-0.02913404072,
        "y":0.1197153869
      },
      "time":12,
      "trackPosition":true
    },
    {
      "fov":35,
      "movingEnd":true,
      "movingStart":true,
      "pos":{
        "x":564.5055606,
        "y":35.92908479,
        "z":151.074857
      },
      "rot":{
        "z":-0.964238113,
        "w":-0.2346578261,
        "x":-0.02913404072,
        "y":0.1197153869
      },
      "time":24,
      "trackPosition":true
    }
  ],
  "name":"camPath",
  "rotFixId":1,
  "version":"6"
}