{
  "looped":false,
  "manualFov":true,
  "markers":[
    {
      "fov":30,
      "movingEnd":true,
      "movingStart":true,
      "pos":{
        "x":718.0735723,
        "y":37.63448942,
        "z":158.8653499
      },
      "rot":{
        "z":0.9120779722,
        "w":-0.3878556712,
        "x":-0.05203633175,
        "y":-0.1223681783
      },
      "time":0,
      "trackPosition":true
    },
    {
      "cut":true,
      "fov":30,
      "movingEnd":true,
      "movingStart":true,
      "pos":{
        "x":723.8038013,
        "y":31.68516836,
        "z":158.8653499
      },
      "rot":{
        "z":0.9120779722,
        "w":-0.3878556712,
        "x":-0.05203633175,
        "y":-0.1223681783
      },
      "time":12,
      "trackPosition":true
    },
    {
      "fov":35,
      "movingEnd":true,
      "movingStart":true,
      "pos":{
        "x":705.317778,
        "y":26.48173129,
        "z":157.4189268
      },
      "rot":{
        "z":0.5927546112,
        "w":0.8038012845,
        "x":0.0406055864,
        "y":-0.02994415292
      },
      "time":12,
      "trackPosition":true
    },
    {
      "fov":35,
      "movingEnd":true,
      "movingStart":true,
      "pos":{
        "x":707.4177229,
        "y":19.69243589,
        "z":157.4189268
      },
      "rot":{
        "z":0.5927546112,
        "w":0.8038012845,
        "x":0.0406055864,
        "y":-0.02994415292
      },
      "time":24,
      "trackPosition":true
    }
  ],
  "name":"camPath",
  "rotFixId":3,
  "version":"6"
}