{"ctxid":0,"pos":[-74.0606613,545.555298,74.5784988],"rotationMatrix":[0.0029848516,-0.999995112,0,0.999995112,0.0029848516,0,0,0,0.999999642],"scale":1,"type":"billboard_structure2"}
{"ctxid":0,"pos":[-485.061005,89.5809021,99.4383011],"rotationMatrix":[0.28909111,0.957301617,0,-0.957301617,0.28909111,0,0,0,1],"scale":1,"type":"billboard_structure2"}
{"ctxid":0,"pos":[-516.104004,173.572998,99.4383011],"rotationMatrix":[0.99998939,0.0046064239,0,-0.0046064239,0.99998939,0,0,0,1],"scale":1,"type":"billboard_structure2"}
