{"ctxid":0,"pos":[-6.33809996,652.771973,74.6371536],"rotationMatrix":[-1,0,0,0,-1,0,0,0,1],"scale":1,"type":"billboard_structure1"}
{"ctxid":0,"pos":[-73.3582077,673.286865,74.1187973],"rotationMatrix":[1,0,0,0,1,0,0,0,1],"scale":1,"type":"billboard_structure1"}
{"ctxid":0,"pos":[-354.919006,304.287994,101.632004],"rotationMatrix":[0.760429621,0.649420321,0,-0.649420321,0.760429621,0,0,0,1],"scale":1,"type":"billboard_structure1"}
{"ctxid":0,"pos":[-595.284973,118.179001,102.195999],"rotationMatrix":[0.728268027,0.685292423,0,-0.685292423,0.728268027,0,0,0,1],"scale":1,"type":"billboard_structure1"}
{"ctxid":0,"pos":[-283.923798,-19.8494892,119.659737],"rotationMatrix":[0.781099796,0.624405861,0,-0.624405861,0.781099796,0,0,0,0.999999881],"scale":1,"type":"billboard_structure1"}
{"ctxid":0,"pos":[-98.1482544,-11.4621725,119.830246],"rotationMatrix":[-0.783393264,-0.62152642,0,0.62152642,-0.783393264,0,0,0,1],"scale":1,"type":"billboard_structure1"}
