{"ctxid":0,"pos":[-199.9543,530.460571,74.9409027],"rotationMatrix":[1,1.50995803e-07,0,-1.50995803e-07,1,0,0,0,1],"scale":1,"type":"bollard_hoop_red"}
{"ctxid":0,"pos":[-199.9543,521.568542,74.9409027],"rotationMatrix":[1,1.50995803e-07,0,-1.50995803e-07,1,0,0,0,1],"scale":1,"type":"bollard_hoop_red"}
{"ctxid":0,"pos":[-192.451767,521.649597,74.9409027],"rotationMatrix":[1,1.50995803e-07,0,-1.50995803e-07,1,0,0,0,1],"scale":1,"type":"bollard_hoop_red"}
{"ctxid":0,"pos":[-192.500015,530.500427,74.9409027],"rotationMatrix":[1,1.50995803e-07,0,-1.50995803e-07,1,0,0,0,1],"scale":1,"type":"bollard_hoop_red"}
{"ctxid":0,"pos":[-184.967514,530.465942,74.9409027],"rotationMatrix":[1,1.50995803e-07,0,-1.50995803e-07,1,0,0,0,1],"scale":1,"type":"bollard_hoop_red"}
{"ctxid":0,"pos":[-184.967514,521.603394,74.9409027],"rotationMatrix":[1,1.50995803e-07,0,-1.50995803e-07,1,0,0,0,1],"scale":1,"type":"bollard_hoop_red"}
{"ctxid":0,"pos":[-493.444763,140.714279,100.333023],"rotationMatrix":[0.965654194,-0.259830177,0,0.259830177,0.965654194,0,0,0,0.999999881],"scale":1,"type":"bollard_hoop_red"}
{"ctxid":0,"pos":[-496.40448,131.162918,100.333023],"rotationMatrix":[0.963474452,-0.267799616,0,0.267719716,0.96318692,0.0244310237,-0.00654262211,-0.0235386752,0.999701202],"scale":1,"type":"bollard_hoop_red"}
{"ctxid":0,"pos":[-488.753296,128.791977,100.333023],"rotationMatrix":[0.955189943,-0.295993328,0,0.295713067,0.954285502,-0.043507833,0.0128780305,0.0415582508,0.999053001],"scale":1,"type":"bollard_hoop_red"}
{"ctxid":0,"pos":[-485.793579,138.343338,100.333023],"rotationMatrix":[0.955189943,-0.295993328,0,0.295900017,0.954888821,0.0251075532,-0.00743166963,-0.0239824858,0.999684632],"scale":1,"type":"bollard_hoop_red"}
{"ctxid":0,"pos":[-478.089691,135.956055,100.333023],"rotationMatrix":[0.955189943,-0.295993328,0,0.295850396,0.954728663,0.0310745686,-0.00919786654,-0.0296821184,0.999516964],"scale":1,"type":"bollard_hoop_red"}
{"ctxid":0,"pos":[-481.049408,126.404694,100.333023],"rotationMatrix":[0.955189943,-0.295993328,0,0.295794696,0.954548895,-0.0366319008,0.0108428001,0.0349904299,0.999328732],"scale":1,"type":"bollard_hoop_red"}
{"ctxid":0,"pos":[-47.5028381,68.9155197,122.81076],"rotationMatrix":[1,0,0,0,1,0,0,0,1],"scale":1,"type":"bollard_hoop_red"}
{"ctxid":0,"pos":[-421.209503,153.108047,100.048248],"rotationMatrix":[0.970194399,-0.242328048,0,0.242328048,0.970194399,0,0,0,1],"scale":1,"type":"bollard_hoop_red"}
{"ctxid":0,"pos":[-419.210754,152.561737,100.070465],"rotationMatrix":[0.951668441,-0.30712682,0,0.30712682,0.951668441,0,0,0,0.999999881],"scale":1,"type":"bollard_hoop_red"}
{"ctxid":0,"pos":[-416.987366,151.949554,100.110977],"rotationMatrix":[0.964984059,-0.262308419,0,0.262308419,0.964984059,0,0,0,1],"scale":1,"type":"bollard_hoop_red"}
{"ctxid":0,"pos":[-423.371033,164.277161,100.088066],"rotationMatrix":[0.295255452,0.955418229,0,-0.955418229,0.295255452,0,0,0,0.999999881],"scale":1,"type":"bollard_hoop_red"}
{"ctxid":0,"pos":[-424.203705,162.055023,100.056221],"rotationMatrix":[0.362696618,0.931907117,0,-0.931907117,0.362696618,0,0,0,0.999999881],"scale":1,"type":"bollard_hoop_red"}
{"ctxid":0,"pos":[-422.515198,166.485367,100.122681],"rotationMatrix":[0.389686137,0.920947552,0,-0.920947552,0.389686137,0,0,0,0.999999881],"scale":1,"type":"bollard_hoop_red"}
{"ctxid":0,"pos":[-421.639587,168.655319,100.127785],"rotationMatrix":[0.427888572,0.903831303,0,-0.903831303,0.427888572,0,0,0,0.999999881],"scale":1,"type":"bollard_hoop_red"}
{"ctxid":0,"pos":[-420.746063,170.867096,100.155685],"rotationMatrix":[0.372475803,0.928041756,0,-0.928041756,0.372475803,0,0,0,0.999999881],"scale":1,"type":"bollard_hoop_red"}
{"ctxid":0,"pos":[-419.839539,173.049591,100.163635],"rotationMatrix":[0.434064209,0.900881767,0,-0.900881767,0.434064209,0,0,0,0.999999881],"scale":1,"type":"bollard_hoop_red"}
{"ctxid":0,"pos":[-418.990875,175.222443,100.194771],"rotationMatrix":[0.407764226,0.913087189,0,-0.913087189,0.407764226,0,0,0,0.999999881],"scale":1,"type":"bollard_hoop_red"}
{"ctxid":0,"pos":[-418.016357,177.43605,100.22625],"rotationMatrix":[0.339676559,0.94054234,0,-0.94054234,0.339676559,0,0,0,1],"scale":1,"type":"bollard_hoop_red"}
{"ctxid":0,"pos":[930.193848,-479.728516,162.296906],"rotationMatrix":[0.975220263,-0.22123529,0,0.220847562,0.973511159,0.0591798313,-0.0130926669,-0.057713367,0.998247087],"scale":1,"type":"bollard_hoop_red"}
{"ctxid":0,"pos":[922.42981,-477.89212,162.289734],"rotationMatrix":[0.966982543,-0.254842639,0,0.254842639,0.966982543,0,0,0,1],"scale":1,"type":"bollard_hoop_red"}
{"ctxid":0,"pos":[914.59375,-476.273224,162.190857],"rotationMatrix":[0.976073921,-0.217438713,0,0.217267618,0.975305855,-0.039663054,0.00862428453,0.0387140773,0.99921298],"scale":1,"type":"bollard_hoop_red"}
{"ctxid":0,"pos":[927.563538,-492.170349,162.517685],"rotationMatrix":[0.97554493,-0.219799951,0,0.219464689,0.974056959,-0.0552124381,0.0121356929,0.0538622215,0.998474598],"scale":1,"type":"bollard_hoop_red"}
{"ctxid":0,"pos":[919.763123,-490.573303,162.452316],"rotationMatrix":[0.976716101,-0.214535534,0,0.214511439,0.976606369,-0.0149934422,0.00321662659,0.0146443378,0.999887526],"scale":1,"type":"bollard_hoop_red"}
{"ctxid":0,"pos":[911.878235,-488.794006,162.424011],"rotationMatrix":[0.981142104,-0.193287432,0,0.193261206,0.981008947,-0.0164756551,0.00318453764,0.0161649622,0.999864161],"scale":1,"type":"bollard_hoop_red"}
{"ctxid":0,"pos":[52.8363342,433.604431,116.160004],"rotationMatrix":[0.829544663,0.558440268,0,-0.558440268,0.829544663,0,0,0,1],"scale":1,"type":"bollard_hoop_red"}
{"ctxid":0,"pos":[52.1676025,434.45697,116.160004],"rotationMatrix":[0.800110161,0.599852979,0,-0.599852979,0.800110161,0,0,0,1],"scale":1,"type":"bollard_hoop_red"}
{"ctxid":0,"pos":[51.4406357,435.391663,116.160004],"rotationMatrix":[0.816845477,0.576856434,0,-0.576856434,0.816845477,0,0,0,1],"scale":1,"type":"bollard_hoop_red"}
{"ctxid":0,"pos":[50.7742538,436.319824,116.160004],"rotationMatrix":[0.782643914,0.622469604,0,-0.622469604,0.782643914,0,0,0,1],"scale":1,"type":"bollard_hoop_red"}
{"ctxid":0,"pos":[-725.17749,610.783936,115.2995],"rotationMatrix":[0.789885402,-0.61325413,0,0.61325413,0.789885402,0,0,0,0.999999762],"scale":1,"type":"bollard_hoop_red"}
{"ctxid":0,"pos":[-726.307922,609.448853,115.494194],"rotationMatrix":[0.861363053,-0.507989526,0,0.507989526,0.861363053,0,0,0,0.999999762],"scale":1,"type":"bollard_hoop_red"}
{"ctxid":0,"pos":[-824.119324,607.596313,117.143799],"rotationMatrix":[0.99999994,0,0,0,0.99999994,0,0,0,0.999999881],"scale":1,"type":"bollard_hoop_red"}
{"ctxid":0,"pos":[-824.149719,608.70929,117.143799],"rotationMatrix":[0.99999994,0,0,0,0.99999994,0,0,0,0.999999881],"scale":1,"type":"bollard_hoop_red"}
{"ctxid":0,"pos":[912.869812,-484.012054,162.347092],"rotationMatrix":[0.976073921,-0.217438713,0,0.216988564,0.974053204,0.0643134415,-0.0139842341,-0.0627746806,0.997929633],"scale":1,"type":"bollard_hoop_red"}
{"ctxid":0,"pos":[913.466675,-481.332764,162.347092],"rotationMatrix":[0.976073921,-0.217438713,0,0.217226729,0.975122273,-0.0441463739,0.00959913246,0.0430901311,0.999024928],"scale":1,"type":"bollard_hoop_red"}
{"ctxid":0,"pos":[920.832092,-485.70636,162.320709],"rotationMatrix":[0.976716101,-0.214535534,0,0.214502811,0.976567149,0.017463183,-0.00374647393,-0.017056575,0.999847353],"scale":1,"type":"bollard_hoop_red"}
{"ctxid":0,"pos":[921.424438,-483.009308,162.320709],"rotationMatrix":[0.976716101,-0.214535534,0,0.214527547,0.976679742,-0.0086309379,0.0018516432,0.00842997711,0.999962628],"scale":1,"type":"bollard_hoop_red"}
{"ctxid":0,"pos":[929.081909,-484.630157,162.319824],"rotationMatrix":[0.975220442,-0.221235335,0,0.221235335,0.975220442,0,0,0,1],"scale":1,"type":"bollard_hoop_red"}
{"ctxid":0,"pos":[928.465454,-487.347595,162.335892],"rotationMatrix":[0.975220442,-0.221235335,0,0.221235335,0.975220442,0,0,0,1],"scale":1,"type":"bollard_hoop_red"}
{"ctxid":0,"pos":[-192.450729,524.644104,74.9409027],