{"ctxid":0,"pos":[-926.541992,778.317993,99.1016006],"rotationMatrix":[7.46250153e-05,-1,-1.31818524e-05,0.939484,7.46250153e-05,-0.342592776,0.342592776,1.31818524e-05,0.939484],"scale":1,"type":"cable_boom"}
{"ctxid":0,"pos":[-926.541992,804.200134,93.9124985],"rotationMatrix":[7.46250153e-05,-1,-1.31818524e-05,0.939484,7.46250153e-05,-0.342592776,0.342592776,1.31818524e-05,0.939484],"scale":1,"type":"cable_boom"}
{"ctxid":0,"pos":[-926.541992,831.687012,87.9430008],"rotationMatrix":[7.46250153e-05,-1,-1.31818524e-05,0.939484,7.46250153e-05,-0.342592776,0.342592776,1.31818524e-05,0.939484],"scale":1,"type":"cable_boom"}
{"ctxid":0,"pos":[-926.541992,863.002014,81.664299],"rotationMatrix":[7.46250153e-05,-1,-1.31818524e-05,0.939484,7.46250153e-05,-0.342592776,0.342592776,1.31818524e-05,0.939484],"scale":1,"type":"cable_boom"}
{"ctxid":0,"pos":[-926.541992,760.330994,99.1929016],"rotationMatrix":[7.46250153e-05,-1,-1.31818524e-05,0.939484,7.46250153e-05,-0.342592776,0.342592776,1.31818524e-05,0.939484],"scale":1,"type":"cable_boom"}
{"ctxid":0,"pos":[-926.541992,727.059998,106.416],"rotationMatrix":[7.46250153e-05,-1,-1.31818524e-05,0.939484,7.46250153e-05,-0.342592776,0.342592776,1.31818524e-05,0.939484],"scale":1,"type":"cable_boom"}
{"ctxid":0,"pos":[-926.541992,699.406799,112.945999],"rotationMatrix":[7.46250153e-05,-1,-1.31818524e-05,0.939484,7.46250153e-05,-0.342592776,0.342592776,1.31818524e-05,0.939484],"scale":1,"type":"cable_boom"}
{"ctxid":0,"pos":[-926.541992,670.356995,118.991997],"rotationMatrix":[7.46250153e-05,-1,-1.31818524e-05,0.939484,7.46250153e-05,-0.342592776,0.342592776,1.31818524e-05,0.939484],"scale":1,"type":"cable_boom"}
{"ctxid":0,"pos":[-926.541992,652.484985,119.096001],"rotationMatrix":[7.46250153e-05,-1,-1.31818524e-05,0.939484,7.46250153e-05,-0.342592776,0.342592776,1.31818524e-05,0.939484],"scale":1,"type":"cable_boom"}
{"ctxid":0,"pos":[-926.541992,565.827026,138.837006],"rotationMatrix":[7.46250153e-05,-1,-1.31818524e-05,0.939484,7.46250153e-05,-0.342592776,0.342592776,1.31818524e-05,0.939484],"scale":1,"type":"cable_boom"}
{"ctxid":0,"pos":[-926.541992,593.133972,132.791],"rotationMatrix":[7.46250153e-05,-1,-1.31818524e-05,0.939484,7.46250153e-05,-0.342592776,0.342592776,1.31818524e-05,0.939484],"scale":1,"type":"cable_boom"}
{"ctxid":0,"pos":[-926.541992,619.669189,126.301003],"rotationMatrix":[7.46250153e-05,-1,-1.31818524e-05,0.939484,7.46250153e-05,-0.342592776,0.342592776,1.31818524e-05,0.939484],"scale":1,"type":"cable_boom"}
{"ctxid":0,"pos":[-926.541992,544.469971,139.115997],"rotationMatrix":[7.46250153e-05,-1,-1.31818524e-05,0.939484,7.46250153e-05,-0.342592776,0.342592776,1.31818524e-05,0.939484],"scale":1,"type":"cable_boom"}
{"ctxid":0,"pos":[-926.541992,509.264008,146.981995],"rotationMatrix":[7.46250153e-05,-1,-1.31818524e-05,0.939484,7.46250153e-05,-0.342592776,0.342592776,1.31818524e-05,0.939484],"scale":1,"type":"cable_boom"}
{"ctxid":0,"pos":[-584.870972,407.050995,115.600998],"rotationMatrix":[0.707048297,-0.707165241,0.00013494544,0.664419055,0.664243817,-0.342530966,0.242136359,0.242275596,0.939506531],"scale":1,"type":"cable_boom"}
{"ctxid":0,"pos":[-567.76001,389.928986,115.473],"rotationMatrix":[0.707048297,-0.707165241,0.00013494544,0.664419055,0.664243817,-0.342530966,0.242136359,0.242275596,0.939506531],"scale":1,"type":"cable_boom"}
{"ctxid":0,"pos":[-603.598999,425.768005,118.240997],"rotationMatrix":[0.707048297,-0.707165241,0.00013494544,0.664419055,0.664243817,-0.342530966,0.242136359,0.242275596,0.939506531],"scale":1,"type":"cable_boom"}
{"ctxid":0,"pos":[-508.89801,331.066986,103.917],"rotationMatrix":[0.707048297,-0.707165241,0.00013494544,0.664419055,0.664243817,-0.342530966,0.242136359,0.242275596,0.939506531],"scale":1,"type":"cable_boom"}
{"ctxid":0,"pos":[-527.969971,350.138,107.285004],"rotationMatrix":[0.707048297,-0.707165241,0.00013494544,0.664419055,0.664243817,-0.342530966,0.242136359,0.242275596,0.939506531],"scale":1,"type":"cable_boom"}
{"ctxid":0,"pos":[-546.546997,368.716003,111.084],"rotationMatrix":[0.707048297,-0.707165241,0.00013494544,0.664419055,0.664243817,-0.342530966,0.242136359,0.242275596,0.939506531],"scale":1,"type":"cable_boom"}
{"ctxid":0,"pos":[-627.260986,449.429993,121.419998],"rotationMatrix":[0.707048297,-0.707165241,0.00013494544,0.664419055,0.664243817,-0.342530966,0.242136359,0.242275596,0.939506531],"scale":1,"type":"cable_boom"}
{"ctxid":0,"pos":[-645.992981,468.161987,123.825996],"rotationMatrix":[0.707048297,-0.707165241,0.00013494544,0.664419055,0.664243817,-0.342530966,0.242136359,0.242275596,0.939506531],"scale":1,"type":"cable_boom"}
{"ctxid":0,"pos":[-926.541992,479.264008,153.891006],"rotationMatrix":[7.46250153e-05,-1,-1.31818524e-05,0.939484,7.46250153e-05,-0.342592776,0.342592776,1.31818524e-05,0.939484],"scale":1,"type":"cable_boom"}
{"ctxid":0,"pos":[-926.541992,449.264008,160.190002],"rotationMatrix":[7.46250153e-05,-1,-1.31818524e-05,0.939484,7.46250153e-05,-0.342592776,0.342592776,1.31818524e-05,0.939484],"scale":1,"type":"cable_boom"}
