{"ctxid":0,"pos":[-1232.51929,2075.84521,68.3327255],"rotationMatrix":[-0.995483696,-0.0949316248,0,0.0949316248,-0.995483696,0,0,0,0.999999881],"scale":0.703157187,"type":"desert_rocks_large_02"}
{"ctxid":0,"pos":[-1242.7384,2061.76489,68.5272446],"rotationMatrix":[0.978211224,0.207611829,0,-0.207611829,0.978211224,0,0,0,0.999999881],"scale":1.24477994,"type":"desert_rocks_large_02"}
{"ctxid":0,"pos":[-1271.61523,2003.38159,70.3312073],"rotationMatrix":[0.532493353,-0.846434116,0,0.846434116,0.532493353,0,0,0,0.999999881],"scale":1.25385821,"type":"desert_rocks_large_02"}
{"ctxid":0,"pos":[-1164.22693,2070.30908,68.7848434],"rotationMatrix":[0.978524327,0.206131086,0,-0.206131086,0.978524327,0,0,0,0.999999881],"scale":0.818361402,"type":"desert_rocks_large_02"}
{"ctxid":0,"pos":[609.950623,1861.93787,70.2076111],"rotationMatrix":[0.127453014,0.991844594,0,-0.991844594,0.127453014,0,0,0,0.999999881],"scale":0.859612942,"type":"desert_rocks_large_02"}
{"ctxid":0,"pos":[563.458069,1957.68848,68.989975],"rotationMatrix":[-0.821808755,-0.569763422,0,0.569763422,-0.821808755,0,0,0,0.999999881],"scale":1.04314756,"type":"desert_rocks_large_02"}
{"ctxid":0,"pos":[547.403809,1946.48438,70.1189499],"rotationMatrix":[0.308469385,0.951234281,0,-0.951234281,0.308469385,0,0,0,0.999999881],"scale":1.16127729,"type":"desert_rocks_large_02"}
{"ctxid":0,"pos":[457.929413,985.439514,70.385788],"rotationMatrix":[-0.462003618,-0.886877954,0,0.886877954,-0.462003618,0,0,0,0.999999881],"scale":0.68305403,"type":"desert_rocks_large_02"}
{"ctxid":0,"pos":[147.301544,847.331482,100.440689],"rotationMatrix":[0.840925932,0.541150212,0,-0.541150212,0.840925932,0,0,0,0.999999881],"scale":0.795398474,"type":"desert_rocks_large_02"}
{"ctxid":0,"pos":[-994.064331,-343.287994,102.997559],"rotationMatrix":[-0.214146763,-0.976801455,0,0.976801455,-0.214146763,0,0,0,0.999999881],"scale":0.811782837,"type":"desert_rocks_large_02"}
{"ctxid":0,"pos":[-991.465637,-348.232849,103.045227],"rotationMatrix":[-0.667573035,0.744544208,0,-0.744544208,-0.667573035,0,0,0,0.999999881],"scale":1.14423966,"type":"desert_rocks_large_02"}
{"ctxid":0,"pos":[561.382996,1881.35205,74.9390488],"rotationMatrix":[-0.998199582,-0.0599788539,0,0.0599788539,-0.998199582,0,0,0,0.999999881],"scale":0.653447866,"type":"desert_rocks_large_02"}
