{"ctxid":0,"pos":[-997.623352,2070.49316,66.7432404],"rotationMatrix":[0.682365596,0.731011093,0,-0.731011093,0.682365596,0,0,0,0.999999881],"scale":1.08767533,"type":"desert_rocks_large_03"}
{"ctxid":0,"pos":[-1022.59399,2067.62646,69.9636307],"rotationMatrix":[0.755484283,0.655166805,0,-0.655166805,0.755484283,0,0,0,0.999999881],"scale":1.13186908,"type":"desert_rocks_large_03"}
{"ctxid":0,"pos":[-1091.94348,2062.87305,68.4025726],"rotationMatrix":[-0.810851693,0.585251331,0,-0.585251331,-0.810851693,0,0,0,0.999999881],"scale":0.770545483,"type":"desert_rocks_large_03"}
{"ctxid":0,"pos":[-1122.83459,2054.79834,69.3081131],"rotationMatrix":[0.991556883,0.129671887,0,-0.129671887,0.991556883,0,0,0,0.999999881],"scale":1.19089401,"type":"desert_rocks_large_03"}
{"ctxid":0,"pos":[-1247.0907,2046.94055,70.3894424],"rotationMatrix":[0.985392034,-0.170300424,0,0.170300424,0.985392034,0,0,0,0.999999881],"scale":0.916384697,"type":"desert_rocks_large_03"}
{"ctxid":0,"pos":[-445.844513,2037.75854,73.3560638],"rotationMatrix":[-0.72535032,-0.688379586,0,0.682792783,-0.719463468,-0.127145261,0.0875242427,-0.092224896,0.991883755],"scale":1.06578326,"type":"desert_rocks_large_03"}
{"ctxid":0,"pos":[613.354065,1893.3457,70.3920288],"rotationMatrix":[-0.256276846,-0.966603339,0,0.966603339,-0.256276846,0,0,0,0.999999881],"scale":0.880433321,"type":"desert_rocks_large_03"}
{"ctxid":0,"pos":[570.933777,1951.49292,69.365654],"rotationMatrix":[-0.651886761,0.7583161,0,-0.7583161,-0.651886761,0,0,0,0.999999881],"scale":0.964311957,"type":"desert_rocks_large_03"}
{"ctxid":0,"pos":[481.271545,1932.73535,69.2412643],"rotationMatrix":[0.572900891,0.819624662,0,-0.819624662,0.572900891,0,0,0,0.999999881],"scale":1.08637655,"type":"desert_rocks_large_03"}
{"ctxid":0,"pos":[624.571289,1935.20056,68.661377],"rotationMatrix":[-0.267611623,0.963526785,0,-0.963526785,-0.267611623,0,0,0,0.999999881],"scale":0.695611119,"type":"desert_rocks_large_03"}
{"ctxid":0,"pos":[144.649277,897.41925,72.0391541],"rotationMatrix":[0.819138587,-0.573595524,0,0.573595524,0.819138587,0,0,0,0.999999881],"scale":0.912168384,"type":"desert_rocks_large_03"}
{"ctxid":0,"pos":[177.285217,909.586304,72.1279755],"rotationMatrix":[-0.999484599,-0.0320993662,0,0.0320993662,-0.999484599,0,0,0,0.999999881],"scale":0.688068748,"type":"desert_rocks_large_03"}
{"ctxid":0,"pos":[468.372101,994.691528,70.3801193],"rotationMatrix":[0.955466688,-0.295098811,0,0.295098811,0.955466688,0,0,0,0.999999881],"scale":1.14218676,"type":"desert_rocks_large_03"}
{"ctxid":0,"pos":[419.53479,972.500488,71.3515625],"rotationMatrix":[-0.270975918,-0.962586105,0,0.962586105,-0.270975918,0,0,0,0.999999881],"scale":1.33698368,"type":"desert_rocks_large_03"}
{"ctxid":0,"pos":[97.4679565,870.3573,72.194664],"rotationMatrix":[0.714441478,-0.699694991,0,0.699694991,0.714441478,0,0,0,0.999999881],"scale":0.739017844,"type":"desert_rocks_large_03"}
{"ctxid":0,"pos":[245.892914,856.939026,101.860794],"rotationMatrix":[0.974293709,0.225281343,0,-0.225281343,0.974293709,0,0,0,0.999999881],"scale":1.25011849,"type":"desert_rocks_large_03"}
{"ctxid":0,"pos":[274.143097,877.006836,104.430176],"rotationMatrix":[0.563867331,0.825865388,0,-0.825865388,0.563867331,0,0,0,0.999999881],"scale":0.825148225,"type":"desert_rocks_large_03"}
{"ctxid":0,"pos":[541.8797,1895.34717,74.8381271],"rotationMatrix":[-0.975773215,0.218784064,0,-0.218784064,-0.975773215,0,0,0,0.999999762],"scale":0.798056781,"type":"desert_rocks_large_03"}
{"ctxid":0,"pos":[411.876251,1878.24231,74.4985809],"rotationMatrix":[-0.965610266,0.259993434,0,-0.259993434,-0.965610266,0,0,0,0.999999762],"scale":0.959186256,"type":"desert_rocks_large_03"}
{"ctxid":0,"pos":[-466.948303,2002.05627,78.5507507],"rotationMatrix":[-0.939406693,-0.342804432,0,0.342804432,-0.939406693,0,0,0,0.999999881],"scale":1.35183656,"type":"desert_rocks_large_03"}
