{"ctxid":0,"pos":[-991.344116,2072.19141,69.0479126],"rotationMatrix":[0.969390273,-0.245524585,0,0.245524585,0.969390273,0,0,0,0.999999881],"scale":0.761566043,"type":"desert_rocks_large_05"}
{"ctxid":0,"pos":[-1030.13928,2075.34155,67.4342194],"rotationMatrix":[0.892633319,-0.450783342,0,0.450783342,0.892633319,0,0,0,0.999999881],"scale":1.28601062,"type":"desert_rocks_large_05"}
{"ctxid":0,"pos":[-1084.54321,2055.37061,68.7694092],"rotationMatrix":[-0.497507155,-0.867459714,0,0.867459714,-0.497507155,0,0,0,0.999999881],"scale":1.08465481,"type":"desert_rocks_large_05"}
{"ctxid":0,"pos":[-1125.69702,2056.84204,69.0040054],"rotationMatrix":[0.697452724,-0.716630697,0,0.716630697,0.697452724,0,0,0,0.999999881],"scale":0.636977017,"type":"desert_rocks_large_05"}
{"ctxid":0,"pos":[-1287.92261,1984.78015,70.1703873],"rotationMatrix":[0.790272772,0.612755239,0,-0.612755239,0.790272772,0,0,0,0.999999881],"scale":1.20444536,"type":"desert_rocks_large_05"}
{"ctxid":0,"pos":[-480.427368,2037.70911,71.8874054],"rotationMatrix":[0.644908488,0.764259815,0,-0.764259815,0.644908488,0,0,0,0.999999881],"scale":0.669317305,"type":"desert_rocks_large_05"}
{"ctxid":0,"pos":[530.962524,1951.63696,69.2710419],"rotationMatrix":[0.611968756,0.790881932,0,-0.790881932,0.611968756,0,0,0,0.999999881],"scale":0.840670884,"type":"desert_rocks_large_05"}
{"ctxid":0,"pos":[636.285156,1911.43506,68.8656693],"rotationMatrix":[-0.0131196221,0.999913871,0,-0.999913871,-0.0131196221,0,0,0,0.999999881],"scale":1.13626122,"type":"desert_rocks_large_05"}
{"ctxid":0,"pos":[299.674469,957.906311,72.0148849],"rotationMatrix":[0.591066658,-0.806622684,0,0.806622684,0.591066658,0,0,0,0.999999881],"scale":0.710999191,"type":"desert_rocks_large_05"}
{"ctxid":0,"pos":[444.771393,977.150635,71.4576797],"rotationMatrix":[0.2273857,0.973804772,0,-0.973804772,0.2273857,0,0,0,0.999999881],"scale":0.981232643,"type":"desert_rocks_large_05"}
{"ctxid":0,"pos":[221.167557,837.892212,101.106544],"rotationMatrix":[-0.247154772,-0.968976021,0,0.968976021,-0.247154772,0,0,0,0.999999881],"scale":0.945084214,"type":"desert_rocks_large_05"}
{"ctxid":0,"pos":[-988.027283,-345.738708,102.872543],"rotationMatrix":[-0.970106959,-0.24267754,0,0.24267754,-0.970106959,0,0,0,0.999999881],"scale":0.753191829,"type":"desert_rocks_large_05"}
{"ctxid":0,"pos":[543.470337,1916.729,74.827179],"rotationMatrix":[-0.943698049,0.330808043,0,-0.330808043,-0.943698049,0,0,0,0.999999881],"scale":1.36629379,"type":"desert_rocks_large_05"}
{"ctxid":0,"pos":[559.081482,1878.22729,74.8603363],"rotationMatrix":[0.99919045,-0.0402275063,0,0.0402275063,0.99919045,0,0,0,0.999999881],"scale":1.12691355,"type":"desert_rocks_large_05"}
{"ctxid":0,"pos":[523.734802,1916.49512,75.010437],"rotationMatrix":[-0.516900659,0.856045187,0,-0.856045187,-0.516900659,0,0,0,0.999999881],"scale":0.851145387,"type":"desert_rocks_large_05"}
