{"ctxid":0,"pos":[-1053.73291,2067.56396,69.3685989],"rotationMatrix":[0.189784274,-0.98182565,0,0.98182565,0.189784274,0,0,0,0.999999881],"scale":1.27358198,"type":"desert_rocks_large_04"}
{"ctxid":0,"pos":[-1064.32434,2059.46655,70.1391373],"rotationMatrix":[0.497781038,-0.867302597,0,0.867302597,0.497781038,0,0,0,0.999999881],"scale":1.12242484,"type":"desert_rocks_large_04"}
{"ctxid":0,"pos":[-1110.07544,2052.53369,70.149437],"rotationMatrix":[0.719787538,-0.694194317,0,0.694194317,0.719787538,0,0,0,0.999999881],"scale":0.763052881,"type":"desert_rocks_large_04"}
{"ctxid":0,"pos":[-1189.66211,2052.86133,67.1371002],"rotationMatrix":[0.687963367,-0.725745261,0,0.725745261,0.687963367,0,0,0,0.999999881],"scale":1.19631016,"type":"desert_rocks_large_04"}
{"ctxid":0,"pos":[-1257.58228,2037.30518,69.1300201],"rotationMatrix":[0.862958133,-0.50527513,0,0.50527513,0.862958133,0,0,0,0.999999881],"scale":1.30635631,"type":"desert_rocks_large_04"}
{"ctxid":0,"pos":[-477.690521,2035.6864,71.9154434],"rotationMatrix":[0.213082656,0.977034152,0,-0.977034152,0.213082656,0,0,0,0.999999881],"scale":0.803078055,"type":"desert_rocks_large_04"}
{"ctxid":0,"pos":[621.682922,1899.802,70.0193253],"rotationMatrix":[0.939802527,0.341717869,0,-0.341717869,0.939802527,0,0,0,0.999999881],"scale":1.1325134,"type":"desert_rocks_large_04"}
{"ctxid":0,"pos":[616.310242,1916.24792,69.7683029],"rotationMatrix":[-0.79981041,-0.600252748,0,0.600252748,-0.79981041,0,0,0,0.999999881],"scale":0.757242084,"type":"desert_rocks_large_04"}
{"ctxid":0,"pos":[597.821716,1932.56885,69.7153778],"rotationMatrix":[-0.379118353,0.925348043,0,-0.925348043,-0.379118353,0,0,0,0.999999881],"scale":1.36115241,"type":"desert_rocks_large_04"}
{"ctxid":0,"pos":[585.411377,1946.86182,69.5560913],"rotationMatrix":[0.799288511,0.60094744,0,-0.60094744,0.799288511,0,0,0,0.999999881],"scale":1.10270619,"type":"desert_rocks_large_04"}
{"ctxid":0,"pos":[537.446533,1956.1062,68.9609299],"rotationMatrix":[-0.972104847,-0.234546632,0,0.234546632,-0.972104847,0,0,0,0.999999881],"scale":1.27746212,"type":"desert_rocks_large_04"}
{"ctxid":0,"pos":[476.117584,1933.19202,69.1982117],"rotationMatrix":[0.983080208,0.183175221,0,-0.183175221,0.983080208,0,0,0,0.999999881],"scale":1.06602955,"type":"desert_rocks_large_04"}
{"ctxid":0,"pos":[629.390503,1917.88708,69.1513519],"rotationMatrix":[-0.912399054,-0.409301788,0,0.409301788,-0.912399054,0,0,0,0.999999881],"scale":1.2655741,"type":"desert_rocks_large_04"}
{"ctxid":0,"pos":[146.519241,894.221313,72.0496979],"rotationMatrix":[0.630628943,-0.776084363,0,0.776084363,0.630628943,0,0,0,0.999999881],"scale":0.6696105,"type":"desert_rocks_large_04"}
{"ctxid":0,"pos":[447.305115,981.418152,70.6043701],"rotationMatrix":[-0.75234884,0.65876478,0,-0.65876478,-0.75234884,0,0,0,0.999999881],"scale":1.26583397,"type":"desert_rocks_large_04"}
{"ctxid":0,"pos":[430.339417,977.040527,70.8330154],"rotationMatrix":[0.884882152,-0.465814799,0,0.465814799,0.884882152,0,0,0,0.999999881],"scale":0.973051548,"type":"desert_rocks_large_04"}
{"ctxid":0,"pos":[460.198395,989.0177,69.91745],"rotationMatrix":[0.0189089775,0.999821126,0,-0.999821126,0.0189089775,0,0,0,0.999999881],"scale":0.83306694,"type":"desert_rocks_large_04"}
{"ctxid":0,"pos":[100.55899,940.654053,71.10392],"rotationMatrix":[-0.00522736646,0.999986231,0,-0.999986231,-0.00522736646,0,0,0,0.999999881],"scale":1.08261085,"type":"desert_rocks_large_04"}
{"ctxid":0,"pos":[226.722885,839.418579,101.175476],"rotationMatrix":[0.0893977508,-0.995995939,0,0.995995939,0.0893977508,0,0,0,0.999999881],"scale":0.654818356,"type":"desert_rocks_large_04"}
{"ctxid":0,"pos":[268.479553,873.773499,102.090706],"rotationMatrix":[-0.502275825,0.864707291,0,-0.864707291,-0.502275825,0,0,0,0.999999881],"scale":0.917249441,"type":"desert_rocks_large_04"}
