{"ctxid":0,"pos":[-1037.76331,2070.9939,68.7935791],"rotationMatrix":[-0.351464957,-0.936200917,0,0.936200917,-0.351464957,0,0,0,0.999999881],"scale":0.68149811,"type":"desert_rocks_large_07"}
{"ctxid":0,"pos":[-1067.1344,2065.91016,68.8546295],"rotationMatrix":[0.916683435,0.399614155,0,-0.399614155,0.916683435,0,0,0,0.999999881],"scale":0.909483075,"type":"desert_rocks_large_07"}
{"ctxid":0,"pos":[-1189.82739,2046.94031,67.537468],"rotationMatrix":[0.635466695,-0.772128165,0,0.772128165,0.635466695,0,0,0,0.999999881],"scale":1.29498243,"type":"desert_rocks_large_07"}
{"ctxid":0,"pos":[612.361877,1921.5553,69.7503662],"rotationMatrix":[0.973240733,0.229787648,0,-0.229787648,0.973240733,0,0,0,0.999999881],"scale":1.33349156,"type":"desert_rocks_large_07"}
{"ctxid":0,"pos":[295.777252,961.762024,71.443161],"rotationMatrix":[0.821417391,-0.570327342,0,0.570327342,0.821417391,0,0,0,0.999999881],"scale":1.18827569,"type":"desert_rocks_large_07"}
{"ctxid":0,"pos":[145.404144,900.382874,72.0099258],"rotationMatrix":[-0.621583283,0.783347845,0,-0.783347845,-0.621583283,0,0,0,0.999999881],"scale":0.632656693,"type":"desert_rocks_large_07"}
{"ctxid":0,"pos":[464.309326,989.962158,70.4739227],"rotationMatrix":[-0.95644778,-0.291902989,0,0.291902989,-0.95644778,0,0,0,0.999999881],"scale":0.746485353,"type":"desert_rocks_large_07"}
{"ctxid":0,"pos":[434.500458,976.426453,70.9713135],"rotationMatrix":[0.202387825,0.979305387,0,-0.979305387,0.202387825,0,0,0,0.999999881],"scale":0.912415266,"type":"desert_rocks_large_07"}
{"ctxid":0,"pos":[483.931885,1004.00146,68.5456696],"rotationMatrix":[-0.711022317,0.703169167,0,-0.703169167,-0.711022317,0,0,0,0.999999881],"scale":1.13972497,"type":"desert_rocks_large_07"}
{"ctxid":0,"pos":[402.612701,971.533203,70.9601364],"rotationMatrix":[0.637793839,0.770207107,0,-0.770207107,0.637793839,0,0,0,0.999999881],"scale":0.655995727,"type":"desert_rocks_large_07"}
{"ctxid":0,"pos":[98.7004547,896.881653,71.7438736],"rotationMatrix":[-0.0475073606,-0.99887079,0,0.99887079,-0.0475073606,0,0,0,0.999999881],"scale":0.827934623,"type":"desert_rocks_large_07"}
{"ctxid":0,"pos":[106.592575,823.544861,101.04528],"rotationMatrix":[0.999809206,-0.0195301007,0,0.0195301007,0.999809206,0,0,0,0.999999881],"scale":1.42121708,"type":"desert_rocks_large_07"}
{"ctxid":0,"pos":[137.998154,840.870422,100.29982],"rotationMatrix":[-0.734718621,0.678371727,0,-0.678371727,-0.734718621,0,0,0,0.999999881],"scale":0.637709737,"type":"desert_rocks_large_07"}
{"ctxid":0,"pos":[207.66954,855.563354,106.378571],"rotationMatrix":[-0.48056525,-0.876958787,0,0.876958787,-0.48056525,0,0,0,0.999999881],"scale":1.25496125,"type":"desert_rocks_large_07"}
{"ctxid":0,"pos":[198.538574,857.897217,105.054581],"rotationMatrix":[-0.712899745,0.701265872,0,-0.701265872,-0.712899745,0,0,0,0.999999881],"scale":0.755385041,"type":"desert_rocks_large_07"}
{"ctxid":0,"pos":[255.810059,863.74231,101.411507],"rotationMatrix":[0.676177204,0.73673898,0,-0.73673898,0.676177204,0,0,0,0.999999881],"scale":0.803707123,"type":"desert_rocks_large_07"}
{"ctxid":0,"pos":[516.167908,1920.92432,74.8014526],"rotationMatrix":[0.97732079,-0.211763799,0,0.211763799,0.97732079,0,0,0,0.999999762],"scale":1.19363582,"type":"desert_rocks_large_07"}
