{"ctxid":0,"pos":[-1219.08459,2081.54199,69.5382233],"rotationMatrix":[0.387709856,0.92178148,0,-0.92178148,0.387709856,0,0,0,0.999999881],"scale":1.19688523,"type":"desert_rocks_large_06"}
{"ctxid":0,"pos":[-1320.44385,1942.52295,70.356308],"rotationMatrix":[0.417463601,-0.908693612,0,0.908693612,0.417463601,0,0,0,0.999999881],"scale":1.23866594,"type":"desert_rocks_large_06"}
{"ctxid":0,"pos":[-1314.53967,1951.18262,70.4151154],"rotationMatrix":[0.582248449,0.813010871,0,-0.813010871,0.582248449,0,0,0,0.999999881],"scale":0.899749517,"type":"desert_rocks_large_06"}
{"ctxid":0,"pos":[-1306.71277,1968.17822,69.3523407],"rotationMatrix":[0.582345724,0.812941253,0,-0.812941253,0.582345724,0,0,0,0.999999881],"scale":0.987686396,"type":"desert_rocks_large_06"}
{"ctxid":0,"pos":[-1286.94604,1988.89673,69.6589508],"rotationMatrix":[-0.417144805,0.908839881,0,-0.908839881,-0.417144805,0,0,0,0.999999881],"scale":0.750567377,"type":"desert_rocks_large_06"}
{"ctxid":0,"pos":[-1269.65173,2014.27686,69.7401962],"rotationMatrix":[-0.913046658,-0.407854885,0,0.407854885,-0.913046658,0,0,0,0.999999881],"scale":1.00116491,"type":"desert_rocks_large_06"}
{"ctxid":0,"pos":[-1260.25171,2029.42615,69.3367538],"rotationMatrix":[-0.994832575,-0.101529017,0,0.101529017,-0.994832575,0,0,0,0.999999881],"scale":0.997514069,"type":"desert_rocks_large_06"}
{"ctxid":0,"pos":[-1183.08936,2045.94556,71.0382462],"rotationMatrix":[0.0614848025,0.99810797,0,-0.99810797,0.0614848025,0,0,0,0.999999881],"scale":0.707815051,"type":"desert_rocks_large_06"}
{"ctxid":0,"pos":[614.87207,1876.96558,70.2567444],"rotationMatrix":[0.0102038356,0.999947846,0,-0.999947846,0.0102038356,0,0,0,0.999999881],"scale":1.28934062,"type":"desert_rocks_large_06"}
{"ctxid":0,"pos":[606.726074,1933.16431,69.5201416],"rotationMatrix":[0.620882988,0.783903241,0,-0.783903241,0.620882988,0,0,0,0.999999881],"scale":1.20646298,"type":"desert_rocks_large_06"}
{"ctxid":0,"pos":[508.450439,1948.37561,69.0951462],"rotationMatrix":[-0.980955303,-0.19423297,0,0.19423297,-0.980955303,0,0,0,0.999999881],"scale":1.16464067,"type":"desert_rocks_large_06"}
{"ctxid":0,"pos":[177.068375,905.714294,71.965744],"rotationMatrix":[-0.649872184,-0.760043323,0,0.760043323,-0.649872184,0,0,0,0.999999881],"scale":1.02977026,"type":"desert_rocks_large_06"}
{"ctxid":0,"pos":[70.4633636,944.539551,71.6881027],"rotationMatrix":[0.568219662,-0.822876751,0,0.822876751,0.568219662,0,0,0,0.999999881],"scale":1.10237026,"type":"desert_rocks_large_06"}
{"ctxid":0,"pos":[532.988403,1914.62231,75.6684418],"rotationMatrix":[-0.978106081,-0.208106026,0,0.208106026,-0.978106081,0,0,0,0.999999762],"scale":1.1507237,"type":"desert_rocks_large_06"}
{"ctxid":0,"pos":[543.085632,1912.11719,74.8897247],"rotationMatrix":[0.796137273,0.605116069,0,-0.605116069,0.796137273,0,0,0,0.999999881],"scale":1.01479959,"type":"desert_rocks_large_06"}
{"ctxid":0,"pos":[531.407166,1921.14294,74.9175262],"rotationMatrix":[0.697234035,0.716843545,0,-0.716843545,0.697234035,0,0,0,0.999999881],"scale":0.780240953,"type":"desert_rocks_large_06"}
