{"ctxid":0,"pos":[-481.445038,2008.35645,79.0807953],"rotationMatrix":[-0.993429482,0.11444319,0,-0.108964168,-0.945868492,0.305710912,0.0349865444,0.303702295,0.95212388],"scale":1,"type":"eca_rock_big_narrow"}
{"ctxid":1,"pos":[-542.472107,1986.14929,79.5599899],"rotationMatrix":[-0.917858958,-0.396906108,0,0.396906108,-0.917858958,0,0,0,0.999999762],"scale":1,"type":"eca_rock_big_narrow"}
