{"ctxid":0,"pos":[-424.578186,161.016571,101.121346],"rotationMatrix":[-0.903457582,0.428677231,0,-0.428640306,-0.903379798,-0.0131256552,-0.00562667055,-0.0118584745,0.999913752],"scale":1,"type":"featherflag_ibishu"}
{"ctxid":0,"pos":[74.4495392,50.8713951,120.726074],"rotationMatrix":[0.507203698,-0.861826003,0,0.861826003,0.507203698,0,0,0,1],"scale":1,"type":"featherflag_ibishu"}
{"ctxid":0,"pos":[86.1829376,34.7896729,120.69297],"rotationMatrix":[-0.57815367,0.815927863,0,-0.815927863,-0.57815367,0,0,0,1],"scale":1,"type":"featherflag_ibishu"}
{"ctxid":0,"pos":[-708.566956,829.156433,74.8771973],"rotationMatrix":[0.669604361,0.742718041,0,-0.742718041,0.669604361,0,0,0,1],"scale":1,"type":"featherflag_ibishu"}
{"ctxid":0,"pos":[-405.902863,153.045593,100.979828],"rotationMatrix":[-0.838213623,0.545137465,-0.0149016473,-0.545197964,-0.838306725,0,-0.0124921547,0.00812435057,0.999888599],"scale":1,"type":"featherflag_ibishu"}
{"ctxid":0,"pos":[537.499512,-21.4564495,147.332672],"rotationMatrix":[0.960785747,0.277291894,0,-0.277291894,0.960785747,0,0,0,1],"scale":1,"type":"featherflag_ibishu"}
