{"ctxid":0,"pos":[-237.649994,-366.877991,122.785004],"rotationMatrix":[-0.519721746,-0.854335606,0,0.854335606,-0.519721746,0,0,0,1],"scale":1,"type":"featherflag_gavril"}
{"ctxid":0,"pos":[-187.945999,-393.898987,123.375],"rotationMatrix":[-0.519721746,-0.854335606,0,0.854335606,-0.519721746,0,0,0,1],"scale":1,"type":"featherflag_gavril"}
{"ctxid":0,"pos":[-203.473999,-385.450012,123.166],"rotationMatrix":[-0.519721746,-0.854335606,0,0.854335606,-0.519721746,0,0,0,1],"scale":1,"type":"featherflag_gavril"}
{"ctxid":0,"pos":[-217.936005,-377.609985,122.792],"rotationMatrix":[-0.519721746,-0.854335606,0,0.854335606,-0.519721746,0,0,0,1],"scale":1,"type":"featherflag_gavril"}
{"ctxid":0,"pos":[-254.639008,-354.821014,122.612],"rotationMatrix":[-0.681044579,-0.732241929,0,0.732241929,-0.681044579,0,0,0,1],"scale":1,"type":"featherflag_gavril"}
{"ctxid":0,"pos":[-421.07901,169.442856,101.593231],"rotationMatrix":[-0.893322289,0.44907847,0.0174288973,-0.449146688,-0.893457949,0,0.0155719863,-0.00782813132,0.999848008],"scale":1,"type":"featherflag_gavril"}
{"ctxid":0,"pos":[-726.028992,845.455017,75.3638992],"rotationMatrix":[0.715591192,0.698519349,0,-0.698519349,0.715591192,0,0,0,1],"scale":1,"type":"featherflag_gavril"}
{"ctxid":0,"pos":[781.312988,-76.8600006,147.434006],"rotationMatrix":[0.689527988,-0.724259019,0,0.724259019,0.689527988,0,0,0,1],"scale":1,"type":"featherflag_gavril"}
{"ctxid":0,"pos":[761.419006,-95.8692017,147.554001],"rotationMatrix":[0.724272609,-0.689513743,0,0.689513743,0.724272609,0,0,0,1],"scale":1,"type":"featherflag_gavril"}
{"ctxid":0,"pos":[799.664978,-93.8394012,148.041],"rotationMatrix":[-0.750320554,0.661074162,0,-0.661074162,-0.750320554,0,0,0,1],"scale":1,"type":"featherflag_gavril"}
{"ctxid":0,"pos":[780.515991,-113.598999,148.003998],"rotationMatrix":[-0.716804624,0.697274089,0,-0.697274089,-0.716804624,0,0,0,1],"scale":1,"type":"featherflag_gavril"}
{"ctxid":0,"pos":[761.242981,-133.145004,147.914001],"rotationMatrix":[-0.696850538,0.717216372,0,-0.717216372,-0.696850538,0,0,0,1],"scale":1,"type":"featherflag_gavril"}
{"ctxid":0,"pos":[732.901001,-161.029999,147.820007],"rotationMatrix":[-0.727197051,0.686428785,0,-0.686428785,-0.727197051,0,0,0,1],"scale":1,"type":"featherflag_gavril"}
{"ctxid":0,"pos":[250.352005,-212.842194,139.473007],"rotationMatrix":[-0.271055698,-0.962563694,0,0.962563694,-0.271055698,0,0,0,1],"scale":1,"type":"featherflag_gavril"}
{"ctxid":0,"pos":[154.518005,-186.60434,129.901993],"rotationMatrix":[-0.339557171,-0.940585434,0,0.940585434,-0.339557171,0,0,0,1],"scale":1,"type":"featherflag_gavril"}
{"ctxid":0,"pos":[198.759995,-198.905457,135.009995],"rotationMatrix":[-0.295727968,-0.955272198,0,0.955272198,-0.295727968,0,0,0,1],"scale":1,"type":"featherflag_gavril"}
{"ctxid":0,"pos":[112.780998,-174.750076,126.359001],"rotationMatrix":[-0.377468109,-0.926022589,0,0.926022589,-0.377468109,0,0,0,1],"scale":1,"type":"featherflag_gavril"}
{"ctxid":0,"pos":[625.155029,549.924988,121.226997],"rotationMatrix":[-0.770962,0.636881173,0,-0.636881173,-0.770962,0,0,0,1],"scale":1,"type":"featherflag_gavril"}
{"ctxid":0,"pos":[610.388,534.017029,122.482002],"rotationMatrix":[-0.770962,0.636881173,0,-0.636881173,-0.770962,0,0,0,1],"scale":1,"type":"featherflag_gavril"}
{"ctxid":0,"pos":[594.176025,516.357971,123.920998],"rotationMatrix":[-0.770962,0.636881173,0,-0.636881173,-0.770962,0,0,0,1],"scale":1,"type":"featherflag_gavril"}
{"ctxid":0,"pos":[601.52301,569.232971,121.732002],"rotationMatrix":[0.771106243,-0.636706471,0,0.636706471,0.771106243,0,0,0,1],"scale":1,"type":"featherflag_gavril"}
{"ctxid":0,"pos":[585.310974,551.573975,122.997002],"rotationMatrix":[0.771106243,-0.636706471,0,0.636706471,0.771106243,0,0,0,1],"scale":1,"type":"featherflag_gavril"}
{"ctxid":0,"pos":[570.544006,535.666016,124.014999],"rotationMatrix":[0.771106243,-0.636706471,0,0.636706471,0.771106243,0,0,0,1],"scale":1,"type":"featherflag_gavril"}
{"ctxid":0,"pos":[783.302002,281.226013,161.737],"rotationMatrix":[0.840387583,0.541985869,0,-0.541985869,0.840387583,0,0,0,1],"scale":1,"type":"featherflag_gavril"}
{"ctxid":0,"pos":[773.343018,303.743011,161.373993],"rotationMatrix":[0.949374437,0.314146757,0,-0.314146757,0.949374437,0,0,0,1],"scale":1,"type":"featherflag_gavril"}
{"ctxid":0,"pos":[771.630981,322.898987,160.602997],"rotationMatrix":[0.987863183,-0.15532653,0,0.15532653,0.987863183,0,0,0,1],"scale":1,"type":"featherflag_gavril"}
{"ctxid":0,"pos":[776.895996,337.868988,159.496002],"rotationMatrix":[0.90320003,-0.429219872,0,0.429219872,0.90320003,0,0,0,1],"scale":1,"type":"featherflag_gavril"}
{"ctxid":0,"pos":[-391.803619,163.799362,101.401665],"rotationMatrix":[-0.669103086,0.742648959,0.0278067049,-0.742936194,-0.669361889,0,0.0186127536,-0.0206586141,0.999612987],"scale":1,"type":"featherflag_gavril"}
{"ctxid":0,"pos":[537.383423,-50.4476967,147.330109],"rotationMatrix":[0.997857213,-0.0654267967,0,0.0654267967,0.997857213,0,0,0,0.999999881],"scale":1,"type":"featherflag_gavril"}
{"ctxid":1,"pos":[109.637001,155.964813,120.756226],"rotationMatrix":[-0.811355889,0.58439064,-0.0137219867,-0.584445596,-0.811432242,0,-0.011134468,0.00801975932,0.999905288],"scale":1,"type":"featherflag_gavril"}
{"ctxid":1,"pos":[81.0499802,85.7190933,120.389],"rotationMatrix":[0.614733577,-0.788734853,0,0.788734853,0.614733577,0,0,0,1],"scale":1,"type":"featherflag_gavril"}
{"ctxid":1,"pos":[37.6828423,106.202042,120.979218],"rotationMatrix":[-0.811355889,0.58439064,-0.0137219867,-0.584445596,-0.811432242,0,-0.011134468,0.00801975932,0.999905288],"scale":1,"type":"featherflag_gavril"}
{"ctxid":1,"pos":[254.000305,240.42424,120.766693],"rotationMatrix":[-0.811096191,0.584203601,-0.0287780762,-0.584445536,-0.811432183,0,-0.0233514681,0.0168192275,0.999585152],"scale":1,"type":"featherflag_gavril"}
