{"ctxid":0,"pos":[-418.02774,176.637466,101.604416],"rotationMatrix":[-0.961306989,0.275304019,0.0097894147,-0.275318384,-0.961352706,-0.000133847832,0.00937423576,-0.00282387738,0.999951601],"scale":1,"type":"featherflag_bruckell"}
{"ctxid":0,"pos":[-116.756683,-86.8467865,120.81852],"rotationMatrix":[-0.545935273,0.837827206,0,-0.837827206,-0.545935273,0,0,0,0.999999881],"scale":1,"type":"featherflag_bruckell"}
{"ctxid":0,"pos":[-105.04261,-103.350441,120.745232],"rotationMatrix":[-0.500755847,0.865588605,0,-0.865588605,-0.500755847,0,0,0,1],"scale":1,"type":"featherflag_bruckell"}
{"ctxid":1,"pos":[106.232483,153.982346,120.537743],"rotationMatrix":[-0.917800367,0.397040486,0,-0.396955192,-0.917603195,0.0207251906,0.00822874811,0.0190216061,0.99978435],"scale":1,"type":"featherflag_bruckell"}
{"ctxid":1,"pos":[-197.716919,-250.061111,120.153381],"rotationMatrix":[-0.40481174,0.914399862,0,-0.914399862,-0.40481174,0,0,0,0.999999762],"scale":1,"type":"featherflag_bruckell"}
{"ctxid":1,"pos":[-23.921627,-44.7882614,120.739212],"rotationMatrix":[-0.500755847,0.865588605,0,-0.865588605,-0.500755847,0,0,0,1],"scale":1,"type":"featherflag_bruckell"}
{"ctxid":1,"pos":[-35.2255173,-27.959671,120.803047],"rotationMatrix":[-0.545935273,0.837827206,0,-0.837827206,-0.545935273,0,0,0,0.999999881],"scale":1,"type":"featherflag_bruckell"}
{"ctxid":1,"pos":[34.2759399,104.227028,121.374786],"rotationMatrix":[-0.917800367,0.397040486,0,-0.396955192,-0.917603195,0.0207251906,0.00822874811,0.0190216061,0.99978435],"scale":1,"type":"featherflag_bruckell"}
{"ctxid":1,"pos":[346.191315,3.08393192,131.026245],"rotationMatrix":[0.0612231493,0.997932911,-0.0194902718,-0.998089314,0.0613704026,0.00704717869,0.00822874624,0.0190216023,0.999784112],"scale":1,"type":"featherflag_bruckell"}
{"ctxid":1,"pos":[182.773163,-31.2860336,128.79953],"rotationMatrix":[0.0612231493,0.997932911,-0.0194902718,-0.998089314,0.0613704026,0.00704717869,0.00822874624,0.0190216023,0.999784112],"scale":1,"type":"featherflag_bruckell"}
{"ctxid":1,"pos":[178.087173,-34.1494713,128.7957],"rotationMatrix":[-0.544285417,0.838820398,-0.0114793945,-0.838858545,-0.544074059,0.0172556322,0.00822874531,0.0190216005,0.999783993],"scale":1,"type":"featherflag_bruckell"}
