{"ctxid":0,"pos":[874.184021,-535.451599,165.152634],"rotationMatrix":[-0.985942543,0.167084515,0,-0.167084515,-0.985942543,0,0,0,1],"scale":1,"type":"featherflag_repair"}
{"ctxid":0,"pos":[874.454529,-522.565125,164.224121],"rotationMatrix":[0.912522078,0.408414662,-0.0223722998,-0.408484161,0.912763834,0.0015802203,0.0210660137,0.00769674499,0.999748468],"scale":1,"type":"featherflag_repair"}
{"ctxid":0,"pos":[-77.7765884,4.22401905,121.026924],"rotationMatrix":[-0.504789948,0.863187253,0.00971447304,-0.863228023,-0.504813731,0,0.00490400009,-0.00838580634,0.999952555],"scale":1,"type":"featherflag_repair"}
{"ctxid":0,"pos":[-614.427612,97.850975,105.446754],"rotationMatrix":[0.782155812,-0.623082936,0,0.623082936,0.782155812,0,0,0,1],"scale":1,"type":"featherflag_repair"}
{"ctxid":0,"pos":[321.682404,-190.769699,145.195938],"rotationMatrix":[0.723861575,-0.689945102,0,0.689945102,0.723861575,0,0,0,1],"scale":1,"type":"featherflag_repair"}
{"ctxid":0,"pos":[141.244766,785.249573,102.05262],"rotationMatrix":[-0.652552187,0.757743478,0,-0.757743478,-0.652552187,0,0,0,1],"scale":1,"type":"featherflag_repair"}
{"ctxid":0,"pos":[163.190292,785.745178,102.038239],"rotationMatrix":[0.999319732,-0.0368770584,0,0.0368770584,0.999319732,0,0,0,1],"scale":1,"type":"featherflag_repair"}
{"ctxid":0,"pos":[-85.0404892,-2.38206315,121.149391],"rotationMatrix":[-0.800754726,0.598945856,0.00745346118,-0.598962426,-0.800776899,0,0.00596856046,-0.00446434412,0.999972045],"scale":1,"type":"featherflag_repair"}
{"ctxid":0,"pos":[-68.6702194,13.049943,121.149391],"rotationMatrix":[-0.659948647,0.750576437,-0.0332065672,-0.75099057,-0.660312772,0,-0.0219267197,0.0249378178,0.999448419],"scale":1,"type":"featherflag_repair"}
{"ctxid":0,"pos":[895.638184,-499.496887,164.206894],"rotationMatrix":[-0.481233716,-0.876306593,-0.0223722961,0.876507938,-0.481384516,0.00158021983,-0.0121544376,-0.018849045,0.99974823],"scale":1,"type":"featherflag_repair"}
{"ctxid":0,"pos":[906.660889,-502.057556,164.206894],"rotationMatrix":[0.362783194,0.931604743,-0.0223722961,-0.931823909,0.362906456,0.00158021983,0.00959119387,0.0202737693,0.99974823],"scale":1,"type":"featherflag_repair"}
{"ctxid":0,"pos":[929.836914,-515.604309,164.593948],"rotationMatrix":[0.999338508,-0.0286664665,-0.0223722942,0.0287088752,0.999586403,0.0015802196,0.0223177504,-0.00222145859,0.999748111],"scale":1,"type":"featherflag_repair"}
{"ctxid":0,"pos":[928.98999,-531.352722,165.525604],"rotationMatrix":[0.999338508,-0.0286664665,-0.0223722942,0.0287088752,0.999586403,0.0015802196,0.0223177504,-0.00222145859,0.999748111],"scale":1,"type":"featherflag_repair"}
