{"ctxid":0,"pos":[-94.3323975,-481.234009,126.288002],"rotationMatrix":[0.939934254,0.341355532,0,-0.341355532,0.939934254,0,0,0,1],"scale":1,"type":"featherflag_beamng"}
{"ctxid":0,"pos":[-68.5149002,-551.010986,130.056],"rotationMatrix":[0.939934254,0.341355532,0,-0.341355532,0.939934254,0,0,0,1],"scale":1,"type":"featherflag_beamng"}
{"ctxid":0,"pos":[-87.086998,-500.803986,127.434998],"rotationMatrix":[0.939934254,0.341355532,0,-0.341355532,0.939934254,0,0,0,1],"scale":1,"type":"featherflag_beamng"}
{"ctxid":0,"pos":[-74.9684982,-534.429016,129.169006],"rotationMatrix":[0.939934254,0.341355532,0,-0.341355532,0.939934254,0,0,0,1],"scale":1,"type":"featherflag_beamng"}
{"ctxid":0,"pos":[-80.9918976,-517.757019,128.197998],"rotationMatrix":[0.939934254,0.341355532,0,-0.341355532,0.939934254,0,0,0,1],"scale":1,"type":"featherflag_beamng"}
{"ctxid":1,"pos":[-94.2043533,-562.478149,135.955597],"rotationMatrix":[0.939934254,0.341355532,0,-0.341355532,0.939934254,0,0,0,1],"scale":1,"type":"featherflag_beamng"}
{"ctxid":1,"pos":[-87.0647354,-570.797058,136.314545],"rotationMatrix":[0.939934254,0.341355532,0,-0.341355532,0.939934254,0,0,0,1],"scale":1,"type":"featherflag_beamng"}
{"ctxid":1,"pos":[-103.676132,-552.580261,134.367264],"rotationMatrix":[0.939934254,0.341355532,0,-0.341355532,0.939934254,0,0,0,1],"scale":1,"type":"featherflag_beamng"}
{"ctxid":1,"pos":[-111.890266,-544.234253,132.394424],"rotationMatrix":[0.939934254,0.341355532,0,-0.341355532,0.939934254,0,0,0,1],"scale":1,"type":"featherflag_beamng"}
