{"ctxid":0,"pos":[-418.02774,176.637466,101.604416],"rotationMatrix":[-0.961306989,0.275304019,0.0097894147,-0.275318384,-0.961352706,-0.000133847832,0.00937423576,-0.00282387738,0.999951601],"scale":1,"type":"featherflag_bruckell"}
{"ctxid":0,"pos":[-145.508987,-108.398079,120.796211],"rotationMatrix":[-0.634863198,0.772624254,0,-0.772624254,-0.634863198,0,0,0,0.999999881],"scale":1,"type":"featherflag_bruckell"}
{"ctxid":0,"pos":[-113.878899,-85.4977112,120.816864],"rotationMatrix":[-0.545935273,0.837827206,0,-0.837827206,-0.545935273,0,0,0,0.999999881],"scale":1,"type":"featherflag_bruckell"}
{"ctxid":0,"pos":[-101.8106,-101.056702,120.733673],"rotationMatrix":[-0.500755847,0.865588605,0,-0.865588605,-0.500755847,0,0,0,1],"scale":1,"type":"featherflag_bruckell"}
{"ctxid":0,"pos":[-134.135574,-124.340607,120.775948],"rotationMatrix":[-0.577539027,0.816363037,0,-0.816363037,-0.577539027,0,0,0,1],"scale":1,"type":"featherflag_bruckell"}
{"ctxid":1,"pos":[63.3907928,109.533195,119.719749],"rotationMatrix":[0.675014257,-0.735861242,0.0535120592,0.736917078,0.675982773,0,-0.0361732394,0.0394339599,0.998566866],"scale":1,"type":"featherflag_bruckell"}
{"ctxid":1,"pos":[106.232483,153.982346,120.537743],"rotationMatrix":[-0.917800367,0.397040486,0,-0.396955192,-0.917603195,0.0207251906,0.00822874811,0.0190216061,0.99978435],"scale":1,"type":"featherflag_bruckell"}
