{"ctxid":0,"pos":[-424.578186,161.016571,101.121346],"rotationMatrix":[-0.903457582,0.428677231,0,-0.428640306,-0.903379798,-0.0131256552,-0.00562667055,-0.0118584745,0.999913752],"scale":1,"type":"featherflag_ibishu"}
{"ctxid":0,"pos":[199.64769,118.261345,121.0289],"rotationMatrix":[-0.596889257,0.802323341,0,-0.802323341,-0.596889257,0,0,0,0.999999762],"scale":1,"type":"featherflag_ibishu"}
{"ctxid":0,"pos":[-708.566956,829.156433,74.8771973],"rotationMatrix":[0.669604361,0.742718041,0,-0.742718041,0.669604361,0,0,0,1],"scale":1,"type":"featherflag_ibishu"}
{"ctxid":0,"pos":[-405.902863,153.045593,100.979828],"rotationMatrix":[-0.838213623,0.545137465,-0.0149016473,-0.545197964,-0.838306725,0,-0.0124921547,0.00812435057,0.999888599],"scale":1,"type":"featherflag_ibishu"}
{"ctxid":0,"pos":[537.499512,-21.4564495,147.332672],"rotationMatrix":[0.960785747,0.277291894,0,-0.277291894,0.960785747,0,0,0,1],"scale":1,"type":"featherflag_ibishu"}
{"ctxid":1,"pos":[112.845535,158.267075,120.817574],"rotationMatrix":[-0.895331025,0.44500345,0.018782489,-0.444606572,-0.895457208,0.0219070278,0.0265676342,0.0112632345,0.999582827],"scale":1,"type":"featherflag_ibishu"}
{"ctxid":1,"pos":[-155.397079,-239.407776,120.425224],"rotationMatrix":[-0.839705229,-0.543042243,0,0.543042243,-0.839705229,0,0,0,0.999999762],"scale":1,"type":"featherflag_ibishu"}
{"ctxid":1,"pos":[-160.684647,-242.401871,120.428787],"rotationMatrix":[-0.839705229,-0.543042243,0,0.543042243,-0.839705229,0,0,0,0.999999762],"scale":1,"type":"featherflag_ibishu"}
{"ctxid":1,"pos":[-215.540726,-260.350128,120.138687],"rotationMatrix":[-0.331557602,0.943434715,0,-0.943434715,-0.331557602,0,0,0,0.999999762],"scale":1,"type":"featherflag_ibishu"}
{"ctxid":1,"pos":[-149.637238,-237.783005,120.514717],"rotationMatrix":[-0.839705229,-0.543042243,0,0.543042243,-0.839705229,0,0,0,0.999999762],"scale":1,"type":"featherflag_ibishu"}
{"ctxid":1,"pos":[-143.70433,-238.310059,120.761536],"rotationMatrix":[-0.980226398,-0.197878033,0,0.197878033,-0.980226398,0,0,0,0.999999642],"scale":1,"type":"featherflag_ibishu"}
{"ctxid":1,"pos":[-166.189926,-254.854156,119.983551],"rotationMatrix":[0.319265485,-0.947665036,0,0.947665036,0.319265485,0,0,0,0.999999642],"scale":1,"type":"featherflag_ibishu"}
{"ctxid":1,"pos":[-192.043854,-204.638611,120.024918],"rotationMatrix":[-0.653962851,-0.756526113,0,0.756526113,-0.653962851,0,0,0,0.999999523],"scale":1,"type":"featherflag_ibishu"}
{"ctxid":1,"pos":[188.77887,134.375793,121.03775],"rotationMatrix":[0.579181433,-0.815198183,0,0.815198183,0.579181433,0,0,0,0.999999762],"scale":1,"type":"featherflag_ibishu"}
{"ctxid":1,"pos":[294.401978,186.49791,120.69297],"rotationMatrix":[-0.58970952,0.807615161,0,-0.807615161,-0.58970952,0,0,0,0.999999762],"scale":1,"type":"featherflag_ibishu"}
{"ctxid":1,"pos":[446.217316,297.504211,120.69297],"rotationMatrix":[-0.58849442,0.808501005,0,-0.808501005,-0.58849442,0,0,0,0.999999762],"scale":1,"type":"featherflag_ibishu"}
{"ctxid":1,"pos":[40.8693542,108.499863,120.756996],"rotationMatrix":[-0.895331025,0.44500345,0.018782489,-0.444606572,-0.895457208,0.0219070278,0.0265676342,0.0112632345,0.999582827],"scale":1,"type":"featherflag_ibishu"}
{"ctxid":1,"pos":[260.873047,229.733215,120.804314],"rotationMatrix":[-0.90455544,0.423239172,0.0514421239,-0.422702104,-0.906013906,0.0214437861,0.0556831732,-0.00234759878,0.998444736],"scale":1,"type":"featherflag_ibishu"}
{"ctxid":1,"pos":[434.575836,313.093048,120.69297],"rotationMatrix":[-0.58849442,0.808501005,0,-0.808501005,-0.58849442,0,0,0,0.999999762],"scale":1,"type":"featherflag_ibishu"}
