{"ctxid":0,"pos":[-488.199005,-464.674011,111.691002],"rotationMatrix":[0.293852687,-0.95585072,0,0.95585072,0.293852687,0,0,0,1],"scale":2.81329989,"type":"grassclump_large"}
{"ctxid":0,"pos":[-16.2887001,452.949005,101.676003],"rotationMatrix":[0.0672950745,-0.997733116,0,0.997733116,0.0672950745,0,0,0,1],"scale":2.12150002,"type":"grassclump_large"}
{"ctxid":0,"pos":[-23.6382008,450.434998,101.689003],"rotationMatrix":[0.387053967,0.922057092,0,-0.922057092,0.387053967,0,0,0,1],"scale":2.42409992,"type":"grassclump_large"}
{"ctxid":0,"pos":[-9.6111002,458.118011,101.665001],"rotationMatrix":[-0.750320554,0.661074162,0,-0.661074162,-0.750320554,0,0,0,1],"scale":2.09010005,"type":"grassclump_large"}
{"ctxid":0,"pos":[-6.69920015,460.475006,101.670998],"rotationMatrix":[0.944021463,-0.329884022,0,0.329884022,0.944021463,0,0,0,1],"scale":2.02539992,"type":"grassclump_large"}
{"ctxid":0,"pos":[-23.1823006,453.707001,101.689003],"rotationMatrix":[0.625887513,0.779913366,0,-0.779913366,0.625887513,0,0,0,1],"scale":2.12150002,"type":"grassclump_large"}
{"ctxid":0,"pos":[-328.795013,466.320007,87.5485992],"rotationMatrix":[0.585950017,-0.810347199,0,0.810347199,0.585950017,0,0,0,1],"scale":2.96659994,"type":"grassclump_large"}
{"ctxid":0,"pos":[-321.75293,470.562469,87.5485992],"rotationMatrix":[-0.117811561,0.993035972,0,-0.993035972,-0.117811561,0,0,0,1],"scale":2.57019997,"type":"grassclump_large"}
{"ctxid":0,"pos":[-908.187988,451.235992,153.912003],"rotationMatrix":[-0.0795682669,0.996829391,0,-0.996829391,-0.0795682669,0,0,0,1],"scale":2.04270005,"type":"grassclump_large"}
{"ctxid":0,"pos":[899.960571,-237.024017,149.631668],"rotationMatrix":[0.974099159,0.226121262,0,-0.226121262,0.974099159,0,0,0,1],"scale":2.20910001,"type":"grassclump_large"}
{"ctxid":0,"pos":[920.916016,-226.40152,146.989441],"rotationMatrix":[0.711047888,0.703143597,0,-0.703143597,0.711047888,0,0,0,1],"scale":2.18580008,"type":"grassclump_large"}
{"ctxid":0,"pos":[908.221985,-250.253006,149.862305],"rotationMatrix":[0.976325035,-0.216308638,0,0.216308638,0.976325035,0,0,0,1],"scale":2.99460006,"type":"grassclump_large"}
{"ctxid":0,"pos":[846.901001,-663.158997,172.412003],"rotationMatrix":[-0.580286384,0.814412475,0,-0.814412475,-0.580286384,0,0,0,1],"scale":2.15840006,"type":"grassclump_large"}
{"ctxid":0,"pos":[852.432983,-661.783997,172.524963],"rotationMatrix":[-0.833612442,0.552349806,0,-0.552349806,-0.833612442,0,0,0,1],"scale":2.51670003,"type":"grassclump_large"}
{"ctxid":0,"pos":[845.354004,-667.937988,171.251007],"rotationMatrix":[-0.107369542,0.994219184,0,-0.994219184,-0.107369542,0,0,0,1],"scale":2.34940004,"type":"grassclump_large"}
{"ctxid":0,"pos":[840.799011,-658.106995,172.016998],"rotationMatrix":[-0.921976209,-0.387246519,0,0.387246519,-0.921976209,0,0,0,1],"scale":2.72119999,"type":"grassclump_large"}
{"ctxid":0,"pos":[951.291016,463.44101,146.085007],"rotationMatrix":[0.606615543,-0.794995308,0,0.794995308,0.606615543,0,0,0,1],"scale":2.80270004,"type":"grassclump_large"}
{"ctxid":0,"pos":[959.632996,443.782013,147.973999],"rotationMatrix":[0.633803129,0.773494422,0,-0.773494422,0.633803129,0,0,0,1],"scale":2.06949997,"type":"grassclump_large"}
{"ctxid":0,"pos":[963.895996,443.759003,150.449005],"rotationMatrix":[-0.936118484,0.351684779,0,-0.351684779,-0.936118484,0,0,0,1],"scale":2.62700009,"type":"grassclump_large"}
