{"ctxid":0,"pos":[-64.4645996,655.609009,74.4389038],"rotationMatrix":[1,0,0,0,1,0,0,0,1],"scale":1,"type":"hydrant1"}
{"ctxid":0,"pos":[-42.3064003,561.645996,74.4717026],"rotationMatrix":[1,0,0,0,1,0,0,0,1],"scale":1,"type":"hydrant1"}
{"ctxid":0,"pos":[-180.056,656.554016,74.5437012],"rotationMatrix":[1,0,0,0,1,0,0,0,1],"scale":1,"type":"hydrant1"}
{"ctxid":0,"pos":[-251.806,656.518982,74.5518036],"rotationMatrix":[1,0,0,0,1,0,0,0,1],"scale":1,"type":"hydrant1"}
{"ctxid":0,"pos":[-287.583008,656.61499,74.5498962],"rotationMatrix":[1,0,0,0,1,0,0,0,1],"scale":1,"type":"hydrant1"}
{"ctxid":0,"pos":[-344.532013,641.445007,74.5800018],"rotationMatrix":[1,0,0,0,1,0,0,0,1],"scale":1,"type":"hydrant1"}
{"ctxid":0,"pos":[-428.166992,670.723022,74.5807037],"rotationMatrix":[1,0,0,0,1,0,0,0,1],"scale":1,"type":"hydrant1"}
{"ctxid":0,"pos":[-455.352997,697.763,74.7778015],"rotationMatrix":[1,0,0,0,1,0,0,0,1],"scale":1,"type":"hydrant1"}
{"ctxid":0,"pos":[-472.602997,528.939026,95.9609985],"rotationMatrix":[1,0,0,0,1,0,0,0,1],"scale":1,"type":"hydrant1"}
{"ctxid":0,"pos":[-449.944,506.093994,96.2496033],"rotationMatrix":[1,0,0,0,1,0,0,0,1],"scale":1,"type":"hydrant1"}
{"ctxid":0,"pos":[-54.9915009,414.348999,101.552002],"rotationMatrix":[1,0,0,0,1,0,0,0,1],"scale":1,"type":"hydrant1"}
{"ctxid":0,"pos":[-17.8187008,432.651001,101.521004],"rotationMatrix":[1,0,0,0,1,0,0,0,1],"scale":1,"type":"hydrant1"}
{"ctxid":0,"pos":[-344.256989,308.238007,101.523003],"rotationMatrix":[1,0,0,0,1,0,0,0,1],"scale":1,"type":"hydrant1"}
{"ctxid":0,"pos":[-394.880005,451.014008,95.8323975],"rotationMatrix":[1,0,0,0,1,0,0,0,1],"scale":1,"type":"hydrant1"}
{"ctxid":0,"pos":[-384.855011,417,95.8948975],"rotationMatrix":[1,0,0,0,1,0,0,0,1],"scale":1,"type":"hydrant1"}
{"ctxid":0,"pos":[-425.776001,222.354996,100.739998],"rotationMatrix":[1,0,0,0,1,0,0,0,1],"scale":1,"type":"hydrant1"}
{"ctxid":0,"pos":[-412.702667,149.520294,99.829422],"rotationMatrix":[1,0,0,0,1,0,0,0,1],"scale":1,"type":"hydrant1"}
{"ctxid":0,"pos":[-487.025116,152.172485,100.038483],"rotationMatrix":[0.598831654,-0.800874472,0,0.800874472,0.598831654,0,0,0,0.999999642],"scale":1,"type":"hydrant1"}
{"ctxid":0,"pos":[-516.690979,756.789978,74.6695023],"rotationMatrix":[1,0,0,0,1,0,0,0,1],"scale":1,"type":"hydrant1"}
{"ctxid":0,"pos":[-546.366028,763.861023,74.6212006],"rotationMatrix":[1,0,0,0,1,0,0,0,1],"scale":1,"type":"hydrant1"}
{"ctxid":0,"pos":[-675.690979,801.059021,74.6400986],"rotationMatrix":[1,0,0,0,1,0,0,0,1],"scale":1,"type":"hydrant1"}
{"ctxid":0,"pos":[-610.84198,784.971008,74.5510025],"rotationMatrix":[1,0,0,0,1,0,0,0,1],"scale":1,"type":"hydrant1"}
{"ctxid":0,"pos":[-547.343018,603.77301,89.8603973],"rotationMatrix":[1,0,0,0,1,0,0,0,1],"scale":1,"type":"hydrant1"}
{"ctxid":0,"pos":[-539.557983,571.786987,89.9990997],"rotationMatrix":[1,0,0,0,1,0,0,0,1],"scale":1,"type":"hydrant1"}
{"ctxid":0,"pos":[-712.419006,552.716003,119.873001],"rotationMatrix":[1,0,0,0,1,0,0,0,1],"scale":1,"type":"hydrant1"}
{"ctxid":0,"pos":[-755.534973,774.505981,87.1624985],"rotationMatrix":[1,0,0,0,1,0,0,0,1],"scale":1,"type":"hydrant1"}
{"ctxid":0,"pos":[-775.327026,756.807983,87.9545975],"rotationMatrix":[1,0,0,0,1,0,0,0,1],"scale":1,"type":"hydrant1"}
{"ctxid":0,"pos":[-779.768005,867.119995,74.6913986],"rotationMatrix":[1,0,0,0,1,0,0,0,1],"scale":1,"type":"hydrant1"}
{"ctxid":0,"pos":[-908.02002,764.140015,92.0299988],"rotationMatrix":[1,0,0,0,1,0,0,0,1],"scale":1,"type":"hydrant1"}
{"ctxid":0,"pos":[-926.682007,780.338013,91.8949966],"rotationMatrix":[1,0,0,0,1,0,0,0,1],"scale":1,"type":"hydrant1"}
{"ctxid":0,"pos":[-902.471008,866.982971,74.6432037],"rotationMatrix":[1,0,0,0,1,0,0,0,1],"scale":1,"type":"hydrant1"}
{"ctxid":0,"pos":[-775.557983,651.356018,106.376999],"rotationMatrix":[1,0,0,0,1,0,0,0,1],"scale":1,"type":"hydrant1"}
{"ctxid":0,"pos":[-762.437988,674.494019,105.698997],"rotationMatrix":[1,0,0,0,1,0,0,0,1],"scale":1,"type":"hydrant1"}
{"ctxid":0,"pos":[-780.156982,561.789978,123.612],"rotationMatrix":[1,0,0,0,1,0,0,0,1],"scale":1,"type":"hydrant1"}
{"ctxid":0,"pos":[-758.275024,548.687988,123.396004],"rotationMatrix":[1,0,0,0,1,0,0,0,1],"scale":1,"type":"hydrant1"}
{"ctxid":0,"pos":[-931.174011,656.487976,111.844002],"rotationMatrix":[1,0,0,0,1,0,0,0,1],"scale":1,"type":"hydrant1"}
{"ctxid":0,"pos":[-904.789001,666.497986,111.683998],"rotationMatrix":[1,0,0,0,1,0,0,0,1],"scale":1,"type":"hydrant1"}
{"ctxid":0,"pos":[-909.497009,548.692993,131.733002],"rotationMatrix":[1,0,0,0,1,0,0,0,1],"scale":1,"type":"hydrant1"}
{"ctxid":0,"pos":[-927.552002,562.747986,131.804993],"rotationMatrix":[1,0,0,0,1,0,0,0,1],"scale":1,"type":"hydrant1"}
{"ctxid":0,"pos":[-559.192993,408.686005,108.578003],"rotationMatrix":[1,0,0,0,1,0,0,0,1],"scale":1,"type":"hydrant1"}
{"ctxid":0,"pos":[-586.286011,399.885986,109.056999],"rotationMatrix":[1,0,0,0,1,0,0,0,1],"scale":1,"type":"hydrant1"}
{"ctxid":0,"pos":[-633.872009,474.143005,116.462997],"rotationMatrix":[1,0,0,0,1,0,0,0,1],"scale":1,"type":"hydrant1"}
{"ctxid":0,"pos":[-666.866028,477.25,117.428001],"rotationMatrix":[1,0,0,0,1,0,0,0,1],"scale":1,"type":"hydrant1"}
{"ctxid":0,"pos":[-657.335022,497.681,116.806999],"rotationMatrix":[1,0,0,0,1,0,0,0,1],"scale":1,"type":"hydrant1"}
{"ctxid":0,"pos":[-663.378418,304.519806,128.88298],"rotationMatrix":[1,0,0,0,1,0,0,0,1],"scale":1,"type":"hydrant1"}
{"ctxid":0,"pos":[-693.31897,292.851013,129.309998],"rotationMatrix":[1,0,0,0,1,0,0,0,1],"scale":1,"type":"hydrant1"}
{"ctxid":0,"pos":[-585.294006,214.063995,111.793999],"rotationMatrix":[1,0,0,0,1,0,0,0,1],"scale":1,"type":"hydrant1"}
{"ctxid":0,"pos":[-615.450012,218.222,112.308998],"rotationMatrix":[1,0,0,0,1,0,0,0,1],"scale":1,"type":"hydrant1"}
{"ctxid":0,"pos":[-551.211975,154.977997,100.276001],"rotationMatrix":[1,0,0,0,1,0,0,0,1],"scale":1,"type":"hydrant1"}
{"ctxid":0,"pos":[-525.264954,169.410965,100.052109],"rotationMatrix":[-0.811174572,0.58480382,0,-0.58480382,-0.811174572,0,0,0,0.999999762],"scale":1,"type":"hydrant1"}
{"ctxid":0,"pos":[-722.684998,110.738998,118.317001],"rotationMatrix":[1,0,0,0,1,0,0,0,1],"scale":1,"type":"hydrant1"}
{"ctxid":0,"pos":[-690.340027,118.980003,118.237],"rotationMatrix":[1,0,0,0,1,0,0,0,1],"scale":1,"type":"hydrant1"}
{"ctxid":0,"pos":[-656.750977,49.4303017,102.839996],"rotationMatrix":[1,0,0,0,1,0,0,0,1],"scale":1,"type":"hydrant1"}
{"ctxid":0,"pos":[-631.643982,74.4392014,102.477997],"rotationMatrix":[1,0,0,0,1,0,0,0,1],"scale":1,"type":"hydrant1"}
{"ctxid":0,"pos":[-775.552979,452.170471,139.701004],"rotationMatrix":[1,0,0,0,1,0,0,0,1],"scale":1,"type":"hydrant1"}
{"ctxid":0,"pos":[-752.760986,391.312988,143.113007],"rotationMatrix":[1,0,0,0,1,0,0,0,1],"scale":1,"type":"hydrant1"}
{"ctxid":0,"pos":[-781.01001,435.799011,139.774002],"rotationMatrix":[1,0,0,0,1,0,0,0,1],"scale":1,"type":"hydrant1"}
{"ctxid":0,"pos":[-758.811279,361.040802,143.007996],"rotationMatrix":[1,0,0,0,1,0,0,0,1],"scale":1,"type":"hydrant1"}
{"ctxid":0,"pos":[-846.973022,265.893005,158.979004],"rotationMatrix":[1,0,0,0,1,0,0,0,1],"scale":1,"type":"hydrant1"}
{"ctxid":0,"pos":[-913.538025,450.605011,153.067993],"rotationMatrix":[1,0,0,0,1,0,0,0,1],"scale":1,"type":"hydrant1"}
{"ctxid":0,"pos":[-926.669006,429.84201,153.281998],"rotationMatrix":[1,0,0,0,1,0,0,0,1],"scale":1,"type":"hydrant1"}
{"ctxid":0,"pos":[-878.473999,265.558014,159.328995],"rotationMatrix":[1,0,0,0,1,0,0,0,1],"scale":1,"type":"hydrant1"}
{"ctxid":0,"pos":[-913.39801,345.223999,156.770996],"rotationMatrix":[1,0,0,0,1,0,0,0,1],"scale":1,"type":"hydrant1"}
{"ctxid":0,"pos":[-770.984985,189.841003,138.460007],"rotationMatrix":[1,0,0,0,1,0,0,0,1],"scale":1,"type":"hydrant1"}
{"ctxid":0,"pos":[-796.791992,12.7199001,117.320999],"rotationMatrix":[1,0,0,0,1,0,0,0,1],"scale":1,"type":"hydrant1"}
{"ctxid":0,"pos":[-750.593994,59.0722008,117.779999],"rotationMatrix":[1,0,0,0,1,0,0,0,1],"scale":1,"type":"hydrant1"}
{"ctxid":0,"pos":[27.6037025,686.993713,74.468399],