{"ctxid":0,"pos":[953.166016,354.990875,151.650391],"rotationMatrix":[-0.959754229,-0.278689861,0.0346947238,0.279937148,-0.959240913,0.0386269614,0.0225156564,0.0467847288,0.998651206],"scale":1,"type":"jerseybarrier_end"}
{"ctxid":0,"pos":[916.278442,507.447327,145.399643],"rotationMatrix":[0.992120624,-0.0219565369,-0.123347364,0.0182835869,0.999357402,-0.0308308415,0.123945035,0.0283326805,0.99188453],"scale":1,"type":"jerseybarrier_end"}
{"ctxid":0,"pos":[985.18866,309.809113,152.942688],"rotationMatrix":[-0.977712631,-0.209306374,0.0164010637,0.20961906,-0.977568746,0.020476168,0.0117473751,0.0234577823,0.999655783],"scale":1,"type":"jerseybarrier_end"}
{"ctxid":0,"pos":[940.305908,539.591675,143.654602],"rotationMatrix":[0.97356689,-0.217744246,-0.0689564124,0.218443111,0.975846052,0.00267024431,0.0667094067,-0.0176627152,0.997616112],"scale":1,"type":"jerseybarrier_end"}
{"ctxid":0,"pos":[-356.407654,-492.607056,108.183701],"rotationMatrix":[-0.845047116,-0.534656703,-0.00612634048,0.534096897,-0.844591737,0.0374864489,-0.025216639,0.0284057558,0.999278367],"scale":1,"type":"jerseybarrier_end"}
{"ctxid":0,"pos":[-347.569489,-435.943939,104.835258],"rotationMatrix":[-0.832070231,-0.553573251,0.0348698497,0.554607868,-0.831274748,0.0373143926,0.00833017938,0.0503872856,0.998695016],"scale":1,"type":"jerseybarrier_end"}
{"ctxid":0,"pos":[-449.014465,-215.021973,98.207901],"rotationMatrix":[0.99500227,0.0989158899,-0.0136142159,-0.0988888294,0.995094657,0.00264892541,0.0138094574,-0.00128939387,0.999903321],"scale":1,"type":"jerseybarrier_end"}
{"ctxid":0,"pos":[764.246338,-420.455536,162.845306],"rotationMatrix":[-0.772815228,0.634573042,-0.00858344324,-0.634474099,-0.772854209,-0.0117915319,-0.0141163375,-0.00366670359,0.999893665],"scale":1,"type":"jerseybarrier_end"}
{"ctxid":0,"pos":[878.519409,-430.763641,161.974716],"rotationMatrix":[-0.842777252,-0.536238074,0.0466422141,0.53677702,-0.843723416,-0.00114005618,0.0399644673,0.0240756553,0.998911023],"scale":1,"type":"jerseybarrier_end"}
{"ctxid":0,"pos":[-18.3685379,-815.370056,132.222107],"rotationMatrix":[0.747657299,-0.664059162,-0.00584014319,0.664079785,0.747588396,0.0104709044,-0.00258727535,-0.0117069688,0.999928117],"scale":1.50000012,"type":"jerseybarrier_end"}
{"ctxid":0,"pos":[-57.0000458,-900.567017,132.528656],"rotationMatrix":[-0.846314073,0.531054735,-0.0416346863,-0.531502128,-0.847056985,-0.000380330719,-0.0354689211,0.0218070447,0.999132812],"scale":1.50000012,"type":"jerseybarrier_end"}
{"ctxid":0,"pos":[-623.94873,-302.181915,106.131104],"rotationMatrix":[-0.717595577,0.696459234,0.00109567959,-0.696459353,-0.717591524,-0.00262055756,-0.00103886123,-0.00264359661,0.999995947],"scale":1.00000012,"type":"jerseybarrier_end"}
{"ctxid":0,"pos":[-356.697327,208.89209,104.599831],"rotationMatrix":[-0.841680884,0.537386835,-0.0528096706,-0.530682623,-0.841296315,-0.102939561,-0.0997469425,-0.0586170815,0.993284762],"scale":1.50000024,"type":"jerseybarrier_end"}
{"ctxid":0,"pos":[-146.669037,494.60376,74.7209167],"rotationMatrix":[0.439967453,0.898002803,-0.00443078997,-0.898013175,0.439967453,-0.00103304349,0.0010217278,0.00443341304,0.999989629],"scale":1.50000024,"type":"jerseybarrier_end"}
{"ctxid":0,"pos":[-155.140762,477.076172,74.7996979],"rotationMatrix":[0.439967453,0.898002803,-0.00443078997,-0.898013175,0.439967453,-0.00103304349,0.0010217278,0.00443341304,0.999989629],"scale":1.50000024,"type":"jerseybarrier_end"}
{"ctxid":0,"pos":[-82.6142883,472.645081,74.6510696],"rotationMatrix":[-0.0398528576,-0.999195814,-0.00443078997,0.999205232,-0.0398486853,-0.00103304221,0.000855650636,-0.00446843822,0.999989629],"scale":1.50000024,"type":"jerseybarrier_end"}
{"ctxid":0,"pos":[954.494446,876.072754,132.849167],"rotationMatrix":[-0.902915597,-0.424096882,-0.069893986,0.421034455,-0.90539825,0.0546252355,-0.086448282,0.019894205,0.996057689],"scale":1.50000024,"type":"jerseybarrier_end"}
{"ctxid":0,"pos":[895.587341,942.224182,126.662193],"rotationMatrix":[0.806044698,0.587639928,0.0705063865,-0.585003614,0.809114218,-0.0557220653,-0.0897922292,0.00366798602,0.995953739],"scale":1.50000024,"type":"jerseybarrier_end"}
{"ctxid":0,"pos":[190.44873,724.731995,101.170822],"rotationMatrix":[0.999930501,0.0117896767,3.87363216e-05,-0.0117897401,0.999925077,0.00328431348,-1.24273356e-08,-0.00328454212,0.999994636],"scale":1.33447468,"type":"jerseybarrier_end"}
{"ctxid":0,"pos":[300.057922,629.04718,115.258736],"rotationMatrix":[0.255503714,-0.964020729,0.0733610168,0.96311903,0.260417342,0.0677093789,-0.0843777284,0.0533553958,0.995004296],"scale":1.50000024,"type":"jerseybarrier_end"}
{"ctxid":0,"pos":[175.184097,731.815674,101.160042],"rotationMatrix":[0.999567032,0.0250594933,0.015418319,-0.0252670217,0.999590695,0.0134156803,-0.0150758177,-0.0137994466,0.999791145],"scale":1.00000072,"type":"jerseybarrier_end"}
{"ctxid":0,"pos":[575.867798,-964.124084,152.687042],"rotationMatrix":[-0.904494643,-0.422216505,0.0601896793,0.422849387,-0.906196833,-0.00242992304,0.0555696413,0.0232533142,0.998184025],"scale":1.50000024,"type":"jerseybarrier_end"}
{"ctxid":0,"pos":[545.325806,-919.30304,152.640335],"rotationMatrix":[0.912144601,0.404949367,0.063311033,-0.405289352,0.914153874,-0.00795332156,-0.0610967167,-0.0184047092,0.997962177],"scale":1.50000024,"type":"jerseybarrier_end"}
{"ctxid":0,"pos":[186.391769,-746.725952,143.380432],"rotationMatrix":[-0.710941315,0.699740827,-0.0701778829,-0.702694714,-0.710801721,0.0313176364,-0.0279683359,0.0715786368,0.997042775],"scale":1,"type":"jerseybarrier_end"}
{"ctxid":0,"pos":[193.094864,-689.855042,139.910599],"rotationMatrix":[0.906628072,0.421822011,-0.00957733393,-0.419380903,0.898425221,-0.130199239,-0.0463163815,0.122058831,0.991441607],"scale":1,"type":"jerseybarrier_end"}
{"ctxid":0,"pos":[250.726562,519.155518,117.127586],"rotationMatrix":[-0.622943282,0.782266974,0,-0.782266974,-0.622943282,0,0,0,1],"scale":1,"type":"jerseybarrier_end"}
{"ctxid":0,"pos":[320.688141,573.227356,117.127304],"rotationMatrix":[0.614085674,-0.789239407,0,0.789239407,0.614085674,0,0,0,1],"scale":1,"type":"jerseybarrier_end"}
{"ctxid":0,"pos":[784.086914,833.081177,119.942833],"rotationMatrix":[0.169480324,-0.98551625,-0.00585045107,0.983261764,0.168683767,0.0688641369,-0.0668798462,-0.0174236409,0.9976089],"scale":1,"type":"jerseybarrier_end"}
{"ctxid":0,"pos":[-229.465897,343.429016,101.698982],"rotationMatrix":[0.306457043,-0.951621413,0.0223779734,0.951884389,0.306381047,-0.00683385227,-0.000352947041,0.0233955272,0.999726236],"scale":1.50000012,"type":"jerseybarrier_end"}
{"ctxid":0,"pos":[-210.318359,366.003632,102.07193],"rotationMatrix":[-0.189744711,0.981626868,0.0201383363,-0.981821537,-0.1898036,0.00103881489,0.00484205782,-0.0195751414,0.999796689],"scale":1.50000012,"type":"jerseybarrier_end"}
{"ctxid":0,"pos":[940.359741,-656.371582,166.038223],"rotationMatrix":[-0.943407178,-0.326690763,-0.0570603535,0.327210516,-0.944951415,0.000248029828,-0.0540002882,-0.0184367541,0.998370707],"scale":1,"type":"jerseybarrier_end"}
{"ctxid":0,"pos":[-876.64978,-480.351685,103.622391],"rotationMatrix":[-0.70098412,0.712673426,-0.0267943777,-0.713100791,-0.700963378,0.0117332153,-0.0104199247,0.0273318887,0.999572098],"scale":1.20000005,"type":"jerseybarrier_end"}
{"ctxid":0,"pos":[-933.556274,-457.691528,99.3959808],"rotationMatrix":[-0.548290491,0.833976746,0.0621306449,-0.835829258,-0.548935533,-0.00768785365,0.0276942328,-0.0561457872,0.998038411],"scale":1.20000005,"type":"jerseybarrier_end"}
{"ctxid":0,"pos":[185.62149,626.991333,100.192177],"rotationMatrix":[0.97610873,-0.217282489,0.000152983674,0.21728085,0.976103663,0.00326583674,-0.000858937041,-0.00315457163,0.999994636],"scale":1.00000072,"type":"jerseybarrier_end"}
{"ctxid":0,"pos":[157.876587,570.465637,100.306946],"rotationMatrix":[-0.770585179,0.637063861,0.0186545756,-0.637054324,-0.770784974,0.00721838465,0.0189772416,-0.00632159924,0.999799907],"scale":1.00000072,