{"ctxid":0,"pos":[-15.5999002,698.684692,75.1582336],"rotationMatrix":[1,0,0,0,1,0,0,0,1],"scale":1,"type":"leanto_large"}
{"ctxid":0,"pos":[-49.2724419,21.4466743,119.830246],"rotationMatrix":[0.674749911,-0.738046408,0,0.738046408,0.674749911,0,0,0,1],"scale":1,"type":"leanto_large"}
{"ctxid":0,"pos":[-921.977722,2038.53992,82.0588608],"rotationMatrix":[-0.95695138,-0.29024744,0,0.29024744,-0.95695138,0,0,0,0.999999642],"scale":1,"type":"leanto_large"}
