{"ctxid":0,"pos":[-581.262024,176.679993,106.877998],"rotationMatrix":[0.707081437,-0.707132101,0,0.707132101,0.707081437,0,0,0,1],"scale":1,"type":"leanto_small"}
{"ctxid":0,"pos":[-588.265991,169.675995,106.877998],"rotationMatrix":[0.707081437,-0.707132101,0,0.707132101,0.707081437,0,0,0,1],"scale":1,"type":"leanto_small"}
{"ctxid":0,"pos":[-600.97467,130.309235,101.564003],"rotationMatrix":[-0.707081139,0.70713228,0,-0.70713228,-0.707081139,0,0,0,0.999999881],"scale":1,"type":"leanto_small"}
{"ctxid":0,"pos":[-616.496155,115.610146,101.928276],"rotationMatrix":[0.707081437,-0.707132101,0,0.707132101,0.707081437,0,0,0,1],"scale":1,"type":"leanto_small"}
{"ctxid":0,"pos":[-585.020813,52.4866486,101.495705],"rotationMatrix":[0.707106829,-0.707106709,0,0.707106709,0.707106829,0,0,0,1],"scale":1,"type":"leanto_small"}
{"ctxid":0,"pos":[-556.233032,82.2267532,100.588135],"rotationMatrix":[-0.699108124,-0.715015948,0,0.715015948,-0.699108124,0,0,0,1],"scale":1,"type":"leanto_small"}
{"ctxid":0,"pos":[-115.308113,10.9390402,122.061172],"rotationMatrix":[-0.71847409,-0.695553541,0,0.695305765,-0.718218148,0.0266906247,-0.0185647607,0.019176526,0.999643624],"scale":1,"type":"leanto_small"}
{"ctxid":0,"pos":[-59.83778,83.9347916,123.617775],"rotationMatrix":[0.650308073,0.759670615,0,-0.759670615,0.650308073,0,0,0,1],"scale":1,"type":"leanto_small"}
{"ctxid":0,"pos":[-72.3138657,8.08572483,120.058487],"rotationMatrix":[-0.669286549,0.743004322,0,-0.743004322,-0.669286549,0,0,0,0.999999881],"scale":1,"type":"leanto_small"}
{"ctxid":0,"pos":[-12.7076569,50.4775734,119.384193],"rotationMatrix":[0.590454698,-0.807070851,0,0.807070851,0.590454698,0,0,0,1],"scale":1,"type":"leanto_small"}
{"ctxid":0,"pos":[-378.08551,184.624893,101.971474],"rotationMatrix":[0.865235925,-0.498041183,0.0576293692,0.493723363,0.866393387,0.0748298019,-0.0871980414,-0.0362924784,0.995529175],"scale":1,"type":"leanto_small"}
{"ctxid":0,"pos":[698.550781,-809.157349,158.305756],"rotationMatrix":[0.999717534,-0.0237382501,0,0.0237382501,0.999717534,0,0,0,0.999999166],"scale":1,"type":"leanto_small"}
{"ctxid":0,"pos":[-847.804382,2064.48706,79.2638779],"rotationMatrix":[-0.353585124,-0.935402036,0,0.935402036,-0.353585124,0,0,0,0.999999642],"scale":1,"type":"leanto_small"}
