{"ctxid":0,"pos":[-62.1511574,-171.38559,125.824646],"rotationMatrix":[0.978304446,-0.207172513,0,0.207172513,0.978304446,0,0,0,1],"scale":1,"type":"pole_lighting2"}
{"ctxid":0,"pos":[34.9422264,-144.425995,126.79641],"rotationMatrix":[0.419857025,-0.90759027,0,0.90759027,0.419857025,0,0,0,1],"scale":1,"type":"pole_lighting2"}
{"ctxid":0,"pos":[60.3129196,-199.190506,124.655769],"rotationMatrix":[-0.503188968,0.864176393,0,-0.864176393,-0.503188968,0,0,0,1],"scale":1,"type":"pole_lighting2"}
{"ctxid":0,"pos":[-21.8173752,-710.101807,133.932022],"rotationMatrix":[0.0550984144,0.998480916,0,-0.998480916,0.0550984144,0,0,0,1],"scale":1,"type":"pole_lighting2"}
{"ctxid":0,"pos":[-136.345779,-380.684082,124.346291],"rotationMatrix":[0.624176979,-0.781283021,0,0.781283021,0.624176979,0,0,0,1],"scale":1,"type":"pole_lighting2"}
{"ctxid":0,"pos":[705.097839,-142.515533,146.874313],"rotationMatrix":[-0.708970666,0.705237925,0,-0.705237925,-0.708970666,0,0,0,1],"scale":1,"type":"pole_lighting2"}
{"ctxid":0,"pos":[658.981262,-265.764618,147.178558],"rotationMatrix":[0.0114275813,-0.999934673,0,0.999934673,0.0114275813,0,0,0,1],"scale":1,"type":"pole_lighting2"}
{"ctxid":0,"pos":[568.143677,-240.0914,147.168121],"rotationMatrix":[0.0206666589,-0.999786437,0,0.999786437,0.0206666589,0,0,0,1],"scale":1,"type":"pole_lighting2"}
{"ctxid":0,"pos":[484.709076,-240.0914,146.477982],"rotationMatrix":[0.0206666589,-0.999786437,0,0.999786437,0.0206666589,0,0,0,1],"scale":1,"type":"pole_lighting2"}
{"ctxid":0,"pos":[391.640015,-240.0914,145.264313],"rotationMatrix":[0.0206666589,-0.999786437,0,0.999786437,0.0206666589,0,0,0,1],"scale":1,"type":"pole_lighting2"}
{"ctxid":0,"pos":[241.381485,-209.994614,138.457657],"rotationMatrix":[-0.181912303,-0.983314753,0,0.983314753,-0.181912303,0,0,0,1],"scale":1,"type":"pole_lighting2"}
{"ctxid":0,"pos":[105.969139,-171.936066,125.519234],"rotationMatrix":[-0.287374377,-0.95781827,0,0.95781827,-0.287374377,0,0,0,1],"scale":1,"type":"pole_lighting2"}
{"ctxid":0,"pos":[525.022034,-113.819809,146.737396],"rotationMatrix":[-0.770730376,-0.637161255,0,0.637161255,-0.770730376,0,0,0,1],"scale":1,"type":"pole_lighting2"}
{"ctxid":0,"pos":[321.034302,-116.172279,144.604141],"rotationMatrix":[0.966153264,-0.257968813,0,0.257968813,0.966153264,0,0,0,1],"scale":1,"type":"pole_lighting2"}
{"ctxid":1,"pos":[-44.4946747,-101.820786,127.845367],"rotationMatrix":[-0.589203775,0.807984114,0,-0.807984114,-0.589203775,0,0,0,0.999999523],"scale":1,"type":"pole_lighting2"}
{"ctxid":1,"pos":[49.4244232,-33.3324585,123.379623],"rotationMatrix":[-0.589203775,0.807984114,0,-0.807984114,-0.589203775,0,0,0,0.999999523],"scale":1,"type":"pole_lighting2"}
{"ctxid":1,"pos":[154.017334,42.9395218,127.173943],"rotationMatrix":[-0.589203775,0.807984114,0,-0.807984114,-0.589203775,0,0,0,0.999999523],"scale":1,"type":"pole_lighting2"}
{"ctxid":1,"pos":[263.190643,122.551697,129.653976],"rotationMatrix":[-0.589203775,0.807984114,0,-0.807984114,-0.589203775,0,0,0,0.999999523],"scale":1,"type":"pole_lighting2"}
{"ctxid":1,"pos":[-142.104385,-173.000412,125.772301],"rotationMatrix":[-0.589203775,0.807984114,0,-0.807984114,-0.589203775,0,0,0,0.999999523],"scale":1,"type":"pole_lighting2"}
{"ctxid":1,"pos":[367.199463,198.397751,129.72226],"rotationMatrix":[-0.589203775,0.807984114,0,-0.807984114,-0.589203775,0,0,0,0.999999523],"scale":1,"type":"pole_lighting2"}
{"ctxid":1,"pos":[471.774475,274.656708,124.899681],"rotationMatrix":[-0.589203775,0.807984114,0,-0.807984114,-0.589203775,0,0,0,0.999999523],"scale":1,"type":"pole_lighting2"}
{"ctxid":1,"pos":[551.638733,332.895782,120.011978],"rotationMatrix":[-0.589203775,0.807984114,0,-0.807984114,-0.589203775,0,0,0,0.999999523],"scale":1,"type":"pole_lighting2"}
{"ctxid":1,"pos":[623.353027,385.191681,119.795631],"rotationMatrix":[-0.589203775,0.807984114,0,-0.807984114,-0.589203775,0,0,0,0.999999523],"scale":1,"type":"pole_lighting2"}
{"ctxid":1,"pos":[-187.241898,-108.92202,119.918076],"rotationMatrix":[0.579428673,-0.815022528,0,0.815022528,0.579428673,0,0,0,0.999999523],"scale":1,"type":"pole_lighting2"}
{"ctxid":1,"pos":[-87.6347504,-40.5367851,119.979187],"rotationMatrix":[0.579428673,-0.815022528,0,0.815022528,0.579428673,0,0,0,0.999999523],"scale":1,"type":"pole_lighting2"}
