{"ctxid":0,"pos":[-438.254913,711.830505,80.1602173],"rotationMatrix":[-0.707106948,0.707106709,0,-0.707106709,-0.707106948,0,0,0,1],"scale":1,"type":"pole_boom_med"}
{"ctxid":0,"pos":[-436.468201,677.848083,80.1806488],"rotationMatrix":[0.707106829,-0.707106769,0,0.707106769,0.707106829,0,0,0,1],"scale":1,"type":"pole_boom_med"}
{"ctxid":0,"pos":[-359.664093,601.988953,80.2603226],"rotationMatrix":[0.707106829,-0.707106769,0,0.707106769,0.707106829,0,0,0,1],"scale":1,"type":"pole_boom_med"}
{"ctxid":0,"pos":[-356.377808,635.366272,80.2398453],"rotationMatrix":[-0.707106948,0.707106709,0,-0.707106709,-0.707106948,0,0,0,1],"scale":1,"type":"pole_boom_med"}
{"ctxid":0,"pos":[-546.769775,603.072083,95.4035187],"rotationMatrix":[-0.707106948,0.707106709,0,-0.707106709,-0.707106948,0,0,0,1],"scale":1,"type":"pole_boom_med"}
{"ctxid":0,"pos":[-108.125168,-953.32373,137.639435],"rotationMatrix":[-0.929707766,0.368298084,0,-0.368298084,-0.929707766,0,0,0,1],"scale":1,"type":"pole_boom_med"}
{"ctxid":0,"pos":[-95.1497269,-982.155273,137.424011],"rotationMatrix":[0.953519404,-0.30133158,0,0.30133158,0.953519404,0,0,0,1],"scale":1,"type":"pole_boom_med"}
{"ctxid":0,"pos":[-14.0027084,407.343231,106.534248],"rotationMatrix":[0.747252345,0.66454041,0,-0.66454041,0.747252345,0,0,0,1],"scale":0.780916274,"type":"pole_boom_med"}
{"ctxid":0,"pos":[-464.780762,144.159561,105.519432],"rotationMatrix":[-0.361925125,-0.932207167,0,0.932207167,-0.361925125,0,0,0,1],"scale":1,"type":"pole_boom_med"}
{"ctxid":0,"pos":[-427.896118,156.898773,105.326157],"rotationMatrix":[0.338356078,0.941018164,0,-0.941018164,0.338356078,0,0,0,1],"scale":1,"type":"pole_boom_med"}
{"ctxid":0,"pos":[-283.337708,322.34021,106.815254],"rotationMatrix":[0.893494785,0.449073553,0,-0.449073553,0.893494785,0,0,0,1],"scale":0.807803869,"type":"pole_boom_med"}
{"ctxid":0,"pos":[26.6594143,-768.604248,138.092545],"rotationMatrix":[0.683780015,-0.729687929,0,0.729687929,0.683780015,0,0,0,0.999999762],"scale":1.38148928,"type":"pole_boom_med"}
{"ctxid":0,"pos":[26.7159042,-768.465637,137.904846],"rotationMatrix":[-0.710867882,-0.703325629,0,0.703325629,-0.710867882,0,0,0,1],"scale":1,"type":"pole_boom_med"}
{"ctxid":0,"pos":[64.3265533,-767.960632,138.73465],"rotationMatrix":[0.710868001,0.70332545,0,-0.70332545,0.710868001,0,0,0,1],"scale":0.877206862,"type":"pole_boom_med"}
{"ctxid":0,"pos":[193.26033,653.924316,105.387383],"rotationMatrix":[-0.992513776,0.122133754,0,-0.122133754,-0.992513776,0,0,0,1],"scale":1,"type":"pole_boom_med"}
{"ctxid":0,"pos":[190.377655,809.530212,107.197472],"rotationMatrix":[0.968204975,0.250157118,0,-0.250157118,0.968204975,0,0,0,0.999999762],"scale":1,"type":"pole_boom_med"}
{"ctxid":0,"pos":[39.6989861,1826.7583,109.267197],"rotationMatrix":[0.978366077,0.206880331,0,-0.206880331,0.978366077,0,0,0,0.999999762],"scale":0.827929676,"type":"pole_boom_med"}
{"ctxid":0,"pos":[-733.223145,1785.49573,91.688446],"rotationMatrix":[0.99999994,0,0,0,0.99999994,0,0,0,0.999999881],"scale":1,"type":"pole_boom_med"}
{"ctxid":0,"pos":[-758.833557,1809.53406,90.7939377],"rotationMatrix":[-0.998664796,-0.0516542047,0,0.0516542047,-0.998664796,0,0,0,0.999999642],"scale":0.813281238,"type":"pole_boom_med"}
{"ctxid":0,"pos":[326.962006,1554.77222,79.747406],"rotationMatrix":[0.924581409,0.380984187,0,-0.380984187,0.924581409,0,0,0,0.999999762],"scale":0.896224976,"type":"pole_boom_med"}
{"ctxid":0,"pos":[-492.382935,2011.34021,83.7173538],"rotationMatrix":[0.972110689,-0.234521002,0,0.234521002,0.972110689,0,0,0,0.999999642],"scale":0.711927116,"type":"pole_boom_med"}
{"ctxid":0,"pos":[-486.848663,2030.48218,83.4112244],"rotationMatrix":[0.213465333,0.976950169,0,-0.976950169,0.213465333,0,0,0,0.999999523],"scale":0.907519519,"type":"pole_boom_med"}
{"ctxid":0,"pos":[-512.900085,2016.84753,83.7173538],"rotationMatrix":[-0.218264446,-0.975889146,0,0.975889146,-0.218264446,0,0,0,0.999999404],"scale":0.907519519,"type":"pole_boom_med"}
{"ctxid":0,"pos":[-721.052368,2085.4436,83.843277],"rotationMatrix":[-0.96667999,0.255986035,0,-0.255986035,-0.96667999,0,0,0,0.999999404],"scale":0.629286289,"type":"pole_boom_med"}
{"ctxid":0,"pos":[-730.40155,2070.39868,83.6628723],"rotationMatrix":[-0.23149386,-0.97283566,0,0.97283566,-0.23149386,0,0,0,0.999999166],"scale":0.695469499,"type":"pole_boom_med"}
{"ctxid":0,"pos":[-704.106506,2064.05615,83.6628647],"rotationMatrix":[0.969179153,-0.246354014,0,0.246354014,0.969179153,0,0,0,0.999999166],"scale":0.608105481,"type":"pole_boom_med"}
{"ctxid":0,"pos":[-701.254761,2079.45435,83.6628647],"rotationMatrix":[0.233889461,0.972262323,0,-0.972262323,0.233889461,0,0,0,0.999999046],"scale":0.88193363,"type":"pole_boom_med"}
{"ctxid":0,"pos":[49.0638275,1513.46716,79.747406],"rotationMatrix":[0.977999985,-0.208602816,0,0.208602816,0.977999985,0,0,0,0.999999523],"scale":0.601135314,"type":"pole_boom_med"}
{"ctxid":0,"pos":[-149.880539,1618.65417,79.747406],"rotationMatrix":[0.613626778,-0.789595544,0,0.789595544,0.613626778,0,0,0,0.999999404],"scale":0.642574549,"type":"pole_boom_med"}
