{"ctxid":0,"pos":[39.8986588,-128.041275,126.733292],"rotationMatrix":[0.217039198,-0.976162732,0,0.976162732,0.217039198,0,0,0,0.999999762],"scale":1,"type":"pole_lighting2"}
{"ctxid":0,"pos":[60.3129196,-199.190506,124.655769],"rotationMatrix":[-0.503188968,0.864176393,0,-0.864176393,-0.503188968,0,0,0,1],"scale":1,"type":"pole_lighting2"}
{"ctxid":0,"pos":[-21.8173752,-710.101807,133.932022],"rotationMatrix":[0.0550984144,0.998480916,0,-0.998480916,0.0550984144,0,0,0,1],"scale":1,"type":"pole_lighting2"}
{"ctxid":0,"pos":[-143.707932,-372.162659,124.346291],"rotationMatrix":[0.624176979,-0.781283021,0,0.781283021,0.624176979,0,0,0,1],"scale":1,"type":"pole_lighting2"}
{"ctxid":0,"pos":[705.097839,-142.515533,146.874313],"rotationMatrix":[-0.708970666,0.705237925,0,-0.705237925,-0.708970666,0,0,0,1],"scale":1,"type":"pole_lighting2"}
{"ctxid":0,"pos":[658.981262,-265.764618,147.178558],"rotationMatrix":[0.0114275813,-0.999934673,0,0.999934673,0.0114275813,0,0,0,1],"scale":1,"type":"pole_lighting2"}
{"ctxid":0,"pos":[568.143677,-240.0914,147.168121],"rotationMatrix":[0.0206666589,-0.999786437,0,0.999786437,0.0206666589,0,0,0,1],"scale":1,"type":"pole_lighting2"}
{"ctxid":0,"pos":[484.709076,-240.0914,146.477982],"rotationMatrix":[0.0206666589,-0.999786437,0,0.999786437,0.0206666589,0,0,0,1],"scale":1,"type":"pole_lighting2"}
{"ctxid":0,"pos":[391.640015,-240.0914,145.264313],"rotationMatrix":[0.0206666589,-0.999786437,0,0.999786437,0.0206666589,0,0,0,1],"scale":1,"type":"pole_lighting2"}
{"ctxid":0,"pos":[241.381485,-209.994614,138.457657],"rotationMatrix":[-0.181912303,-0.983314753,0,0.983314753,-0.181912303,0,0,0,1],"scale":1,"type":"pole_lighting2"}
{"ctxid":0,"pos":[106.196808,-170.691208,126.035156],"rotationMatrix":[-0.287374377,-0.95781827,0,0.95781827,-0.287374377,0,0,0,1],"scale":1,"type":"pole_lighting2"}
{"ctxid":0,"pos":[525.022034,-113.819809,146.737396],"rotationMatrix":[-0.770730376,-0.637161255,0,0.637161255,-0.770730376,0,0,0,1],"scale":1,"type":"pole_lighting2"}
{"ctxid":0,"pos":[321.034302,-116.172279,144.604141],"rotationMatrix":[0.966153264,-0.257968813,0,0.257968813,0.966153264,0,0,0,1],"scale":1,"type":"pole_lighting2"}
{"ctxid":1,"pos":[49.4244232,-33.3324585,120.339607],"rotationMatrix":[-0.589203775,0.807984114,0,-0.807984114,-0.589203775,0,0,0,0.999999523],"scale":1,"type":"pole_lighting2"}
{"ctxid":1,"pos":[138.159775,38.703186,117.375458],"rotationMatrix":[-0.589203775,0.807984114,0,-0.807984114,-0.589203775,0,0,0,0.999999523],"scale":1,"type":"pole_lighting2"}
{"ctxid":1,"pos":[261.511536,126.196625,129.104385],"rotationMatrix":[-0.589203775,0.807984114,0,-0.807984114,-0.589203775,0,0,0,0.999999523],"scale":1,"type":"pole_lighting2"}
{"ctxid":1,"pos":[-140.811401,-174.773499,119.947418],"rotationMatrix":[-0.589203775,0.807984114,0,-0.807984114,-0.589203775,0,0,0,0.999999523],"scale":1,"type":"pole_lighting2"}
{"ctxid":1,"pos":[365.520355,202.042679,129.04184],"rotationMatrix":[-0.589203775,0.807984114,0,-0.807984114,-0.589203775,0,0,0,0.999999523],"scale":1,"type":"pole_lighting2"}
{"ctxid":1,"pos":[471.774475,274.656708,124.899681],"rotationMatrix":[-0.589203775,0.807984114,0,-0.807984114,-0.589203775,0,0,0,0.999999523],"scale":1,"type":"pole_lighting2"}
{"ctxid":1,"pos":[551.638733,332.895782,120.011978],"rotationMatrix":[-0.589203775,0.807984114,0,-0.807984114,-0.589203775,0,0,0,0.999999523],"scale":1,"type":"pole_lighting2"}
{"ctxid":1,"pos":[623.353027,385.191681,119.795631],"rotationMatrix":[-0.589203775,0.807984114,0,-0.807984114,-0.589203775,0,0,0,0.999999523],"scale":1,"type":"pole_lighting2"}
{"ctxid":1,"pos":[-187.241898,-108.92202,119.918076],"rotationMatrix":[0.579428673,-0.815022528,0,0.815022528,0.579428673,0,0,0,0.999999523],"scale":1,"type":"pole_lighting2"}
{"ctxid":1,"pos":[-87.6347504,-40.5367851,119.979187],"rotationMatrix":[0.579428673,-0.815022528,0,0.815022528,0.579428673,0,0,0,0.999999523],"scale":1,"type":"pole_lighting2"}
{"ctxid":1,"pos":[525.249878,-35.3521385,146.737396],"rotationMatrix":[-0.770730376,-0.637161255,0,0.637161255,-0.770730376,0,0,0,1],"scale":1,"type":"pole_lighting2"}
{"ctxid":1,"pos":[388.28302,-43.6396027,145.04866],"rotationMatrix":[0.637161255,-0.770730138,0,0.770730138,0.637161255,0,0,0,0.999999762],"scale":1,"type":"pole_lighting2"}
{"ctxid":1,"pos":[-135.481415,-229.972,120.021835],"rotationMatrix":[0.805463254,0.592645466,0,-0.592645466,0.805463254,0,0,0,0.999999762],"scale":1,"type":"pole_lighting2"}
{"ctxid":1,"pos":[-299.318268,-199.66217,119.497421],"rotationMatrix":[0.95864892,-0.284590989,0,0.284590989,0.95864892,0,0,0,0.999999762],"scale":1,"type":"pole_lighting2"}
{"ctxid":1,"pos":[-241.387878,-342.424927,119.676552],"rotationMatrix":[-0.0181296468,0.999835491,0,-0.999835491,-0.0181296468,0,0,0,0.999999762],"scale":1,"type":"pole_lighting2"}
{"ctxid":1,"pos":[299.863708,23.8994408,126.954453],"rotationMatrix":[0.985403597,-0.170227706,0,0.170227706,0.985403597,0,0,0,0.99999845],"scale":0.684619129,"type":"pole_lighting2"}
{"ctxid":1,"pos":[264.662537,71.1992035,126.954453],"rotationMatrix":[0.0362137482,0.999342799,0,-0.999342799,0.0362137482,0,0,0,0.999998331],"scale":0.684619129,"type":"pole_lighting2"}
{"ctxid":1,"pos":[221.137924,39.9391975,126.954453],"rotationMatrix":[-0.975450993,0.22021091,0,-0.22021091,-0.975450993,0,0,0,0.99999845],"scale":0.684619129,"type":"pole_lighting2"}
{"ctxid":1,"pos":[261.554047,-7.19032764,126.954453],"rotationMatrix":[0.140406221,-0.990092635,0,0.990092635,0.140406221,0,0,0,0.999998331],"scale":0.684619129,"type":"pole_lighting2"}
{"ctxid":1,"pos":[228.840103,8.49931431,126.954453],"rotationMatrix":[-0.796885669,-0.604128182,0,0.604128182,-0.796885669,0,0,0,0.99999845],"scale":0.684619129,"type":"pole_lighting2"}
{"ctxid":1,"pos":[284.46048,3.29615808,126.954453],"rotationMatrix":[0.60412848,-0.79688555,0,0.79688555,0.60412848,0,0,0,0.999998569],"scale":0.684619129,"type":"pole_lighting2"}
{"ctxid":1,"pos":[236.963989,63.2189178,126.954453],"rotationMatrix":[-0.604128182,0.79688561,0,-0.79688561,-0.604128182,0,0,0,0.99999845],"scale":0.684619129,"type":"pole_lighting2"}
{"ctxid":1,"pos":[377.564728,88.8225327,126.954453],"rotationMatrix":[-0.00626343489,-0.999979138,0,0.999979138,-0.00626343489,0,0,0,0.999998331],"scale":0.684619129,"type":"pole_lighting2"}
{"ctxid":1,"pos":[342.909088,133.086548,126.954453],"rotationMatrix":[-0.99971211,0.0239341203,0,-0.0239341203,-0.99971211,0,0,0,0.999998212],"scale":0.684619129,"type":"pole_lighting2"}
{"ctxid":1,"pos":[384.158844,166.61824,126.954453],"rotationMatrix":[-0.0179705024,0.999837279,0,-0.999837279,-0.0179705024,0,0,0,0.999998331],"scale":0.684619129,"type":"pole_lighting2"}
{"ctxid":1,"pos":[421.979614,113.829735,126.954453],"rotationMatrix":[0.921642005,-0.388038039,0,0.388038039,0.921642005,0,0,0,0.999998212],"scale":0.684619129,"type":"pole_lighting2"}
{"ctxid":1,"pos":[414.591309,150.861572,126.954453],"rotationMatrix":[0.790278792,0.612745404,0,-0.612745404,0.790278792,0,0,0,0.999998331],"scale":0.684619129,"type":"pole_lighting2"}
{"ctxid":1,"pos":[407.737457,96.4304123,126.954453],"rotationMatrix":[0.612745225,-0.790279031,0,0.790279031,0.612745225,0,0,0,0.99999845],"scale":0.684619129,"type":"pole_lighting2"}
{"ctxid":1,"pos":[360.362518,157.531509,126.954453],"rotationMatrix":[-0.612744927,0.79027909,0,-0.79027909,-0.612744927,0,0,0,0.999998331],"scale":0.684619129,"type":"pole_lighting2"}
{"ctxid":1,"pos":[441.214081,70.6185379,129.1633],"rotationMatrix":[-0.605194569,0.796077073,0,-0.796077073,-0.605194569,0,0,0,0.999999404],"scale":1,"type":"pole_lighting2"}
{"ctxid":1,"pos":[352.851685,1.13375759,129.208328],"rotationMatrix":[-0.605194569,0.796077073,0,-0.796077073,-0.605194569,0,0,0,0.999999404],"scale":1,"type":"pole_lighting2"}
{"ctxid":1,"pos":[316.146637,167.710983,128.953232],"rotationMatrix":[0.612745225,-0.790279031,0,0.790279031,0.612745225,0,0,0,0.99999845],"scale":0.684619129,"type":"pole_lighting2"}
{"ctxid":1,