{"ctxid":0,"pos":[-438.300842,711.778992,75.0339127],"rotationMatrix":[0.707106829,0.707106769,0,-0.707106769,0.707106829,0,0,0,1],"scale":1,"type":"pole_thick"}
{"ctxid":0,"pos":[-436.422241,677.899597,75.0543518],"rotationMatrix":[-0.707106709,-0.707106829,0,0.707106829,-0.707106709,0,0,0,1],"scale":1,"type":"pole_thick"}
{"ctxid":0,"pos":[-359.618134,602.040466,75.1340179],"rotationMatrix":[-0.707106709,-0.707106829,0,0.707106829,-0.707106709,0,0,0,1],"scale":1,"type":"pole_thick"}
{"ctxid":0,"pos":[-356.423737,635.314758,75.1135406],"rotationMatrix":[0.707106829,0.707106769,0,-0.707106769,0.707106829,0,0,0,1],"scale":1,"type":"pole_thick"}
{"ctxid":0,"pos":[-122.058426,460.471069,95.5612183],"rotationMatrix":[0.447877645,0.894094825,0,-0.894094825,0.447877645,0,0,0,1],"scale":1,"type":"pole_thick"}
{"ctxid":0,"pos":[-113.194603,478.166107,95.5612183],"rotationMatrix":[0.447877645,0.894094825,0,-0.894094825,0.447877645,0,0,0,1],"scale":1,"type":"pole_thick"}
{"ctxid":0,"pos":[294.516693,580.546204,117.154762],"rotationMatrix":[0.780006468,0.625771463,0,-0.625771463,0.780006468,0,0,0,1],"scale":1,"type":"pole_thick"}
{"ctxid":0,"pos":[308.528534,561.524902,117.154762],"rotationMatrix":[0.801000476,0.598663688,0,-0.598663688,0.801000476,0,0,0,1],"scale":1,"type":"pole_thick"}
{"ctxid":0,"pos":[-372.231354,-377.206116,101.535156],"rotationMatrix":[0.927019715,0.375012547,0,-0.375012547,0.927019715,0,0,0,1],"scale":1.07033682,"type":"pole_thick"}
{"ctxid":0,"pos":[-350.270447,-368.750824,101.535156],"rotationMatrix":[0.931511164,0.363712698,0,-0.363712698,0.931511164,0,0,0,1],"scale":1.06586385,"type":"pole_thick"}
{"ctxid":0,"pos":[-274.496857,-529.852051,108.2332],"rotationMatrix":[0.827714503,0.561149418,0,-0.561149418,0.827714503,0,0,0,1],"scale":1.06586385,"type":"pole_thick"}
{"ctxid":0,"pos":[-294.037201,-542.964966,108.2332],"rotationMatrix":[0.820829868,0.571172774,0,-0.571172774,0.820829868,0,0,0,1],"scale":1.07033682,"type":"pole_thick"}
{"ctxid":0,"pos":[374.684296,-997.208557,137.420303],"rotationMatrix":[-0.0733124018,0.997309029,0,-0.997309029,-0.0733124018,0,0,0,1],"scale":1.07033682,"type":"pole_thick"}
{"ctxid":0,"pos":[373.178802,-966.200195,137.374634],"rotationMatrix":[-0.0611799955,0.998126745,0,-0.998126745,-0.0611799955,0,0,0,1],"scale":1.06586385,"type":"pole_thick"}
{"ctxid":0,"pos":[102.200783,-194.92218,121.651413],"rotationMatrix":[0.955184639,-0.296010673,0,0.296010673,0.955184639,0,0,0,1],"scale":1,"type":"pole_thick"}
{"ctxid":0,"pos":[49.9931145,-657.450989,128.711319],"rotationMatrix":[0.828638792,0.559783638,0,-0.559783638,0.828638792,0,0,0,1],"scale":1,"type":"pole_thick"}
{"ctxid":0,"pos":[139.767029,74.8699265,116.443192],"rotationMatrix":[0.587098122,-0.809515774,0,0.809515774,0.587098122,0,0,0,1],"scale":1.06586385,"type":"pole_thick"}
{"ctxid":0,"pos":[128.691452,90.3928833,116.443192],"rotationMatrix":[0.596898437,-0.802316785,0,0.802316785,0.596898437,0,0,0,1],"scale":1.07033682,"type":"pole_thick"}
{"ctxid":0,"pos":[119.784813,-608.970215,135.052933],"rotationMatrix":[0.810582638,0.585624337,0,-0.585624337,0.810582638,0,0,0,1],"scale":1,"type":"pole_thick"}
{"ctxid":0,"pos":[-36.5957336,-557.40625,126.625153],"rotationMatrix":[-0.355668783,0.934612036,0,-0.934612036,-0.355668783,0,0,0,1],"scale":1,"type":"pole_thick"}
{"ctxid":0,"pos":[-74.3242569,-454.126007,121.350548],"rotationMatrix":[-0.355668783,0.934612036,0,-0.934612036,-0.355668783,0,0,0,1],"scale":1,"type":"pole_thick"}
{"ctxid":0,"pos":[130.386841,-205.138641,124.147568],"rotationMatrix":[0.942698002,-0.333647162,0,0.333647162,0.942698002,0,0,0,1],"scale":1,"type":"pole_thick"}
{"ctxid":0,"pos":[158.645264,-215.276871,126.833946],"rotationMatrix":[0.935489118,-0.353355557,0,0.353355557,0.935489118,0,0,0,1],"scale":1,"type":"pole_thick"}
{"ctxid":0,"pos":[196.146271,758.612305,100.940735],"rotationMatrix":[0.999952495,0.00974654872,0,-0.00974654872,0.999952495,0,0,0,1],"scale":1,"type":"pole_thick"}
{"ctxid":0,"pos":[172.29776,758.3797,100.940735],"rotationMatrix":[0.999952495,0.00974654872,0,-0.00974654872,0.999952495,0,0,0,1],"scale":1,"type":"pole_thick"}
{"ctxid":0,"pos":[939.674866,391.588715,149.174881],"rotationMatrix":[0.946917117,0.32147783,0,-0.32147783,0.946917117,0,0,0,1],"scale":1,"type":"pole_thick"}
{"ctxid":0,"pos":[962.258423,399.256012,149.174881],"rotationMatrix":[0.946917117,0.32147783,0,-0.32147783,0.946917117,0,0,0,1],"scale":1,"type":"pole_thick"}
{"ctxid":0,"pos":[-108.146873,-953.389221,132.513123],"rotationMatrix":[0.368297994,0.929707825,0,-0.929707825,0.368297994,0,0,0,1],"scale":1,"type":"pole_thick"}
{"ctxid":0,"pos":[-95.1327286,-982.08844,132.297699],"rotationMatrix":[-0.301331639,-0.953519464,0,0.953519464,-0.301331639,0,0,0,1],"scale":1,"type":"pole_thick"}
{"ctxid":0,"pos":[-14.0514488,407.39209,101.506348],"rotationMatrix":[0.66454035,-0.747252345,0,0.747252345,0.66454035,0,0,0,1],"scale":1,"type":"pole_thick"}
{"ctxid":0,"pos":[-42.60149,406.007874,101.501404],"rotationMatrix":[-0.664539456,0.747253239,0,-0.747253239,-0.664539456,0,0,0,1],"scale":1,"type":"pole_thick"}
{"ctxid":0,"pos":[-427.962311,156.918411,100.19986],"rotationMatrix":[0.941017747,-0.33835727,0,0.33835727,0.941017747,0,0,0,1],"scale":1,"type":"pole_thick"}
{"ctxid":0,"pos":[-464.715088,144.138275,100.393135],"rotationMatrix":[-0.932206511,0.361926705,0,-0.361926705,-0.932206511,0,0,0,1],"scale":1,"type":"pole_thick"}
{"ctxid":0,"pos":[-283.372192,322.400085,101.688957],"rotationMatrix":[0.44907254,-0.893495262,0,0.893495262,0.44907254,0,0,0,1],"scale":1,"type":"pole_thick"}
{"ctxid":0,"pos":[-306.114075,330.508942,101.97049],"rotationMatrix":[-0.536914825,0.843636513,0,-0.843636513,-0.536914825,0,0,0,1],"scale":1,"type":"pole_thick"}
{"ctxid":0,"pos":[171.978775,638.172485,100.334854],"rotationMatrix":[-0.986844301,0.16167298,0,-0.16167298,-0.986844301,0,0,0,1],"scale":1,"type":"pole_thick"}
{"ctxid":0,"pos":[26.7670631,-768.511902,132.778534],"rotationMatrix":[-0.703324318,0.710869133,0,-0.710869133,-0.703324318,0,0,0,1],"scale":1,"type":"pole_thick"}
{"ctxid":0,"pos":[64.2753906,-767.914368,133.608337],"rotationMatrix":[0.703324437,-0.710869014,0,0.710869014,0.703324437,0,0,0,1],"scale":1,"type":"pole_thick"}
{"ctxid":0,"pos":[486.343903,-433.103577,146.314957],"rotationMatrix":[0.0871278644,-0.996197164,0,0.996197164,0.0871278644,0,0,0,1],"scale":1,"type":"pole_thick"}
{"ctxid":0,"pos":[472.063751,-434.898499,151.467606],"rotationMatrix":[-0.997964382,-0.0637732446,0,0.0637732446,-0.997964382,0,0,0,1],"scale":1,"type":"pole_thick"}
{"ctxid":0,"pos":[482.7052,-369.015625,151.565674],"rotationMatrix":[0.994731069,0.102518752,0,-0.102518752,0.994731069,0,0,0,1],"scale":1,"type":"pole_thick"}
{"ctxid":0,"pos":[469.965881,-370.268036,146.373215],"rotationMatrix":[-0.145451665,0.989365399,0,-0.989365399,-0.145451665,0,0,0,1],"scale":1,"type":"pole_thick"}
{"ctxid":0,"pos":[470.020966,-380.271973,145.884827],"rotationMatrix":[-0.997086644,-0.0762780234,0,0.0762780234,-0.997086644,0,0,0,1],"scale":1,"type":"pole_thick"}
{"ctxid":0,"pos":[954.371826,877.859314,127.775642],"rotationMatrix":[0.888349354,0.459168166,0,-0.459168166,0.888349354,0,0,0,1],"scale":1,"type":"pole_thick"}
{"ctxid":0,"pos":[941.765076,860.402344,132.339035],"rotationMatrix":[-0.894839168,-0.446388572,0,0.446388572,-0.894839168,0,0,0,1],"scale":1,"type":"pole_thick"}
{"ctxid":0,"pos":[878.603027,963.578247,120.488922],"rotationMatrix":[-0.721444964,-0.692471683,0,0.692471683,-0.721444964,0,0,0,1],"scale":1,"type":"pole_thick"}
{"ctxid":0,"pos":[880.461487,984.657349,125.822937],"rotationMatrix":[0.685793102,0.727796555,0,-0.727796555,0.685793102,0,0,0,1],"scale":1,"type":"pole_thick"}
{"ctxid":0,"pos":[989.348633,-809.001953,166.812424],"rotationMatrix":[-0.983520269,-0.180798218,0,0.180798218,-0.983520269,0,0,0,1],"scale":1,"type":"pole_thick"}
{"ctxid":0,"pos":[1007.15417,-793.793457,162.2659],"rotationMatrix":[0.981933832,0.189224556,0,-0.189224556,0.981933832,0,0,0,1],