{"ctxid":0,"pos":[-358.477997,637.244019,74.8242035],"rotationMatrix":[0.707081437,0.707132101,0,-0.707132101,0.707081437,0,0,0,1],"scale":1,"type":"postbox_blue"}
{"ctxid":0,"pos":[-407.334015,649.59198,74.7304306],"rotationMatrix":[-0.707182407,-0.707031131,0,0.707031131,-0.707182407,0,0,0,1],"scale":1,"type":"postbox_blue"}
{"ctxid":0,"pos":[-471.614014,743.620972,74.7169037],"rotationMatrix":[-0.707182407,-0.707031131,0,0.707031131,-0.707182407,0,0,0,1],"scale":1,"type":"postbox_blue"}
{"ctxid":0,"pos":[-456.371002,687.656006,75.1258011],"rotationMatrix":[0.707081437,-0.707132101,0,0.707132101,0.707081437,0,0,0,1],"scale":1,"type":"postbox_blue"}
{"ctxid":0,"pos":[-455.88501,688.208008,75.1343002],"rotationMatrix":[0.707081437,0.707132101,0,-0.707132101,0.707081437,0,0,0,1],"scale":1,"type":"postbox_blue"}
{"ctxid":0,"pos":[-470.825989,527.234009,96.0171967],"rotationMatrix":[0.707081437,0.707132101,0,-0.707132101,0.707081437,0,0,0,1],"scale":1,"type":"postbox_blue"}
{"ctxid":0,"pos":[-470.342987,526.713989,96.0171967],"rotationMatrix":[-0.707182407,0.707031131,0,-0.707031131,-0.707182407,0,0,0,1],"scale":1,"type":"postbox_blue"}
{"ctxid":0,"pos":[-372.437012,428.626007,95.8858032],"rotationMatrix":[-0.707182407,-0.707031131,0,0.707031131,-0.707182407,0,0,0,1],"scale":1,"type":"postbox_blue"}
{"ctxid":0,"pos":[-372.873993,429.18399,95.8858032],"rotationMatrix":[0.707081437,-0.707132101,0,0.707132101,0.707081437,0,0,0,1],"scale":1,"type":"postbox_blue"}
{"ctxid":0,"pos":[-392.356995,448.695007,95.8343964],"rotationMatrix":[-0.707182407,-0.707031131,0,0.707031131,-0.707182407,0,0,0,1],"scale":1,"type":"postbox_blue"}
{"ctxid":0,"pos":[-462.837006,495.056,96.2807007],"rotationMatrix":[-0.707182407,-0.707031131,0,0.707031131,-0.707182407,0,0,0,1],"scale":1,"type":"postbox_blue"}
{"ctxid":0,"pos":[-547.064026,603.380981,89.7564011],"rotationMatrix":[0.707081437,0.707132101,0,-0.707132101,0.707081437,0,0,0,1],"scale":1,"type":"postbox_blue"}
{"ctxid":0,"pos":[-548.200989,571.89801,90.0855026],"rotationMatrix":[0.707081437,0.707132101,0,-0.707132101,0.707081437,0,0,0,1],"scale":1,"type":"postbox_blue"}
{"ctxid":0,"pos":[-780.268005,774.60498,87.615097],"rotationMatrix":[1,0,0,0,1,0,0,0,1],"scale":1,"type":"postbox_blue"}
{"ctxid":0,"pos":[-913.585999,779.234985,91.9458008],"rotationMatrix":[1,0,0,0,1,0,0,0,1],"scale":1,"type":"postbox_blue"}
{"ctxid":0,"pos":[-762.156982,671.908997,106.251999],"rotationMatrix":[1.93119049e-05,1,0,-1,1.93119049e-05,0,0,0,1],"scale":1,"type":"postbox_blue"}
{"ctxid":0,"pos":[-775.744019,543.737,123.790001],"rotationMatrix":[1.93119049e-05,1,0,-1,1.93119049e-05,0,0,0,1],"scale":1,"type":"postbox_blue"}
{"ctxid":0,"pos":[-931.051025,666.88501,112.015999],"rotationMatrix":[1.93119049e-05,1,0,-1,1.93119049e-05,0,0,0,1],"scale":1,"type":"postbox_blue"}
{"ctxid":0,"pos":[-930.255005,666.88501,112.015999],"rotationMatrix":[1,0,0,0,1,0,0,0,1],"scale":1,"type":"postbox_blue"}
{"ctxid":0,"pos":[-926.598022,570.901978,131.039001],"rotationMatrix":[1,0,0,0,1,0,0,0,1],"scale":1,"type":"postbox_blue"}
{"ctxid":0,"pos":[-906.692017,548.361023,131.617004],"rotationMatrix":[1,0,0,0,1,0,0,0,1],"scale":1,"type":"postbox_blue"}
{"ctxid":0,"pos":[-576.888,390.639008,108.824997],"rotationMatrix":[0.707081437,-0.707132101,0,0.707132101,0.707081437,0,0,0,1],"scale":1,"type":"postbox_blue"}
{"ctxid":0,"pos":[-576.400024,391.190002,108.746002],"rotationMatrix":[0.707081437,0.707132101,0,-0.707132101,0.707081437,0,0,0,1],"scale":1,"type":"postbox_blue"}
{"ctxid":0,"pos":[-576.182983,416.649994,108.656998],"rotationMatrix":[0.707081437,0.707132101,0,-0.707132101,0.707081437,0,0,0,1],"scale":1,"type":"postbox_blue"}
{"ctxid":0,"pos":[-665.89801,478.59201,117.238998],"rotationMatrix":[-0.707182407,0.707031131,0,-0.707031131,-0.707182407,0,0,0,1],"scale":1,"type":"postbox_blue"}
{"ctxid":0,"pos":[-665.187012,479.303009,117.179001],"rotationMatrix":[0.707081437,0.707132101,0,-0.707132101,0.707081437,0,0,0,1],"scale":1,"type":"postbox_blue"}
{"ctxid":0,"pos":[-665.302002,302.312012,129.097],"rotationMatrix":[0.707081437,0.707132101,0,-0.707132101,0.707081437,0,0,0,1],"scale":1,"type":"postbox_blue"}
{"ctxid":0,"pos":[-666.328979,301.285004,129.194],"rotationMatrix":[0.707081437,-0.707132101,0,0.707132101,0.707081437,0,0,0,1],"scale":1,"type":"postbox_blue"}
{"ctxid":0,"pos":[-617.086975,216.828995,112.370003],"rotationMatrix":[0.707081437,-0.707132101,0,0.707132101,0.707081437,0,0,0,1],"scale":1,"type":"postbox_blue"}
{"ctxid":0,"pos":[-725.411987,125.586998,119.358002],"rotationMatrix":[0.707081437,-0.707132101,0,0.707132101,0.707081437,0,0,0,1],"scale":1,"type":"postbox_blue"}
{"ctxid":0,"pos":[-691.809998,117.610001,118.069],"rotationMatrix":[0.707081437,-0.707132101,0,0.707132101,0.707081437,0,0,0,1],"scale":1,"type":"postbox_blue"}
{"ctxid":0,"pos":[-720.067993,113.559998,118.247002],"rotationMatrix":[0.707081437,-0.707132101,0,0.707132101,0.707081437,0,0,0,1],"scale":1,"type":"postbox_blue"}
{"ctxid":0,"pos":[-847.356018,272.460999,159.197006],"rotationMatrix":[0.707081437,0.707132101,0,-0.707132101,0.707081437,0,0,0,1],"scale":1,"type":"postbox_blue"}
{"ctxid":0,"pos":[-907.353027,446.019989,152.932007],"rotationMatrix":[1.93119049e-05,1,0,-1,1.93119049e-05,0,0,0,1],"scale":1,"type":"postbox_blue"}
{"ctxid":0,"pos":[-906.283997,446.019989,152.932007],"rotationMatrix":[1,0,0,0,1,0,0,0,1],"scale":1,"type":"postbox_blue"}
{"ctxid":0,"pos":[-875.028992,275.162994,159.309998],"rotationMatrix":[0.707081437,-0.707132101,0,0.707132101,0.707081437,0,0,0,1],"scale":1,"type":"postbox_blue"}
{"ctxid":0,"pos":[-779.816406,206.61644,138.436996],"rotationMatrix":[0.707081437,-0.707132101,0,0.707132101,0.707081437,0,0,0,1],"scale":1,"type":"postbox_blue"}
{"ctxid":0,"pos":[-963.830994,180.289001,157.705994],"rotationMatrix":[0.707081437,-0.707132101,0,0.707132101,0.707081437,0,0,0,1],"scale":1,"type":"postbox_blue"}
{"ctxid":0,"pos":[-418.817902,176.372864,100.102158],"rotationMatrix":[-0.350775003,-0.936459839,0,0.936459839,-0.350775003,0,0,0,1],"scale":1,"type":"postbox_blue"}
