{"ctxid":0,"pos":[-657.749268,176.658829,115.025757],"rotationMatrix":[0.707106829,-0.707106769,0,0.707106769,0.707106829,0,0,0,1],"scale":1,"type":"powerpole1"}
{"ctxid":0,"pos":[-750.000977,149.995636,128.077103],"rotationMatrix":[-0.707106709,-0.707106829,0,0.707106829,-0.707106709,0,0,0,1],"scale":1,"type":"powerpole1"}
{"ctxid":0,"pos":[-785.265076,48.2118225,117.64418],"rotationMatrix":[0.707106829,-0.707106769,0,0.707106769,0.707106829,0,0,0,1],"scale":1,"type":"powerpole1"}
{"ctxid":0,"pos":[-707.530945,102.189598,118.417656],"rotationMatrix":[-0.707106709,0.707106829,0,-0.707106829,-0.707106709,0,0,0,1],"scale":1,"type":"powerpole1"}
{"ctxid":0,"pos":[-775.531311,649.076843,106.653946],"rotationMatrix":[1,1.50995803e-07,0,-1.50995803e-07,1,0,0,0,1],"scale":1,"type":"powerpole1"}
{"ctxid":0,"pos":[-775.531311,606.255493,115.577499],"rotationMatrix":[1,1.50995803e-07,0,-1.50995803e-07,1,0,0,0,1],"scale":1,"type":"powerpole1"}
{"ctxid":0,"pos":[-762.533081,624.856934,111.786392],"rotationMatrix":[1,1.50995803e-07,0,-1.50995803e-07,1,0,0,0,1],"scale":1,"type":"powerpole1"}
{"ctxid":0,"pos":[-762.533081,589.67865,119.050392],"rotationMatrix":[1,1.50995803e-07,0,-1.50995803e-07,1,0,0,0,1],"scale":1,"type":"powerpole1"}
{"ctxid":0,"pos":[-762.522156,474.138,135.842438],"rotationMatrix":[1,1.50995803e-07,0,-1.50995803e-07,1,0,0,0,1],"scale":1,"type":"powerpole1"}
{"ctxid":0,"pos":[-586.77594,215.923203,112.292419],"rotationMatrix":[-0.707106709,-0.707106829,0,0.707106829,-0.707106709,0,0,0,1],"scale":1,"type":"powerpole1"}
{"ctxid":0,"pos":[-396.405151,260.398346,101.139107],"rotationMatrix":[0.707106829,-0.707106769,0,0.707106769,0.707106829,0,0,0,1],"scale":1,"type":"powerpole1"}
{"ctxid":0,"pos":[-328.748322,319.320038,101.692703],"rotationMatrix":[0.650362968,-0.759623408,0,0.759623408,0.650362968,0,0,0,0.999999881],"scale":1,"type":"powerpole1"}
{"ctxid":0,"pos":[-35.2405586,672.089417,74.7055664],"rotationMatrix":[5.96046448e-08,-0.99999994,0,0.99999994,5.96046448e-08,0,0,0,1],"scale":1,"type":"powerpole1"}
{"ctxid":0,"pos":[-733.688477,-585.178284,104.357422],"rotationMatrix":[0.286770165,-0.957999408,0,0.957999408,0.286770165,0,0,0,1],"scale":1,"type":"powerpole1"}
{"ctxid":0,"pos":[-866.213379,-607.957703,100.270218],"rotationMatrix":[0.748041987,-0.663651407,0,0.663651407,0.748041987,0,0,0,1],"scale":1,"type":"powerpole1"}
{"ctxid":0,"pos":[-655.798218,56.1774673,103.112251],"rotationMatrix":[0.707106948,0.70710659,0,-0.70710659,0.707106948,0,0,0,1],"scale":1,"type":"powerpole1"}
{"ctxid":0,"pos":[-640.039124,67.0272675,103.112251],"rotationMatrix":[0.707106411,-0.707107127,0,0.707107127,0.707106411,0,0,0,1],"scale":1,"type":"powerpole1"}
{"ctxid":0,"pos":[-554.628296,152.439957,100.039276],"rotationMatrix":[0.707106411,-0.707107127,0,0.707107127,0.707106411,0,0,0,1],"scale":1,"type":"powerpole1"}
{"ctxid":0,"pos":[-703.337708,-20.2775078,102.17128],"rotationMatrix":[0.707106411,-0.707107127,0,0.707107127,0.707106411,0,0,0,1],"scale":1,"type":"powerpole1"}
{"ctxid":0,"pos":[62.6471672,719.995178,74.551918],"rotationMatrix":[0.498085946,-0.867127419,0,0.867127419,0.498085946,0,0,0,0.999999762],"scale":1,"type":"powerpole1"}
{"ctxid":0,"pos":[-775.672546,675.063049,105.786858],"rotationMatrix":[1,1.50995803e-07,0,-1.50995803e-07,1,0,0,0,1],"scale":1,"type":"powerpole1"}
{"ctxid":0,"pos":[-775.430908,760.150757,87.6303635],"rotationMatrix":[1,1.50995803e-07,0,-1.50995803e-07,1,0,0,0,1],"scale":1,"type":"powerpole1"}
{"ctxid":0,"pos":[-775.672546,819.591431,81.5316772],"rotationMatrix":[1,1.50995803e-07,0,-1.50995803e-07,1,0,0,0,1],"scale":1,"type":"powerpole1"}
{"ctxid":0,"pos":[-707.740051,-578.0448,104.771561],"rotationMatrix":[0.458359122,-0.888767064,0,0.888767064,0.458359122,0,0,0,1],"scale":1,"type":"powerpole1"}
{"ctxid":0,"pos":[-575.046448,-540.368652,116.201584],"rotationMatrix":[-0.258012176,-0.966141582,0,0.966141582,-0.258012176,0,0,0,1],"scale":1,"type":"powerpole1"}
{"ctxid":0,"pos":[-503.508514,-574.81665,122.872261],"rotationMatrix":[-0.41326201,-0.910612226,0,0.910612226,-0.41326201,0,0,0,1],"scale":1,"type":"powerpole1"}
{"ctxid":0,"pos":[-436.818878,-611.355347,128.522614],"rotationMatrix":[-0.505837917,-0.86262846,0,0.86262846,-0.505837917,0,0,0,1],"scale":1,"type":"powerpole1"}
{"ctxid":0,"pos":[-325.610352,-713.904175,133.321533],"rotationMatrix":[-0.689648867,-0.724143982,0,0.724143982,-0.689648867,0,0,0,1],"scale":1,"type":"powerpole1"}
{"ctxid":0,"pos":[-317.328735,-839.114319,134.834],"rotationMatrix":[-0.945857763,-0.324581295,0,0.324581295,-0.945857763,0,0,0,1],"scale":1,"type":"powerpole1"}
{"ctxid":0,"pos":[-159.544785,-927.100098,132.24498],"rotationMatrix":[-0.514901876,-0.857249141,0,0.857249141,-0.514901876,0,0,0,1],"scale":1,"type":"powerpole1"}
