{"ctxid":0,"pos":[-696.822754,137.647339,117.683731],"rotationMatrix":[0.707106829,-0.707106769,0,0.707106769,0.707106829,0,0,0,1],"scale":1,"type":"powerpole2"}
{"ctxid":0,"pos":[-637.52417,196.734085,113.814941],"rotationMatrix":[0.707106829,-0.707106769,0,0.707106769,0.707106829,0,0,0,1],"scale":1,"type":"powerpole2"}
{"ctxid":0,"pos":[-773.784241,174.202301,136.513672],"rotationMatrix":[-0.707106709,-0.707106829,0,0.707106829,-0.707106709,0,0,0,1],"scale":1,"type":"powerpole2"}
{"ctxid":0,"pos":[-765.039978,68.2870789,117.909203],"rotationMatrix":[0.707106829,-0.707106769,0,0.707106769,0.707106829,0,0,0,1],"scale":1,"type":"powerpole2"}
{"ctxid":0,"pos":[-690.455078,90.9008102,114.90773],"rotationMatrix":[-0.707106709,-0.707106829,0,0.707106829,-0.707106709,0,0,0,1],"scale":1,"type":"powerpole2"}
{"ctxid":0,"pos":[-775.453064,568.268188,123.337662],"rotationMatrix":[1,1.50995803e-07,0,-1.50995803e-07,1,0,0,0,1],"scale":1,"type":"powerpole2"}
{"ctxid":0,"pos":[-446.466309,189.522766,100.692787],"rotationMatrix":[0.887606859,-0.460601866,0,0.460601866,0.887606859,0,0,0,1],"scale":1,"type":"powerpole2"}
{"ctxid":0,"pos":[-779.482178,-636.616333,106.175301],"rotationMatrix":[0.748041987,-0.663651407,0,0.663651407,0.748041987,0,0,0,1],"scale":1,"type":"powerpole2"}
{"ctxid":0,"pos":[-843.23645,-581.022095,100.05043],"rotationMatrix":[0.748041987,-0.663651407,0,0.663651407,0.748041987,0,0,0,1],"scale":1,"type":"powerpole2"}
{"ctxid":0,"pos":[-911.859375,-662.602722,103.034988],"rotationMatrix":[0.775809526,-0.63096714,0,0.63096714,0.775809526,0,0,0,1],"scale":1,"type":"powerpole2"}
{"ctxid":0,"pos":[-617.835449,89.140152,101.998779],"rotationMatrix":[0.707106829,-0.707106769,0,0.707106769,0.707106829,0,0,0,1],"scale":1,"type":"powerpole2"}
{"ctxid":0,"pos":[-576.588806,130.387665,100.973618],"rotationMatrix":[0.707106829,-0.707106769,0,0.707106769,0.707106829,0,0,0,1],"scale":1,"type":"powerpole2"}
{"ctxid":0,"pos":[-676.660278,5.58758736,101.810577],"rotationMatrix":[0.707106829,-0.707106769,0,0.707106769,0.707106829,0,0,0,1],"scale":1,"type":"powerpole2"}
{"ctxid":0,"pos":[-78.5604477,672.049011,74.7291641],"rotationMatrix":[5.96046448e-08,-0.99999994,0,0.99999994,5.96046448e-08,0,0,0,1],"scale":1,"type":"powerpole2"}
{"ctxid":0,"pos":[18.1911411,702.050415,74.7291183],"rotationMatrix":[0.413913786,-0.91031611,0,0.91031611,0.413913786,0,0,0,1],"scale":1,"type":"powerpole2"}
{"ctxid":0,"pos":[107.678276,656.433594,74.7291336],"rotationMatrix":[-0.999392748,0.0348425955,0,-0.0348425955,-0.999392748,0,0,0,1],"scale":1,"type":"powerpole2"}
{"ctxid":0,"pos":[29.9174347,588.473877,74.728302],"rotationMatrix":[0.354433298,-0.935081363,0,0.935081363,0.354433298,0,0,0,1],"scale":1,"type":"powerpole2"}
{"ctxid":0,"pos":[-775.276917,705.553223,99.2029648],"rotationMatrix":[1,1.50995803e-07,0,-1.50995803e-07,1,0,0,0,1],"scale":1,"type":"powerpole2"}
{"ctxid":0,"pos":[-775.276917,862.797241,74.9851532],"rotationMatrix":[1,1.50995803e-07,0,-1.50995803e-07,1,0,0,0,1],"scale":1,"type":"powerpole2"}
{"ctxid":0,"pos":[-302.529572,-748.822266,137.134079],"rotationMatrix":[0.999742866,0.0226749144,0,-0.0226749144,0.999742866,0,0,0,1],"scale":1,"type":"powerpole2"}
{"ctxid":0,"pos":[-265.454834,-872.73175,133.794388],"rotationMatrix":[0.589077353,0.80807668,0,-0.80807668,0.589077353,0,0,0,1],"scale":1,"type":"powerpole2"}
{"ctxid":0,"pos":[-100.189514,-921.785706,131.394623],"rotationMatrix":[-0.523559451,0.85198915,0,-0.85198915,-0.523559451,0,0,0,1],"scale":1,"type":"powerpole2"}
