{"ctxid":0,"pos":[-842.928345,2.21246672,118.570724],"rotationMatrix":[0.636044919,0.771271229,-0.0242391229,-0.771633506,0.635498405,-0.0268980898,-0.00534180086,0.0358121134,0.999344289],"scale":1,"type":"powerpole4"}
{"ctxid":0,"pos":[-875.934937,-35.3969841,117.088791],"rotationMatrix":[0.635372937,0.770456374,-0.0519446097,-0.770834744,0.636814713,0.0167574137,0.0459899493,0.0293935016,0.998509347],"scale":1,"type":"powerpole4"}
{"ctxid":0,"pos":[-902.542358,-78.9565887,112.230911],"rotationMatrix":[0.306352556,0.951628208,0.0234933812,-0.951825738,0.305885613,0.0214896426,0.0132638607,-0.0289450102,0.999493003],"scale":1,"type":"powerpole4"}
{"ctxid":0,"pos":[-920.280884,-126.445595,104.215317],"rotationMatrix":[0.353140175,0.935181558,-0.0269729532,-0.93506819,0.351859331,-0.0429246612,-0.0306516625,0.040379975,0.998714149],"scale":1,"type":"powerpole4"}
{"ctxid":0,"pos":[-944.368896,-170.580002,102.428909],"rotationMatrix":[0.575329304,0.817833126,0.012052834,-0.817920864,0.5752424,0.0100822356,0.00131228333,-0.0156588685,0.999876559],"scale":1,"type":"powerpole4"}
{"ctxid":0,"pos":[-975.731873,-210.187836,103.173111],"rotationMatrix":[0.393860042,0.918915927,-0.0216293726,-0.919071972,0.394053221,0.00536741037,0.013455322,0.0177649409,0.999751627],"scale":1,"type":"powerpole4"}
{"ctxid":0,"pos":[-991.445801,-258.105255,101.613602],"rotationMatrix":[0.221274793,0.973982632,-0.0489411578,-0.975082695,0.220151126,-0.0273358449,-0.0158501882,0.053770408,0.99842751],"scale":1,"type":"powerpole4"}
{"ctxid":0,"pos":[-989.343994,-308.382935,101.748032],"rotationMatrix":[-0.105265856,0.993072212,0.0522164516,-0.994177759,-0.106307626,0.0175840296,0.023013223,-0.0500614382,0.998480976],"scale":1,"type":"powerpole4"}
{"ctxid":0,"pos":[-965.63324,-359.172668,101.981949],"rotationMatrix":[-0.536063194,0.843311071,-0.038245827,-0.843876719,-0.536531925,-0.00240576267,-0.0225489102,0.030985117,0.999265492],"scale":1,"type":"powerpole4"}
{"ctxid":0,"pos":[-920.097839,-402.148468,100.469536],"rotationMatrix":[-0.535987973,0.843192577,-0.0417541042,-0.844223142,-0.535452366,0.0240446217,-0.00208308734,0.0481374077,0.998838544],"scale":1,"type":"powerpole4"}
{"ctxid":0,"pos":[-876.178894,-432.325958,96.7774506],"rotationMatrix":[-0.997118592,-0.0709731951,-0.0267845523,0.0715904608,-0.997172713,-0.0228356998,-0.0250880998,-0.0246874187,0.99938035],"scale":1,"type":"powerpole4"}
{"ctxid":0,"pos":[-829.700317,-410.366638,100.037216],"rotationMatrix":[-0.906627417,-0.421930343,-0.00118068838,0.421823174,-0.906326652,-0.0252434872,0.00958090462,-0.0233844817,0.999680638],"scale":1,"type":"powerpole4"}
{"ctxid":0,"pos":[976.77417,-150.302673,149.810776],"rotationMatrix":[-0.127837777,-0.991754591,0.00896200631,0.991712749,-0.12793839,-0.0117260693,0.0127759678,0.00738870073,0.999891102],"scale":1,"type":"powerpole4"}
{"ctxid":0,"pos":[989.361633,-101.633827,150.185608],"rotationMatrix":[-0.127698779,-0.990678012,-0.0474337935,0.991592228,-0.126515269,-0.027179502,0.0209250301,-0.0505057722,0.998504519],"scale":1,"type":"powerpole4"}
{"ctxid":0,"pos":[998.599548,-51.3588715,151.256805],"rotationMatrix":[-0.127763033,-0.991174459,-0.0353524275,0.991751075,-0.127304196,-0.0149491299,0.0103166811,-0.0369707569,0.999263108],"scale":1,"type":"powerpole4"}
{"ctxid":0,"pos":[1005.71271,-2.21279907,152.887939],"rotationMatrix":[-0.0261443853,-0.999606788,-0.0101357987,0.999324381,-0.0258723497,-0.026103653,0.0258311518,-0.0108114146,0.999607861],"scale":1,"type":"powerpole4"}
{"ctxid":0,"pos":[1010.07764,48.0649338,153.225861],"rotationMatrix":[-0.0261207819,-0.998698413,-0.0438093133,0.998990238,-0.0276807547,0.0353880525,-0.0365546606,-0.0428407118,0.998412967],"scale":1,"type":"powerpole4"}
{"ctxid":0,"pos":[1012.50262,98.3426514,154.768982],"rotationMatrix":[-0.0261310339,-0.999098003,0.0334707871,0.999521554,-0.0266669989,-0.0156677663,0.0165462047,0.033045359,0.999316871],"scale":1,"type":"powerpole4"}
{"ctxid":0,"pos":[1012.50262,148.620392,154.282654],"rotationMatrix":[-0.026132822,-0.999162436,-0.0314888991,0.999224067,-0.025179863,-0.0302886907,0.0294704344,-0.0322559923,0.999045074],"scale":1,"type":"powerpole4"}
{"ctxid":0,"pos":[1011.1925,209.09964,155.170441],"rotationMatrix":[0.0933403373,-0.99556911,0.0113922758,0.995593786,0.0934336782,0.00795317255,-0.00898235571,0.0105997268,0.9999035],"scale":1,"type":"powerpole4"}
{"ctxid":0,"pos":[1007.07086,260.116974,157.134781],"rotationMatrix":[0.204684675,-0.977669656,0.0476049669,0.978367746,0.205837548,0.0206750669,-0.030012276,0.0423432924,0.99865222],"scale":1,"type":"powerpole4"}
{"ctxid":0,"pos":[1006.74109,325.481171,157.776062],"rotationMatrix":[0.267908633,-0.963139296,-0.0242391154,0.96289885,0.268518686,-0.0268980861,0.0324152596,-0.0161335878,0.999344289],"scale":1,"type":"powerpole4"}
{"ctxid":0,"pos":[980.332153,358.611084,152.655136],"rotationMatrix":[0.32562387,-0.944071412,-0.0519446135,0.945498824,0.32519418,0.0167574156,0.00107188895,-0.0545701832,0.998509347],"scale":1,"type":"powerpole4"}
{"ctxid":0,"pos":[964.65094,406.78717,150.059525],"rotationMatrix":[0.241202533,-0.970190406,0.0234933775,0.970112205,0.241703451,0.021489637,-0.02652747,0.0176078584,0.999493003],"scale":1,"type":"powerpole4"}
{"ctxid":0,"pos":[950.909485,455.448364,147.003372],"rotationMatrix":[0.241181254,-0.970105231,-0.0269729532,0.96928376,0.242170513,-0.0429246724,0.0481734984,-0.0157918166,0.998714149],"scale":1,"type":"powerpole4"}
{"ctxid":0,"pos":[943.925781,505.887787,145.24585],"rotationMatrix":[0.04572469,-0.9988814,0.0120528359,0.998897612,0.0458470583,0.0100822337,-0.0106235426,0.0115785431,0.999876559],"scale":1,"type":"powerpole4"}
{"ctxid":0,"pos":[952.009033,555.51886,144.930893],"rotationMatrix":[-0.21552062,-0.976259708,-0.0216293707,0.976449013,-0.215681314,0.00536741037,-0.00990503654,-0.01996319,0.999751627],"scale":1,"type":"powerpole4"}
{"ctxid":0,"pos":[972.441772,601.324036,144.11882],"rotationMatrix":[-0.2153126,-0.975318074,-0.0489411466,0.976411223,-0.214182138,-0.027335858,0.0161788352,-0.0536724329,0.99842751],"scale":1,"type":"powerpole4"}
{"ctxid":0,"pos":[993.975525,647.107422,143.149185],"rotationMatrix":[-0.215276957,-0.975156128,0.0522164553,0.976535022,-0.214639783,0.0175840314,-0.00593944825,0.0547766313,0.998480976],"scale":1,"type":"powerpole4"}
{"ctxid":0,"pos":[1014.53931,693.4729,143.248337],"rotationMatrix":[-0.215413213,-0.975773752,-0.038245827,0.97650522,-0.215480447,-0.00240576454,-0.00589374639,-0.0378654823,0.999265492],"scale":1,"type":"powerpole4"}
{"ctxid":0,"pos":[1022.05591,755.110168,141.062775],"rotationMatrix":[0.17832911,-0.983084619,-0.0417541042,0.983837068,0.177444339,0.0240446199,-0.0162288658,-0.0453670919,0.998838544],"scale":1,"type":"powerpole4"}
{"ctxid":0,"pos":[1020.1936,807.955078,140.701157],"rotationMatrix":[0.178420782,-0.983589709,-0.0267845578,0.983576715,0.179040313,-0.0228356998,0.0272564739,-0.0222703014,0.99938035],"scale":1,"type":"powerpole4"}
{"ctxid":0,"pos":[1037.42078,856.143982,136.792358],"rotationMatrix":[-0.613607407,-0.789610445,-0.00118068699,0.78937763,-0.613388658,-0.0252434872,0.0192083009,-0.0164215975,0.999680638],"scale":1,"type":"powerpole4"}
{"ctxid":0,"pos":[-150.728394,22.1110401,121.565811],"rotationMatrix":[-0.737128496,-0.675587475,0.0149363251,0.675318658,-0.737267137,-0.0195412561,0.0242138915,-0.0043176394,0.999697506],"scale":1,"type":"powerpole4"}
{"ctxid":0,"pos":[-116.256622,55.4880028,123.200821],"rotationMatrix":[-0.734906316,-0.673550963,-0.0790035725,0.677608728,-0.734032273,-0.0451985151,-0.0275476743,-0.0867501944,0.995849133],"scale":1,"type":"powerpole4"}
{"ctxid":0,"pos":[-77.1428375,94.9344101,125.909058],"rotationMatrix":[-0.96126163,-0.269271255,-0.0588988885,0.271069586,-0.962237954,-0.0248858687,-0.0499736965,-0.0398875289,0.997953713],"scale":1,"type":"powerpole4"}
{"ctxid":0,"pos":[-24.1878624,85.3298798,122.286697],