{"ctxid":0,"pos":[-261.269653,56.5961533,119.563049],"rotationMatrix":[-0.725041866,-0.688704908,0,0.688704908,-0.725041866,0,0,0,1],"scale":1,"type":"pylon"}
{"ctxid":0,"pos":[-121.607185,202.40799,120.898651],"rotationMatrix":[-0.700685263,-0.713470519,0,0.713470519,-0.700685263,0,0,0,1],"scale":1,"type":"pylon"}
{"ctxid":0,"pos":[17.0968208,324.269348,122.641212],"rotationMatrix":[-0.75839889,-0.651790679,0,0.651790679,-0.75839889,0,0,0,1],"scale":1,"type":"pylon"}
{"ctxid":0,"pos":[162.816162,437.500793,122.883949],"rotationMatrix":[-0.75839889,-0.651790679,0,0.651790679,-0.75839889,0,0,0,1],"scale":1,"type":"pylon"}
{"ctxid":0,"pos":[301.551483,548.951538,122.606171],"rotationMatrix":[-0.75839889,-0.651790679,0,0.651790679,-0.75839889,0,0,0,1],"scale":1,"type":"pylon"}
{"ctxid":0,"pos":[436.124756,650.690796,123.472389],"rotationMatrix":[-0.75839889,-0.651790679,0,0.651790679,-0.75839889,0,0,0,1],"scale":1,"type":"pylon"}
{"ctxid":0,"pos":[592.129944,752.498779,121.797585],"rotationMatrix":[-0.856570363,-0.516030371,0,0.516030371,-0.856570363,0,0,0,1],"scale":1,"type":"pylon"}
{"ctxid":0,"pos":[724.054749,811.944153,122.739067],"rotationMatrix":[-0.695054412,-0.718957305,0,0.718957305,-0.695054412,0,0,0,1],"scale":1,"type":"pylon"}
{"ctxid":0,"pos":[-143.462372,280.899414,113.18914],"rotationMatrix":[-0.94717443,-0.320718765,0,0.320718765,-0.94717443,0,0,0,1],"scale":1,"type":"pylon"}
{"ctxid":0,"pos":[49.1933289,430.0802,117.342773],"rotationMatrix":[-0.748553038,-0.663075089,0,0.663075089,-0.748553038,0,0,0,1],"scale":1,"type":"pylon"}
{"ctxid":0,"pos":[292.228912,622.034973,119.45565],"rotationMatrix":[-0.768843532,-0.639436901,0,0.639436901,-0.768843532,0,0,0,1],"scale":1,"type":"pylon"}
{"ctxid":0,"pos":[342.119812,726.791809,117.558624],"rotationMatrix":[-0.571419835,-0.820657849,0,0.820657849,-0.571419835,0,0,0,1],"scale":1,"type":"pylon"}
{"ctxid":0,"pos":[482.919647,811.758362,127.169205],"rotationMatrix":[-0.822132111,-0.569296777,0,0.569296777,-0.822132111,0,0,0,1],"scale":1,"type":"pylon"}
{"ctxid":0,"pos":[619.345154,894.52356,135.669556],"rotationMatrix":[-0.902216554,-0.431283355,0,0.431283355,-0.902216554,0,0,0,1],"scale":1,"type":"pylon"}
{"ctxid":0,"pos":[782.228882,956.324707,131.420013],"rotationMatrix":[-0.96379745,-0.26663515,0,0.26663515,-0.96379745,0,0,0,1],"scale":1,"type":"pylon"}
{"ctxid":0,"pos":[977.198792,969.458313,140.467514],"rotationMatrix":[-0.999318123,-0.0369216874,0,0.0369216874,-0.999318123,0,0,0,1],"scale":1,"type":"pylon"}
{"ctxid":0,"pos":[-418.065216,-195.698746,108.31649],"rotationMatrix":[-0.631735206,-0.775184095,0,0.775184095,-0.631735206,0,0,0,1],"scale":1,"type":"pylon"}
{"ctxid":0,"pos":[-487.395813,-348.303741,107.223549],"rotationMatrix":[-0.850053787,-0.526696086,0,0.526696086,-0.850053787,0,0,0,1],"scale":1,"type":"pylon"}
{"ctxid":0,"pos":[-610.7229,-401.453613,108.23101],"rotationMatrix":[-0.971227169,-0.238154426,0,0.238154426,-0.971227169,0,0,0,1],"scale":1,"type":"pylon"}
{"ctxid":0,"pos":[-778.901672,-485.140839,103.977028],"rotationMatrix":[-0.679752827,-0.733441234,0,0.733441234,-0.679752827,0,0,0,1],"scale":1,"type":"pylon"}
{"ctxid":0,"pos":[-935.673157,-646.074402,104.509598],"rotationMatrix":[-0.679752827,-0.733441234,0,0.733441234,-0.679752827,0,0,0,1],"scale":1,"type":"pylon"}
{"ctxid":0,"pos":[-1048.71716,-745.951416,107.647781],"rotationMatrix":[-0.719762921,-0.694220006,0,0.694220006,-0.719762921,0,0,0,1],"scale":1,"type":"pylon"}
{"ctxid":0,"pos":[940.285889,-730.98822,173.311493],"rotationMatrix":[-0.576131701,-0.817356884,0,0.817356884,-0.576131701,0,0,0,1],"scale":1,"type":"pylon"}
{"ctxid":0,"pos":[433.591461,-943.88623,147.573074],"rotationMatrix":[-0.993460059,-0.114180624,0,0.114180624,-0.993460059,0,0,0,1],"scale":1,"type":"pylon"}
{"ctxid":0,"pos":[213.83371,-941.666504,137.899506],"rotationMatrix":[-0.983278751,0.182107031,0,-0.182107031,-0.983278751,0,0,0,1],"scale":1,"type":"pylon"}
{"ctxid":0,"pos":[96.6789169,-1002.94153,137.718323],"rotationMatrix":[-0.845185757,-0.534472525,0,0.534472525,-0.845185757,0,0,0,1],"scale":1,"type":"pylon"}
{"ctxid":0,"pos":[993.963013,-379.136688,165.377335],"rotationMatrix":[-0.102570534,-0.994725764,0,0.994725764,-0.102570534,0,0,0,1],"scale":1,"type":"pylon"}
{"ctxid":0,"pos":[973.58252,-204.901505,156.242905],"rotationMatrix":[-0.0635048151,-0.997981489,0,0.997981489,-0.0635048151,0,0,0,1],"scale":1,"type":"pylon"}
{"ctxid":0,"pos":[-279.921631,279.484375,102.467773],"rotationMatrix":[-0.753126621,0.657875597,0,-0.657875597,-0.753126621,0,0,0,1],"scale":1,"type":"pylon"}
{"ctxid":0,"pos":[170.097305,523.927002,115.293358],"rotationMatrix":[-0.748553038,-0.663075089,0,0.663075089,-0.748553038,0,0,0,1],"scale":1,"type":"pylon"}
{"ctxid":0,"pos":[-876.88501,-229.773621,106.964966],"rotationMatrix":[-0.715155363,-0.698965609,0,0.698965609,-0.715155363,0,0,0,1],"scale":1,"type":"pylon"}
{"ctxid":0,"pos":[-671.744507,-120.363213,102.515686],"rotationMatrix":[-0.701659083,-0.712512791,0,0.712512791,-0.701659083,0,0,0,1],"scale":1,"type":"pylon"}
{"ctxid":0,"pos":[-518.946289,27.5729656,102.558434],"rotationMatrix":[-0.771618485,-0.636085689,0,0.636085689,-0.771618485,0,0,0,1],"scale":1,"type":"pylon"}
{"ctxid":0,"pos":[-1097.61646,-417.671509,108.973938],"rotationMatrix":[-0.715155363,-0.698965609,0,0.698965609,-0.715155363,0,0,0,1],"scale":1,"type":"pylon"}
{"ctxid":0,"pos":[93.0850525,724.135742,83.6711578],"rotationMatrix":[0.536252618,-0.84405756,0,0.84405756,0.536252618,0,0,0,1],"scale":1,"type":"pylon"}
{"ctxid":0,"pos":[252.313583,753.747803,108.633591],"rotationMatrix":[-0.902376771,-0.430947989,0,0.430947989,-0.902376771,0,0,0,1],"scale":1,"type":"pylon"}
{"ctxid":0,"pos":[169.271561,708.790588,103.503464],"rotationMatrix":[-0.747455478,-0.664311767,0,0.664311767,-0.747455478,0,0,0,1],"scale":1,"type":"pylon"}
{"ctxid":0,"pos":[104.999031,609.013367,77.6253815],"rotationMatrix":[-0.737462997,-0.675387383,0,0.675387383,-0.737462997,0,0,0,1],"scale":1,"type":"pylon"}
{"ctxid":0,"pos":[963.291138,-571.050659,172.286102],"rotationMatrix":[-0.094835043,-0.995493054,0,0.995493054,-0.094835043,0,0,0,1],"scale":1,"type":"pylon"}
{"ctxid":0,"pos":[566.03418,-912.705566,156.303604],"rotationMatrix":[-0.937050343,-0.34919408,0,0.34919408,-0.937050343,0,0,0,1],"scale":1,"type":"pylon"}
{"ctxid":0,"pos":[775.541809,-817.930054,162.645172],"rotationMatrix":[-0.86017704,-0.509995461,0,0.509995461,-0.86017704,0,0,0,1],"scale":1,"type":"pylon"}
{"ctxid":0,"pos":[-215.266953,1779.84753,99.5381165],"rotationMatrix":[-0.960169137,0.279418558,0,-0.279418558,-0.960169137,0,0,0,0.999999762],"scale":1,"type":"pylon"}
{"ctxid":0,"pos":[-388.384705,1830.22632,91.3010941],"rotationMatrix":[-0.995646179,0.0932094604,0,-0.0932094604,-0.995646179,0,0,0,0.999999642],"scale":1,"type":"pylon"}
{"ctxid":0,"pos":[28.0936089,1741.22839,115.903114],"rotationMatrix":[-0.909201264,0.416355819,0,-0.416355819,-0.909201264,0,0,0,0.999999523],"scale":1,"type":"pylon"}
{"ctxid":0,"pos":[237.978989,1555.9696,84.4481201],"rotationMatrix":[-0.961514473,0.274751782,0,-0.274751782,-0.961514473,0,0,0,0.999999166],"scale":1,"type":"pylon"}
{"ctxid":0,"pos":[-608.72876,1842.16345,98.4678421],"rotationMatrix":[-0.995646179,0.0932094604,0,-0.0932094604,-0.995646179,0,0,0,0.999999642],"scale":1,"type":"pylon"}
{"ctxid":0,"pos":[-849.420105,1907.71802,93.1551743],"rotationMatrix":[-0.847887516,0.530175269,0,-0.530175269,-0.847887516,0,0,0,0.999999523],"scale":1,"type":"pylon"}
{"ctxid":1,"pos":[-377.592682,-62.2037201,108.590126],"rotationMatrix":[-0.716901064,-0.697174191,0,0.697174191,-0.716901064,0,0,0,0.999999642],"scale":1,"type":"pylon"}
