{"ctxid":0,"pos":[927.393982,-221.355453,148.901779],"rotationMatrix":[0.799709737,-0.600386798,0,0.600386798,0.799709737,0,0,0,1],"scale":1,"type":"road_support1"}
{"ctxid":0,"pos":[958.769409,-165.028488,148.099731],"rotationMatrix":[0.924453378,-0.381295145,0,0.381295145,0.924453378,0,0,0,1],"scale":1,"type":"road_support1"}
{"ctxid":0,"pos":[-402.233948,59.394043,113.096405],"rotationMatrix":[0.689842105,-0.723959863,0,0.723959863,0.689842105,0,0,0,1],"scale":1,"type":"road_support1"}
{"ctxid":0,"pos":[-213.659378,511.927979,82.1224136],"rotationMatrix":[0.689842105,-0.723959863,0,0.723959863,0.689842105,0,0,0,1],"scale":1,"type":"road_support1"}
{"ctxid":0,"pos":[-238.291641,521.462158,80.5249023],"rotationMatrix":[0.689842105,-0.723959863,0,0.723959863,0.689842105,0,0,0,1],"scale":1,"type":"road_support1"}
{"ctxid":0,"pos":[-261.546631,540.039795,76.6207581],"rotationMatrix":[0.689842105,-0.723959863,0,0.723959863,0.689842105,0,0,0,1],"scale":1,"type":"road_support1"}
{"ctxid":0,"pos":[-190.160339,184.632172,112.490677],"rotationMatrix":[0.68666923,-0.726969957,0,0.726969957,0.68666923,0,0,0,1],"scale":1,"type":"road_support1"}
{"ctxid":0,"pos":[-222.810318,217.559341,111.501175],"rotationMatrix":[0.68666923,-0.726969957,0,0.726969957,0.68666923,0,0,0,1],"scale":1,"type":"road_support1"}
{"ctxid":0,"pos":[-283.058624,251.870468,106.137779],"rotationMatrix":[0.68666923,-0.726969957,0,0.726969957,0.68666923,0,0,0,1],"scale":1,"type":"road_support1"}
{"ctxid":0,"pos":[-327.451996,236.40506,100.167366],"rotationMatrix":[0.68666923,-0.726969957,0,0.726969957,0.68666923,0,0,0,1],"scale":1,"type":"road_support1"}
{"ctxid":0,"pos":[-482.103363,-82.4318695,98.6587601],"rotationMatrix":[0.997784257,0.0665329322,0,-0.0665329322,0.997784257,0,0,0,1],"scale":1,"type":"road_support1"}
{"ctxid":0,"pos":[-481.397644,-99.3605804,98.6587601],"rotationMatrix":[0.99793905,0.0641685948,0,-0.0641685948,0.99793905,0,0,0,1],"scale":1,"type":"road_support1"}
{"ctxid":0,"pos":[-479.907928,-126.316063,98.9085617],"rotationMatrix":[0.99382627,0.11094752,0,-0.11094752,0.99382627,0,0,0,1],"scale":1,"type":"road_support1"}
{"ctxid":0,"pos":[-478.292328,-144.536041,98.9085617],"rotationMatrix":[0.99382627,0.11094752,0,-0.11094752,0.99382627,0,0,0,1],"scale":1,"type":"road_support1"}
{"ctxid":0,"pos":[-351.362122,88.0269623,103.905449],"rotationMatrix":[0.999950528,-0.00994537957,0,0.00994537957,0.999950528,0,0,0,1],"scale":1,"type":"road_support1"}
{"ctxid":0,"pos":[-537.251953,-171.514603,105.791885],"rotationMatrix":[0.686313987,-0.727305412,0,0.727305412,0.686313987,0,0,0,1],"scale":1,"type":"road_support1"}
{"ctxid":0,"pos":[-515.868896,-103.751122,107.036919],"rotationMatrix":[0.686313987,-0.727305412,0,0.727305412,0.686313987,0,0,0,1],"scale":1,"type":"road_support1"}
{"ctxid":0,"pos":[-481.918488,-44.2383499,106.623917],"rotationMatrix":[0.999900281,0.0141226444,0,-0.0141226444,0.999900281,0,0,0,1],"scale":1,"type":"road_support1"}
{"ctxid":0,"pos":[-448.763763,-2.369277,106.284683],"rotationMatrix":[0.999965131,-0.00834732689,0,0.00834732689,0.999965131,0,0,0,1],"scale":1,"type":"road_support1"}
{"ctxid":0,"pos":[-403.028595,43.6460876,105.378487],"rotationMatrix":[0.999965131,-0.00834732689,0,0.00834732689,0.999965131,0,0,0,1],"scale":1,"type":"road_support1"}
{"ctxid":0,"pos":[-595.345642,-305.880188,106.743416],"rotationMatrix":[0.697176278,-0.716899753,0,0.716899753,0.697176278,0,0,0,1],"scale":1,"type":"road_support1"}
{"ctxid":0,"pos":[-552.9151,-266.915497,109.480202],"rotationMatrix":[0.683868408,-0.729605377,0,0.729605377,0.683868408,0,0,0,1],"scale":1,"type":"road_support1"}
{"ctxid":0,"pos":[-500.888763,-216.112289,112.914368],"rotationMatrix":[0.981870592,0.189552546,0,-0.189552546,0.981870592,0,0,0,1],"scale":1,"type":"road_support1"}
{"ctxid":0,"pos":[-384.750549,177.544327,103.951088],"rotationMatrix":[0.689842105,-0.723959863,0,0.723959863,0.689842105,0,0,0,1],"scale":1,"type":"road_support1"}
{"ctxid":0,"pos":[-393.49942,138.76442,107.517982],"rotationMatrix":[0.689842105,-0.723959863,0,0.723959863,0.689842105,0,0,0,1],"scale":1,"type":"road_support1"}
{"ctxid":0,"pos":[-404.932526,18.6156483,115.495529],"rotationMatrix":[0.689842105,-0.723959863,0,0.723959863,0.689842105,0,0,0,1],"scale":1,"type":"road_support1"}
{"ctxid":0,"pos":[-411.093903,-38.4062119,116.69455],"rotationMatrix":[0.689842105,-0.723959863,0,0.723959863,0.689842105,0,0,0,1],"scale":1,"type":"road_support1"}
{"ctxid":0,"pos":[-429.438416,-110.063148,116.682129],"rotationMatrix":[0.924453378,-0.381295145,0,0.381295145,0.924453378,0,0,0,1],"scale":1,"type":"road_support1"}
{"ctxid":0,"pos":[-452.716797,-155.091003,115.644218],"rotationMatrix":[0.834865928,-0.550453305,0,0.550453305,0.834865928,0,0,0,1],"scale":1,"type":"road_support1"}
{"ctxid":0,"pos":[-473.681488,-184.237671,114.402557],"rotationMatrix":[0.981870592,0.189552546,0,-0.189552546,0.981870592,0,0,0,1],"scale":1,"type":"road_support1"}
{"ctxid":0,"pos":[334.762848,1800.42627,76.7986679],"rotationMatrix":[0.689842105,-0.723959863,0,0.723959863,0.689842105,0,0,0,1],"scale":1,"type":"road_support1"}
{"ctxid":0,"pos":[336.704041,1758.98523,76.8852921],"rotationMatrix":[0.689842105,-0.723959863,0,0.723959863,0.689842105,0,0,0,1],"scale":1,"type":"road_support1"}
{"ctxid":0,"pos":[323.408417,1834.11267,77.2775955],"rotationMatrix":[0.689842105,-0.723959863,0,0.723959863,0.689842105,0,0,0,1],"scale":1,"type":"road_support1"}
{"ctxid":0,"pos":[339.062683,1702.76978,76.7539978],"rotationMatrix":[0.689842105,-0.723959863,0,0.723959863,0.689842105,0,0,0,1],"scale":1,"type":"road_support1"}
