{"ctxid":0,"pos":[-484.766632,-234.58519,99.1241074],"rotationMatrix":[0.635616064,0.772005379,0,-0.772005379,0.635616064,0,0,0,1],"scale":1,"type":"sandbarrel"}
{"ctxid":0,"pos":[-485.126801,-224.637863,99.1409836],"rotationMatrix":[0.635616064,0.772005379,0,-0.772005379,0.635616064,0,0,0,1],"scale":1,"type":"sandbarrel"}
{"ctxid":0,"pos":[-485.006927,-225.998398,99.1494217],"rotationMatrix":[0.635616064,0.772005379,0,-0.772005379,0.635616064,0,0,0,1],"scale":1,"type":"sandbarrel"}
{"ctxid":0,"pos":[-484.978851,-227.398056,99.1575089],"rotationMatrix":[0.635616064,0.772005379,0,-0.772005379,0.635616064,0,0,0,1],"scale":1,"type":"sandbarrel"}
{"ctxid":0,"pos":[-485.17276,-228.806686,99.2164917],"rotationMatrix":[0.635616064,0.772005379,0,-0.772005379,0.635616064,0,0,0,1],"scale":1,"type":"sandbarrel"}
{"ctxid":0,"pos":[-483.886444,-229.39595,99.2446823],"rotationMatrix":[0.635616064,0.772005379,0,-0.772005379,0.635616064,0,0,0,1],"scale":1,"type":"sandbarrel"}
{"ctxid":0,"pos":[-484.974243,-230.254684,99.2031937],"rotationMatrix":[0.635616064,0.772005379,0,-0.772005379,0.635616064,0,0,0,1],"scale":1,"type":"sandbarrel"}
{"ctxid":0,"pos":[-483.645691,-230.793564,99.2432785],"rotationMatrix":[0.635616064,0.772005379,0,-0.772005379,0.635616064,0,0,0,1],"scale":1,"type":"sandbarrel"}
{"ctxid":0,"pos":[-484.792664,-231.621384,99.1832581],"rotationMatrix":[0.635616064,0.772005379,0,-0.772005379,0.635616064,0,0,0,1],"scale":1,"type":"sandbarrel"}
{"ctxid":0,"pos":[-483.483887,-232.233551,99.204155],"rotationMatrix":[0.635616064,0.772005379,0,-0.772005379,0.635616064,0,0,0,1],"scale":1,"type":"sandbarrel"}
{"ctxid":0,"pos":[-484.730347,-233.176453,99.1624756],"rotationMatrix":[0.635616064,0.772005379,0,-0.772005379,0.635616064,0,0,0,1],"scale":1,"type":"sandbarrel"}
{"ctxid":0,"pos":[-483.329956,-234.025162,99.1795807],"rotationMatrix":[0.635616064,0.772005379,0,-0.772005379,0.635616064,0,0,0,1],"scale":1,"type":"sandbarrel"}
{"ctxid":0,"pos":[340.746979,649.783752,116.280716],"rotationMatrix":[0.976854324,-0.213842332,0.0052012275,0.213810623,0.97685647,0.00604257872,-0.00637301197,-0.00479064183,0.999968231],"scale":1,"type":"sandbarrel"}
{"ctxid":0,"pos":[349.436218,654.638428,116.174118],"rotationMatrix":[0.976854324,-0.213842332,0.0052012275,0.213810623,0.97685647,0.00604257872,-0.00637301197,-0.00479064183,0.999968231],"scale":1,"type":"sandbarrel"}
{"ctxid":0,"pos":[348.279846,653.91156,116.191292],"rotationMatrix":[0.976854324,-0.213842332,0.0052012275,0.213810623,0.97685647,0.00604257872,-0.00637301197,-0.00479064183,0.999968231],"scale":1,"type":"sandbarrel"}
{"ctxid":0,"pos":[347.046844,653.248535,116.213509],"rotationMatrix":[0.976854324,-0.213842332,0.0052012275,0.213810623,0.97685647,0.00604257872,-0.00637301197,-0.00479064183,0.999968231],"scale":1,"type":"sandbarrel"}
{"ctxid":0,"pos":[345.704315,652.778809,116.236206],"rotationMatrix":[0.976854324,-0.213842332,0.0052012275,0.213810623,0.97685647,0.00604257872,-0.00637301197,-0.00479064183,0.999968231],"scale":1,"type":"sandbarrel"}
{"ctxid":0,"pos":[345.635559,651.416809,116.207359],"rotationMatrix":[0.976056516,-0.211813897,-0.0494790338,0.214938298,0.97412163,0.0699174777,0.0333890915,-0.0788783729,0.996324658],"scale":1,"type":"sandbarrel"}
{"ctxid":0,"pos":[344.506165,651.942139,116.241592],"rotationMatrix":[0.976854324,-0.213842332,0.0052012275,0.213810623,0.97685647,0.00604257872,-0.00637301197,-0.00479064183,0.999968231],"scale":1,"type":"sandbarrel"}
{"ctxid":0,"pos":[344.447479,650.462036,116.214165],"rotationMatrix":[0.976131082,-0.209550202,-0.0570658483,0.213067919,0.974891007,0.064725399,0.0420697592,-0.0753393918,0.996269941],"scale":1,"type":"sandbarrel"}
{"ctxid":0,"pos":[343.37265,651.157715,116.250473],"rotationMatrix":[0.976854324,-0.213842332,0.0052012275,0.213810623,0.97685647,0.00604257872,-0.00637301197,-0.00479064183,0.999968231],"scale":1,"type":"sandbarrel"}
{"ctxid":0,"pos":[343.187744,649.705811,116.233139],"rotationMatrix":[0.974052727,-0.212718919,-0.0772777125,0.216465995,0.97530818,0.0437743999,0.0660579354,-0.0593665764,0.996048033],"scale":1,"type":"sandbarrel"}
{"ctxid":0,"pos":[342.01709,650.393433,116.278259],"rotationMatrix":[0.976854324,-0.213842332,0.0052012275,0.213810623,0.97685647,0.00604257872,-0.00637301197,-0.00479064183,0.999968231],"scale":1,"type":"sandbarrel"}
{"ctxid":0,"pos":[342.048767,648.901062,116.222626],"rotationMatrix":[0.974518716,-0.212861404,-0.07073313,0.216592968,0.974979401,0.0500248447,0.0583149903,-0.0640704557,0.996239901],"scale":1,"type":"sandbarrel"}
{"ctxid":0,"pos":[-951.814575,-549.375183,104.434608],"rotationMatrix":[0.635734797,0.771811426,-0.0121831158,-0.771661103,0.635053873,-0.0352943279,-0.019503627,0.031839069,0.999302685],"scale":1,"type":"sandbarrel"}
{"ctxid":0,"pos":[-950.710754,-549.649963,104.461884],"rotationMatrix":[0.232043207,0.972426355,-0.0233035609,-0.972549021,0.231509566,-0.023489438,-0.0174467489,0.0281144194,0.999452472],"scale":1,"type":"sandbarrel"}
{"ctxid":0,"pos":[-948.280701,-548.899048,104.513947],"rotationMatrix":[0.122775018,0.992184162,-0.0222899169,-0.992350221,0.122440875,-0.0157877915,-0.0129351998,0.0240577497,0.999626875],"scale":1,"type":"sandbarrel"}
{"ctxid":0,"pos":[-947.173584,-548.196228,104.511375],"rotationMatrix":[-0.740038633,0.672066987,-0.0258576497,-0.672437608,-0.740098238,0.0090583954,-0.0130493557,0.0240912195,0.99962461],"scale":1,"type":"sandbarrel"}
{"ctxid":0,"pos":[-949.606201,-549.002136,104.462234],"rotationMatrix":[-0.84501338,0.534187555,-0.0244170446,-0.534561396,-0.845039129,0.0123758595,-0.0140223261,0.0235101748,0.999625266],"scale":1,"type":"sandbarrel"}
{"ctxid":0,"pos":[-902.745972,-535.693787,104.747284],"rotationMatrix":[0.416883081,-0.908561945,0.0268996432,0.908889413,0.41703701,0.000122950412,-0.0113298548,0.0243975446,0.999638021],"scale":1,"type":"sandbarrel"}
{"ctxid":0,"pos":[-901.820557,-534.629517,104.731796],"rotationMatrix":[-0.158822834,0.986967564,-0.0258883946,-0.987241983,-0.15905866,-0.00730731757,-0.0113298614,0.0243975446,0.999638021],"scale":1,"type":"sandbarrel"}
{"ctxid":0,"pos":[-900.895142,-533.680969,104.719131],"rotationMatrix":[-0.85457027,-0.519327283,0.00298922579,0.519212306,-0.854227126,0.0267333221,-0.0113298623,0.0243975408,0.999638021],"scale":1,"type":"sandbarrel"}
{"ctxid":0,"pos":[-899.931213,-532.813293,104.708511],"rotationMatrix":[-0.0509544611,0.998383522,-0.0251784846,-0.998638272,-0.0512174368,-0.00991579145,-0.0111893425,0.0246389434,0.999633789],"scale":1,"type":"sandbarrel"}
{"ctxid":0,"pos":[-899.082886,-531.86853,104.694717],"rotationMatrix":[0.113061249,0.99331671,-0.0232176986,-0.993524969,0.112760007,-0.013900267,-0.0111893397,0.0246389452,0.999633789],"scale":1,"type":"sandbarrel"}
{"ctxid":0,"pos":[-898.190247,-530.942444,104.681885],"rotationMatrix":[0.481696129,0.876188517,-0.0162044279,-0.876266956,0.481338382,-0.0216724556,-0.0111893406,0.0246389415,0.999633789],"scale":1,"type":"sandbarrel"}
{"ctxid":0,"pos":[-897.253052,-529.982849,104.66835],"rotationMatrix":[0.623746276,0.781525791,-0.0125740375,-0.781549037,0.623376369,-0.0241467394,-0.011032939,0.0248886645,0.999629319],"scale":1,"type":"sandbarrel"}
{"ctxid":0,"pos":[-896.222046,-529.166077,104.659393],"rotationMatrix":[0.795650661,0.605722964,-0.00629960839,-0.605655253,0.795286238,-0.0264855847,-0.0110329343,0.0248886645,0.999629319],"scale":1,"type":"sandbarrel"}
{"ctxid":0,"pos":[-895.405334,-528.175232,104.643745],"rotationMatrix":[0.920207679,0.391430229,0.000410569832,-0.391274899,0.919871151,-0.0272213463,-0.0110329296,0.0248886477,0.999629319],"scale":1,"type":"sandbarrel"}
{"ctxid":0,"pos":[-894.481506,-527.171021,104.628601],"rotationMatrix":[0.985552847,0.169244349,0.00647495221,-0.169018149,0.985253692,-0.0266092308,-0.0108829318,0.0251304172,0.999624968],"scale":1,"type":"sandbarrel"}
{"ctxid":0,"pos":[-893.443726,-526.334167,104.618866],