{"ctxid":0,"pos":[-108.642441,-368.244659,125.350685],"rotationMatrix":[0.996608496,0.0822882354,0,-0.0822882354,0.996608496,0,0,0,0.999999881],"scale":1,"type":"seating1"}
{"ctxid":0,"pos":[-84.9654007,-392.342987,125.369965],"rotationMatrix":[0.33391118,-0.942604542,0,0.942604542,0.33391118,0,0,0,1],"scale":1,"type":"seating1"}
{"ctxid":0,"pos":[-77.7714005,-412.653992,125.383102],"rotationMatrix":[0.33391118,-0.942604542,0,0.942604542,0.33391118,0,0,0,1],"scale":1,"type":"seating1"}
{"ctxid":0,"pos":[-130.115723,-370.019318,125.352692],"rotationMatrix":[0.996608496,0.0822882354,0,-0.0822882354,0.996608496,0,0,0,0.999999881],"scale":1,"type":"seating1"}
{"ctxid":0,"pos":[-58.8604012,-637.916992,133.496033],"rotationMatrix":[0.350199938,0.936674953,0,-0.936674953,0.350199938,0,0,0,1],"scale":1,"type":"seating1"}
{"ctxid":0,"pos":[-3.37059999,-707.351013,133.761993],"rotationMatrix":[-0.83476162,-0.550611496,0,0.550611496,-0.83476162,0,0,0,1],"scale":1,"type":"seating1"}
{"ctxid":0,"pos":[-57.0918999,-693.828979,134.130005],"rotationMatrix":[-0.790967464,0.611858189,0,-0.611858189,-0.790967464,0,0,0,1],"scale":1,"type":"seating1"}
{"ctxid":0,"pos":[-40.0494995,-707.013,134.132996],"rotationMatrix":[-0.790967464,0.611858189,0,-0.611858189,-0.790967464,0,0,0,1],"scale":1,"type":"seating1"}
{"ctxid":0,"pos":[-66.407402,-658.099976,134.162201],"rotationMatrix":[0.350199938,0.936674953,0,-0.936674953,0.350199938,0,0,0,1],"scale":1,"type":"seating1"}
{"ctxid":0,"pos":[14.6183996,-695.48999,133.764999],"rotationMatrix":[-0.83476162,-0.550611496,0,0.550611496,-0.83476162,0,0,0,1],"scale":1,"type":"seating1"}
{"ctxid":0,"pos":[792.078979,679.934021,137.996994],"rotationMatrix":[0.310627103,-0.95053184,0,0.95053184,0.310627103,0,0,0,1],"scale":1,"type":"seating1"}
{"ctxid":0,"pos":[785.346008,700.538025,137.935242],"rotationMatrix":[0.310627103,-0.95053184,0,0.95053184,0.310627103,0,0,0,1],"scale":1,"type":"seating1"}
{"ctxid":0,"pos":[699.541992,603.22699,126.154144],"rotationMatrix":[-0.666407704,-0.745587528,0,0.745587528,-0.666407704,0,0,0,1],"scale":1,"type":"seating1"}
{"ctxid":0,"pos":[685.179993,587.164001,126.140381],"rotationMatrix":[-0.666407704,-0.745587528,0,0.745587528,-0.666407704,0,0,0,1],"scale":1,"type":"seating1"}
{"ctxid":0,"pos":[647.801025,544.361023,123.691139],"rotationMatrix":[-0.666407704,-0.745587528,0,0.745587528,-0.666407704,0,0,0,1],"scale":1,"type":"seating1"}
{"ctxid":0,"pos":[662.163025,560.424011,123.678978],"rotationMatrix":[-0.666407704,-0.745587528,0,0.745587528,-0.666407704,0,0,0,1],"scale":1,"type":"seating1"}
{"ctxid":0,"pos":[413.122375,49.5196381,129.603821],"rotationMatrix":[-0.790588975,-0.612347186,0,0.612347186,-0.790588975,0,0,0,1],"scale":1,"type":"seating1"}
{"ctxid":0,"pos":[379.0784,23.1447964,129.603821],"rotationMatrix":[-0.790588975,-0.612347186,0,0.612347186,-0.790588975,0,0,0,1],"scale":1,"type":"seating1"}
{"ctxid":0,"pos":[362.111877,10.0005589,129.603821],"rotationMatrix":[-0.790588975,-0.612347186,0,0.612347186,-0.790588975,0,0,0,1],"scale":1,"type":"seating1"}
{"ctxid":0,"pos":[623.974304,-81.8680038,151.590195],"rotationMatrix":[-0.999753952,-0.0221756101,0,0.0221756101,-0.999753952,0,0,0,0.999999881],"scale":1,"type":"seating1"}
{"ctxid":0,"pos":[645.516541,-81.3940506,151.593185],"rotationMatrix":[-0.999753952,-0.0221756101,0,0.0221756101,-0.999753952,0,0,0,0.999999881],"scale":1,"type":"seating1"}
{"ctxid":0,"pos":[721.542114,-25.4002552,153.958298],"rotationMatrix":[-0.991432607,-0.130616009,0,0.130616009,-0.991432607,0,0,0,0.999999523],"scale":1,"type":"seating1"}
{"ctxid":0,"pos":[700.178711,-28.210844,153.955307],"rotationMatrix":[-0.991432607,-0.130616009,0,0.130616009,-0.991432607,0,0,0,0.999999523],"scale":1,"type":"seating1"}
{"ctxid":1,"pos":[83.2202682,173.358978,120.130547],"rotationMatrix":[0.820466995,0.571693182,0,-0.571693182,0.820466995,0,0,0,0.999999642],"scale":1,"type":"seating1"}
{"ctxid":1,"pos":[100.771812,185.588715,120.130547],"rotationMatrix":[0.820466995,0.571693182,0,-0.571693182,0.820466995,0,0,0,0.999999642],"scale":1,"type":"seating1"}
{"ctxid":1,"pos":[396.11145,36.335701,129.603821],"rotationMatrix":[-0.790588975,-0.612347186,0,0.612347186,-0.790588975,0,0,0,1],"scale":1,"type":"seating1"}
{"ctxid":1,"pos":[430.159912,62.7036667,129.603821],"rotationMatrix":[-0.790588975,-0.612347186,0,0.612347186,-0.790588975,0,0,0,1],"scale":1,"type":"seating1"}
