{"ctxid":0,"pos":[-11.5511265,-66.9560928,123.058235],"rotationMatrix":[-0.807660937,-0.589647174,0,0.589647174,-0.807660937,0,0,0,1],"scale":1,"type":"seating1"}
{"ctxid":0,"pos":[6.0853734,-54.0834923,123.058235],"rotationMatrix":[-0.807660937,-0.589647174,0,0.589647174,-0.807660937,0,0,0,1],"scale":1,"type":"seating1"}
{"ctxid":0,"pos":[-29.017128,-79.7042923,123.058235],"rotationMatrix":[-0.807660937,-0.589647174,0,0.589647174,-0.807660937,0,0,0,1],"scale":1,"type":"seating1"}
{"ctxid":0,"pos":[-67.5513,-107.83049,123.058235],"rotationMatrix":[-0.807660937,-0.589647174,0,0.589647174,-0.807660937,0,0,0,1],"scale":1,"type":"seating1"}
{"ctxid":0,"pos":[-85.1842957,-120.700493,123.058235],"rotationMatrix":[-0.807660937,-0.589647174,0,0.589647174,-0.807660937,0,0,0,1],"scale":1,"type":"seating1"}
{"ctxid":0,"pos":[-102.821289,-133.573517,123.058235],"rotationMatrix":[-0.807660937,-0.589647174,0,0.589647174,-0.807660937,0,0,0,1],"scale":1,"type":"seating1"}
{"ctxid":0,"pos":[-16.6124992,-211.565002,125.226997],"rotationMatrix":[-0.842432141,0.538802445,0,-0.538802445,-0.842432141,0,0,0,1],"scale":1,"type":"seating1"}
{"ctxid":0,"pos":[-34.9504013,-199.843994,125.386002],"rotationMatrix":[-0.842432141,0.538802445,0,-0.538802445,-0.842432141,0,0,0,1],"scale":1,"type":"seating1"}
{"ctxid":0,"pos":[-53.1058998,-188.238998,125.742996],"rotationMatrix":[-0.842432141,0.538802445,0,-0.538802445,-0.842432141,0,0,0,1],"scale":1,"type":"seating1"}
{"ctxid":0,"pos":[-34.9920006,-142.106003,127.639],"rotationMatrix":[0.815896869,0.578197479,0,-0.578197479,0.815896869,0,0,0,1],"scale":1,"type":"seating1"}
{"ctxid":0,"pos":[-52.5718002,-154.565002,127.640999],"rotationMatrix":[0.815896869,0.578197479,0,-0.578197479,0.815896869,0,0,0,1],"scale":1,"type":"seating1"}
{"ctxid":0,"pos":[-120.286301,-146.321503,123.058235],"rotationMatrix":[-0.807660937,-0.589647174,0,0.589647174,-0.807660937,0,0,0,1],"scale":1,"type":"seating1"}
{"ctxid":0,"pos":[-106.275002,-370.082001,126.352997],"rotationMatrix":[0.999468565,0.0325973555,0,-0.0325973555,0.999468565,0,0,0,1],"scale":1,"type":"seating1"}
{"ctxid":0,"pos":[-84.9654007,-392.342987,126.355003],"rotationMatrix":[0.33391118,-0.942604542,0,0.942604542,0.33391118,0,0,0,1],"scale":1,"type":"seating1"}
{"ctxid":0,"pos":[-77.7714005,-412.653992,126.352997],"rotationMatrix":[0.33391118,-0.942604542,0,0.942604542,0.33391118,0,0,0,1],"scale":1,"type":"seating1"}
{"ctxid":0,"pos":[-127.809998,-370.786011,126.355003],"rotationMatrix":[0.999468565,0.0325973555,0,-0.0325973555,0.999468565,0,0,0,1],"scale":1,"type":"seating1"}
{"ctxid":0,"pos":[-58.8604012,-637.916992,134.130005],"rotationMatrix":[0.350199938,0.936674953,0,-0.936674953,0.350199938,0,0,0,1],"scale":1,"type":"seating1"}
{"ctxid":0,"pos":[-3.37059999,-707.351013,133.761993],"rotationMatrix":[-0.83476162,-0.550611496,0,0.550611496,-0.83476162,0,0,0,1],"scale":1,"type":"seating1"}
{"ctxid":0,"pos":[-57.0918999,-693.828979,134.130005],"rotationMatrix":[-0.790967464,0.611858189,0,-0.611858189,-0.790967464,0,0,0,1],"scale":1,"type":"seating1"}
{"ctxid":0,"pos":[-40.0494995,-707.013,134.132996],"rotationMatrix":[-0.790967464,0.611858189,0,-0.611858189,-0.790967464,0,0,0,1],"scale":1,"type":"seating1"}
{"ctxid":0,"pos":[-66.407402,-658.099976,134.132996],"rotationMatrix":[0.350199938,0.936674953,0,-0.936674953,0.350199938,0,0,0,1],"scale":1,"type":"seating1"}
{"ctxid":0,"pos":[344.299988,-2.36540008,131.809998],"rotationMatrix":[-0.790588975,-0.612347186,0,0.612347186,-0.790588975,0,0,0,1],"scale":1,"type":"seating1"}
{"ctxid":0,"pos":[23.7184734,-41.2133904,123.058235],"rotationMatrix":[-0.807660937,-0.589647174,0,0.589647174,-0.807660937,0,0,0,1],"scale":1,"type":"seating1"}
{"ctxid":0,"pos":[0.289499998,-134.472,127.640999],"rotationMatrix":[0.951763868,-0.306831449,0,0.306831449,0.951763868,0,0,0,1],"scale":1,"type":"seating1"}
{"ctxid":0,"pos":[20.7968998,-141.084,127.639],"rotationMatrix":[0.951763868,-0.306831449,0,0.306831449,0.951763868,0,0,0,1],"scale":1,"type":"seating1"}
{"ctxid":0,"pos":[14.6183996,-695.48999,133.764999],"rotationMatrix":[-0.83476162,-0.550611496,0,0.550611496,-0.83476162,0,0,0,1],"scale":1,"type":"seating1"}
{"ctxid":0,"pos":[792.078979,679.934021,137.996994],"rotationMatrix":[0.310627103,-0.95053184,0,0.95053184,0.310627103,0,0,0,1],"scale":1,"type":"seating1"}
{"ctxid":0,"pos":[785.346008,700.538025,138.789993],"rotationMatrix":[0.310627103,-0.95053184,0,0.95053184,0.310627103,0,0,0,1],"scale":1,"type":"seating1"}
{"ctxid":0,"pos":[699.541992,603.22699,127.720001],"rotationMatrix":[-0.666407704,-0.745587528,0,0.745587528,-0.666407704,0,0,0,1],"scale":1,"type":"seating1"}
{"ctxid":0,"pos":[685.179993,587.164001,126.184998],"rotationMatrix":[-0.666407704,-0.745587528,0,0.745587528,-0.666407704,0,0,0,1],"scale":1,"type":"seating1"}
{"ctxid":0,"pos":[647.801025,544.361023,123.780998],"rotationMatrix":[-0.666407704,-0.745587528,0,0.745587528,-0.666407704,0,0,0,1],"scale":1,"type":"seating1"}
{"ctxid":0,"pos":[662.163025,560.424011,124.731003],"rotationMatrix":[-0.666407704,-0.745587528,0,0.745587528,-0.666407704,0,0,0,1],"scale":1,"type":"seating1"}
{"ctxid":0,"pos":[430.298004,64.259903,131.809998],"rotationMatrix":[-0.790588975,-0.612347186,0,0.612347186,-0.790588975,0,0,0,1],"scale":1,"type":"seating1"}
{"ctxid":0,"pos":[413.001007,50.858799,131.809998],"rotationMatrix":[-0.790588975,-0.612347186,0,0.612347186,-0.790588975,0,0,0,1],"scale":1,"type":"seating1"}
{"ctxid":0,"pos":[378.654999,24.25,131.809998],"rotationMatrix":[-0.790588975,-0.612347186,0,0.612347186,-0.790588975,0,0,0,1],"scale":1,"type":"seating1"}
{"ctxid":0,"pos":[395.911987,37.6198006,131.809998],"rotationMatrix":[-0.790588975,-0.612347186,0,0.612347186,-0.790588975,0,0,0,1],"scale":1,"type":"seating1"}
{"ctxid":0,"pos":[361.394012,10.8776999,131.809998],"rotationMatrix":[-0.790588975,-0.612347186,0,0.612347186,-0.790588975,0,0,0,1],"scale":1,"type":"seating1"}
{"ctxid":0,"pos":[623.974304,-81.8680038,151.590195],"rotationMatrix":[-0.999753952,-0.0221756101,0,0.0221756101,-0.999753952,0,0,0,0.999999881],"scale":1,"type":"seating1"}
{"ctxid":0,"pos":[645.516541,-81.3940506,151.593185],"rotationMatrix":[-0.999753952,-0.0221756101,0,0.0221756101,-0.999753952,0,0,0,0.999999881],"scale":1,"type":"seating1"}
{"ctxid":0,"pos":[721.542114,-25.4002552,154.650665],"rotationMatrix":[-0.991432607,-0.130616009,0,0.130616009,-0.991432607,0,0,0,0.999999523],"scale":1,"type":"seating1"}
{"ctxid":0,"pos":[700.178711,-28.210844,154.647675],"rotationMatrix":[-0.991432607,-0.130616009,0,0.130616009,-0.991432607,0,0,0,0.999999523],"scale":1,"type":"seating1"}
