{"ctxid":0,"pos":[18.6871319,336.85144,117.262314],"rotationMatrix":[0.640459478,-0.76799196,0,0.76799196,0.640459478,0,0,0,1],"scale":1,"type":"sign_truss4"}
{"ctxid":0,"pos":[-144.260269,-761.636536,117.860176],"rotationMatrix":[-0.759932756,-0.650001764,0,0.650001764,-0.759932756,0,0,0,1],"scale":1,"type":"sign_truss4"}
{"ctxid":0,"pos":[986.223145,217.407593,153.984909],"rotationMatrix":[-0.998419642,-0.0561968647,0,0.0561968647,-0.998419642,0,0,0,1],"scale":1,"type":"sign_truss4"}
