{"ctxid":0,"pos":[722.239075,830.12146,117.371414],"rotationMatrix":[0.385715485,-0.922617793,0,0.922617793,0.385715485,0,0,0,1],"scale":1,"type":"sign_truss2"}
{"ctxid":0,"pos":[340.96167,647.243713,116.324745],"rotationMatrix":[-0.54493463,0.838478565,0,-0.838478565,-0.54493463,0,0,0,1],"scale":1,"type":"sign_truss2"}
{"ctxid":0,"pos":[-290.623627,80.1618271,111.817184],"rotationMatrix":[-0.700291753,0.713856816,0,-0.713856816,-0.700291753,0,0,0,1],"scale":1,"type":"sign_truss2"}
{"ctxid":0,"pos":[797.427673,-309.076294,154.218933],"rotationMatrix":[-0.398614645,0.917118549,0,-0.917118549,-0.398614645,0,0,0,1],"scale":1,"type":"sign_truss2"}
