{"ctxid":0,"pos":[-76.4637985,-454.93399,130.442993],"rotationMatrix":[0.937412739,0.348220259,0,-0.348220259,0.937412739,0,0,0,1],"scale":0.366600007,"type":"sign_truss1"}
{"ctxid":0,"pos":[-80.5565033,-456.454987,130.442993],"rotationMatrix":[0.937412739,0.348220259,0,-0.348220259,0.937412739,0,0,0,1],"scale":0.366600007,"type":"sign_truss1"}
{"ctxid":0,"pos":[-355.635986,-370.828003,109.93],"rotationMatrix":[-0.933364511,-0.358929932,0,0.358929932,-0.933364511,0,0,0,1],"scale":1,"type":"sign_truss1"}
{"ctxid":0,"pos":[-366.915009,-375.167999,109.93],"rotationMatrix":[-0.933364511,-0.358929932,0,0.358929932,-0.933364511,0,0,0,1],"scale":1,"type":"sign_truss1"}
{"ctxid":0,"pos":[-42.8279991,-559.734985,135.718002],"rotationMatrix":[0.937412739,0.348220259,0,-0.348220259,0.937412739,0,0,0,1],"scale":0.366600007,"type":"sign_truss1"}
{"ctxid":0,"pos":[-38.7352982,-558.215027,135.718002],"rotationMatrix":[0.937412739,0.348220259,0,-0.348220259,0.937412739,0,0,0,1],"scale":0.366600007,"type":"sign_truss1"}
{"ctxid":0,"pos":[-279.269012,-533.065979,116.627998],"rotationMatrix":[-0.830549836,-0.556944311,0,0.556944311,-0.830549836,0,0,0,1],"scale":1,"type":"sign_truss1"}
{"ctxid":0,"pos":[-289.304993,-539.799011,116.627998],"rotationMatrix":[-0.830549836,-0.556944311,0,0.556944311,-0.830549836,0,0,0,1],"scale":1,"type":"sign_truss1"}
{"ctxid":0,"pos":[-115.477997,473.75,103.263],"rotationMatrix":[0.444120407,0.895967126,0,-0.895967126,0.444120407,0,0,0,1],"scale":1,"type":"sign_truss1"}
{"ctxid":0,"pos":[-119.921997,464.78299,103.263],"rotationMatrix":[0.444120407,0.895967126,0,-0.895967126,0.444120407,0,0,0,1],"scale":1,"type":"sign_truss1"}
{"ctxid":0,"pos":[159.459,-213.139008,135.927002],"rotationMatrix":[-0.3605901,-0.932724357,0,0.932724357,-0.3605901,0,0,0,1],"scale":0.366600007,"type":"sign_truss1"}
{"ctxid":0,"pos":[131.154999,-202.983994,133.240005],"rotationMatrix":[-0.341194391,-0.939992785,0,0.939992785,-0.341194391,0,0,0,1],"scale":0.366600007,"type":"sign_truss1"}
{"ctxid":0,"pos":[102.883003,-192.738998,130.744003],"rotationMatrix":[-0.303466439,-0.952842116,0,0.952842116,-0.303466439,0,0,0,1],"scale":0.366600007,"type":"sign_truss1"}
{"ctxid":0,"pos":[374.084991,-983.95697,145.362],"rotationMatrix":[0.0563366413,-0.998411834,0,0.998411834,0.0563366413,0,0,0,1],"scale":1,"type":"sign_truss1"}
{"ctxid":0,"pos":[374.371002,-991.52301,145.362],"rotationMatrix":[0.0563366413,-0.998411834,0,0.998411834,0.0563366413,0,0,0,1],"scale":1,"type":"sign_truss1"}
{"ctxid":0,"pos":[373.514008,-972.163696,145.362],"rotationMatrix":[0.0563366413,-0.998411834,0,0.998411834,0.0563366413,0,0,0,1],"scale":1,"type":"sign_truss1"}
{"ctxid":0,"pos":[115.920998,-603.554016,144.145996],"rotationMatrix":[0.579188585,-0.815193594,0,0.815193594,0.579188585,0,0,0,1],"scale":0.366600007,"type":"sign_truss1"}
{"ctxid":0,"pos":[118.449997,-607.112976,144.145996],"rotationMatrix":[0.579188585,-0.815193594,0,0.815193594,0.579188585,0,0,0,1],"scale":0.366600007,"type":"sign_truss1"}
{"ctxid":0,"pos":[48.7173004,-655.552979,137.804001],"rotationMatrix":[0.553298473,-0.832983077,0,0.832983077,0.553298473,0,0,0,1],"scale":0.366600007,"type":"sign_truss1"}
{"ctxid":0,"pos":[46.3017998,-651.916016,137.804001],"rotationMatrix":[0.553298473,-0.832983077,0,0.832983077,0.553298473,0,0,0,1],"scale":0.366600007,"type":"sign_truss1"}
{"ctxid":0,"pos":[956.518982,397.38501,156.876007],"rotationMatrix":[0.945549965,0.325476974,0,-0.325476974,0.945549965,0,0,0,1],"scale":1,"type":"sign_truss1"}
{"ctxid":0,"pos":[945.083008,393.446991,156.876007],"rotationMatrix":[0.945549965,0.325476974,0,-0.325476974,0.945549965,0,0,0,1],"scale":1,"type":"sign_truss1"}
{"ctxid":0,"pos":[297.957001,575.882996,124.921997],"rotationMatrix":[0.592295527,-0.805720806,0,0.805720806,0.592295527,0,0,0,1],"scale":1,"type":"sign_truss1"}
{"ctxid":0,"pos":[305.11499,566.145996,124.921997],"rotationMatrix":[0.592295527,-0.805720806,0,0.805720806,0.592295527,0,0,0,1],"scale":1,"type":"sign_truss1"}
{"ctxid":0,"pos":[178.016006,758.460022,108.641998],"rotationMatrix":[0.99990201,0.0139989452,0,-0.0139989452,0.99990201,0,0,0,1],"scale":1,"type":"sign_truss1"}
{"ctxid":0,"pos":[190.110001,758.630005,108.641998],"rotationMatrix":[0.99990201,0.0139989452,0,-0.0139989452,0.99990201,0,0,0,1],"scale":1,"type":"sign_truss1"}
{"ctxid":0,"pos":[-152.211517,1832.95483,106.403236],"rotationMatrix":[0.248631433,0.968597889,0,-0.968597889,0.248631433,0,0,0,0.999999642],"scale":1,"type":"sign_truss1"}
{"ctxid":0,"pos":[-149.267578,1844.42358,106.403236],"rotationMatrix":[0.248631433,0.968597889,0,-0.968597889,0.248631433,0,0,0,0.999999642],"scale":1,"type":"sign_truss1"}
{"ctxid":0,"pos":[-930.366089,1860.17529,95.1925659],"rotationMatrix":[0.585330009,0.810794294,0,-0.810794294,0.585330009,0,0,0,0.999999166],"scale":1,"type":"sign_truss1"}
{"ctxid":0,"pos":[-937.296692,1850.57495,95.1925659],"rotationMatrix":[0.585330009,0.810794294,0,-0.810794294,0.585330009,0,0,0,0.999999166],"scale":1,"type":"sign_truss1"}
{"ctxid":0,"pos":[307.186493,1686.42517,89.0188217],"rotationMatrix":[0.99774456,0.0671103448,0,-0.0671103448,0.99774456,0,0,0,0.999998689],"scale":1,"type":"sign_truss1"}
{"ctxid":0,"pos":[295.372681,1685.63049,89.0188217],"rotationMatrix":[0.99774456,0.0671103448,0,-0.0671103448,0.99774456,0,0,0,0.999998689],"scale":1,"type":"sign_truss1"}
{"ctxid":0,"pos":[225.80249,1925.38428,82.3965149],"rotationMatrix":[0.217829347,0.975985467,0,-0.975985467,0.217829347,0,0,0,0.999998331],"scale":1,"type":"sign_truss1"}
{"ctxid":0,"pos":[223.223312,1913.828,82.3965149],"rotationMatrix":[0.217829347,0.975985467,0,-0.975985467,0.217829347,0,0,0,0.999998331],"scale":1,"type":"sign_truss1"}
{"ctxid":0,"pos":[-36.3153,1546.26001,81.1616974],"rotationMatrix":[0.25166744,0.967813671,0,-0.967813671,0.25166744,0,0,0,0.999999881],"scale":1,"type":"sign_truss1"}
{"ctxid":0,"pos":[-39.3208733,1534.70386,81.1616974],"rotationMatrix":[0.25166744,0.967813671,0,-0.967813671,0.25166744,0,0,0,0.999999881],"scale":1,"type":"sign_truss1"}
{"ctxid":0,"pos":[-428.789093,1848.15955,93.0800247],"rotationMatrix":[-0.304023743,0.952663541,0,-0.952663541,-0.304023743,0,0,0,0.999998927],"scale":0.667359352,"type":"sign_truss1"}
{"ctxid":0,"pos":[-426.33548,1840.47107,93.0800247],"rotationMatrix":[-0.304023743,0.952663541,0,-0.952663541,-0.304023743,0,0,0,0.999998927],"scale":0.667359352,"type":"sign_truss1"}
