{"ctxid":0,"pos":[-454.386993,749.633972,75.047699],"rotationMatrix":[-0.759312868,0.650725722,0,-0.650725722,-0.759312868,0,0,0,1],"scale":2.43219995,"type":"spanishbayonet2"}
{"ctxid":0,"pos":[-486.596985,512.362976,98.3258972],"rotationMatrix":[0.828184843,-0.560455024,0,0.560455024,0.828184843,0,0,0,1],"scale":2.06890011,"type":"spanishbayonet2"}
{"ctxid":0,"pos":[-484.860992,507.643005,98.4288025],"rotationMatrix":[0.350428104,0.936589658,0,-0.936589658,0.350428104,0,0,0,1],"scale":2.07620001,"type":"spanishbayonet2"}
{"ctxid":0,"pos":[-492.304993,500.528992,98.4487991],"rotationMatrix":[-0.987619281,0.156869873,0,-0.156869873,-0.987619281,0,0,0,1],"scale":2.94029999,"type":"spanishbayonet2"}
{"ctxid":0,"pos":[-490.481995,516.482971,98.3389969],"rotationMatrix":[-0.904761553,-0.42591846,0,0.42591846,-0.904761553,0,0,0,1],"scale":2.0144999,"type":"spanishbayonet2"}
{"ctxid":0,"pos":[-499.27301,525.53302,98.4346008],"rotationMatrix":[-0.745833039,0.666132927,0,-0.666132927,-0.745833039,0,0,0,1],"scale":2.45449996,"type":"spanishbayonet2"}
{"ctxid":0,"pos":[-20.0944004,451.208008,101.681],"rotationMatrix":[0.740944028,0.671566784,0,-0.671566784,0.740944028,0,0,0,1],"scale":2.75300002,"type":"spanishbayonet2"}
{"ctxid":0,"pos":[-308.274994,493.699005,84.475502],"rotationMatrix":[0.933314443,-0.359060109,0,0.359060109,0.933314443,0,0,0,1],"scale":2.2953999,"type":"spanishbayonet2"}
{"ctxid":0,"pos":[-406.474731,427.446777,97.0016022],"rotationMatrix":[0.788099527,-0.615547836,0,0.615547836,0.788099527,0,0,0,1],"scale":1.43411744,"type":"spanishbayonet2"}
{"ctxid":0,"pos":[-409.384308,400.077423,97.2074966],"rotationMatrix":[-0.985625863,0.168942764,0,-0.168942764,-0.985625863,0,0,0,1],"scale":1.88352048,"type":"spanishbayonet2"}
{"ctxid":0,"pos":[-662.837402,782.622986,75.6165237],"rotationMatrix":[0.0667488575,-0.997769833,0,0.997769833,0.0667488575,0,0,0,1],"scale":1.61505771,"type":"spanishbayonet2"}
{"ctxid":0,"pos":[-510.436005,572.703979,94.0435028],"rotationMatrix":[0.913887501,-0.405967534,0,0.405967534,0.913887501,0,0,0,1],"scale":2.47839999,"type":"spanishbayonet2"}
{"ctxid":0,"pos":[-504.955994,530.984985,96.2930984],"rotationMatrix":[0.25775075,0.966211438,0,-0.966211438,0.25775075,0,0,0,1],"scale":2.12179995,"type":"spanishbayonet2"}
{"ctxid":0,"pos":[-510.778992,536.780029,96.2777023],"rotationMatrix":[-0.946364641,0.323100537,0,-0.323100537,-0.946364641,0,0,0,1],"scale":2.07299995,"type":"spanishbayonet2"}
{"ctxid":0,"pos":[-710.58197,532.247009,120.281998],"rotationMatrix":[0.963387847,0.268111646,0,-0.268111646,0.963387847,0,0,0,1],"scale":1.62720001,"type":"spanishbayonet2"}
{"ctxid":0,"pos":[-704.004028,526.116028,120.045998],"rotationMatrix":[-0.767199993,0.641407967,0,-0.641407967,-0.767199993,0,0,0,1],"scale":2.58920002,"type":"spanishbayonet2"}
{"ctxid":0,"pos":[-781.77301,888.578979,75.7022018],"rotationMatrix":[0.4324615,-0.901652396,0,0.901652396,0.4324615,0,0,0,1],"scale":2.07940006,"type":"spanishbayonet2"}
{"ctxid":0,"pos":[-752.980835,888.52301,75.7658005],"rotationMatrix":[-0.944786549,0.327686399,0,-0.327686399,-0.944786549,0,0,0,1],"scale":1.54920495,"type":"spanishbayonet2"}
{"ctxid":0,"pos":[-855.088196,891.408752,75.7311935],"rotationMatrix":[-0.44296062,-0.896541059,0,0.896541059,-0.44296062,0,0,0,1],"scale":1.50340366,"type":"spanishbayonet2"}
{"ctxid":0,"pos":[-753.95697,669.947998,106.515999],"rotationMatrix":[-0.214305282,0.976766706,0,-0.976766706,-0.214305282,0,0,0,1],"scale":1.99469995,"type":"spanishbayonet2"}
{"ctxid":0,"pos":[-930.872009,651.401001,112.863998],"rotationMatrix":[0.575326681,0.817923725,0,-0.817923725,0.575326681,0,0,0,1],"scale":2.20000005,"type":"spanishbayonet2"}
{"ctxid":0,"pos":[-603.171021,443.511993,113.308998],"rotationMatrix":[0.993341446,0.115207516,0,-0.115207516,0.993341446,0,0,0,1],"scale":2.13560009,"type":"spanishbayonet2"}
{"ctxid":0,"pos":[-594.528015,435.178009,112.093002],"rotationMatrix":[0.501199245,0.865331888,0,-0.865331888,0.501199245,0,0,0,1],"scale":2.06940007,"type":"spanishbayonet2"}
{"ctxid":0,"pos":[917.511047,-222.12915,148.650436],"rotationMatrix":[-0.936512113,0.350635231,0,-0.350635231,-0.936512113,0,0,0,1],"scale":2.62080002,"type":"spanishbayonet2"}
{"ctxid":0,"pos":[891.983459,-238.752014,152.110168],"rotationMatrix":[0.115549922,-0.99330169,0,0.99330169,0.115549922,0,0,0,1],"scale":2.94919991,"type":"spanishbayonet2"}
{"ctxid":0,"pos":[929.177979,-211.25,151.012238],"rotationMatrix":[-0.544930339,0.838481307,0,-0.838481307,-0.544930339,0,0,0,1],"scale":2.62689996,"type":"spanishbayonet2"}
{"ctxid":0,"pos":[906.171021,-262.75,153.108994],"rotationMatrix":[0.342883587,-0.939377904,0,0.939377904,0.342883587,0,0,0,1],"scale":2.70029998,"type":"spanishbayonet2"}
{"ctxid":0,"pos":[850.101013,-664.48999,172.518005],"rotationMatrix":[-0.865152836,0.501508296,0,-0.501508296,-0.865152836,0,0,0,1],"scale":2.01130009,"type":"spanishbayonet2"}
{"ctxid":0,"pos":[366.528015,-470.54599,142.692215],"rotationMatrix":[-1,0,0,0,-1,0,0,0,1],"scale":2.24499989,"type":"spanishbayonet2"}
{"ctxid":0,"pos":[942.471008,502.993011,144.126007],"rotationMatrix":[0.938399553,0.345552146,0,-0.345552146,0.938399553,0,0,0,1],"scale":2.47250009,"type":"spanishbayonet2"}
{"ctxid":0,"pos":[949.585999,520.005981,143.699997],"rotationMatrix":[-0.314793348,-0.949160218,0,0.949160218,-0.314793348,0,0,0,1],"scale":2.23140001,"type":"spanishbayonet2"}
{"ctxid":0,"pos":[955.520996,456.911987,147.158005],"rotationMatrix":[-0.300884604,0.953660548,0,-0.953660548,-0.300884604,0,0,0,1],"scale":2.48009992,"type":"spanishbayonet2"}
{"ctxid":0,"pos":[-435.714294,720.599182,75.253952],"rotationMatrix":[-0.379406631,0.925230026,0,-0.925230026,-0.379406631,0,0,0,1],"scale":2.94675684,"type":"spanishbayonet2"}
{"ctxid":0,"pos":[-239.994736,-43.6094551,121.435516],"rotationMatrix":[0.788099527,-0.615547836,0,0.615547836,0.788099527,0,0,0,1],"scale":1.38409972,"type":"spanishbayonet2"}
{"ctxid":1,"pos":[877.010254,-254.132629,152.474258],"rotationMatrix":[0.115549922,-0.99330169,0,0.99330169,0.115549922,0,0,0,1],"scale":2.94919991,"type":"spanishbayonet2"}
