{"ctxid":0,"pos":[-34.2601013,527.015991,75.0130997],"rotationMatrix":[-0.017023325,0.999855101,0,-0.999855101,-0.017023325,0,0,0,1],"scale":1.31990004,"type":"spanishbayonet1"}
{"ctxid":0,"pos":[-402.239563,638.392395,75.3805542],"rotationMatrix":[-0.999599934,0.0282837879,0,-0.0282837879,-0.999599934,0,0,0,1],"scale":1.42250001,"type":"spanishbayonet1"}
{"ctxid":0,"pos":[-405.030182,641.419006,75.5402298],"rotationMatrix":[-0.875209689,-0.483743727,0,0.483743727,-0.875209689,0,0,0,1],"scale":1.1573,"type":"spanishbayonet1"}
{"ctxid":0,"pos":[-400.11499,636.741028,75.4213943],"rotationMatrix":[-0.70496583,-0.709241271,0,0.709241271,-0.70496583,0,0,0,1],"scale":1.15050006,"type":"spanishbayonet1"}
{"ctxid":0,"pos":[-450.539001,737.013977,75.0642014],"rotationMatrix":[0.716043472,0.698055685,0,-0.698055685,0.716043472,0,0,0,1],"scale":1.71720004,"type":"spanishbayonet1"}
{"ctxid":0,"pos":[-443.18515,726.223816,75.0233002],"rotationMatrix":[-0.178112507,0.9840101,0,-0.9840101,-0.178112507,0,0,0,1],"scale":1.73459995,"type":"spanishbayonet1"}
{"ctxid":0,"pos":[-384.362,617.429993,75.0011978],"rotationMatrix":[-0.999200225,0.0399863794,0,-0.0399863794,-0.999200225,0,0,0,1],"scale":1.01440001,"type":"spanishbayonet1"}
{"ctxid":0,"pos":[-383.441986,619.70697,75.3851547],"rotationMatrix":[-0.284804583,-0.95858562,0,0.95858562,-0.284804583,0,0,0,1],"scale":1.33179998,"type":"spanishbayonet1"}
{"ctxid":0,"pos":[-387.606995,623.698975,75.3957291],"rotationMatrix":[0.861451507,0.507839859,0,-0.507839859,0.861451507,0,0,0,1],"scale":1.20599997,"type":"spanishbayonet1"}
{"ctxid":0,"pos":[-484.925995,510.873993,98.2502975],"rotationMatrix":[-0.0910599232,-0.995845437,0,0.995845437,-0.0910599232,0,0,0,1],"scale":1.44869995,"type":"spanishbayonet1"}
{"ctxid":0,"pos":[-493.899994,519.721008,98.2937012],"rotationMatrix":[-0.947943091,-0.318439782,0,0.318439782,-0.947943091,0,0,0,1],"scale":1.68519998,"type":"spanishbayonet1"}
{"ctxid":0,"pos":[-496.105988,522.323975,98.3486023],"rotationMatrix":[-0.774727941,-0.632294714,0,0.632294714,-0.774727941,0,0,0,1],"scale":1.70640004,"type":"spanishbayonet1"}
{"ctxid":0,"pos":[-13.8107996,456.778015,101.670998],"rotationMatrix":[0.397856712,0.917447567,0,-0.917447567,0.397856712,0,0,0,1],"scale":1.32490003,"type":"spanishbayonet1"}
{"ctxid":0,"pos":[-20.8131008,447.854004,101.679001],"rotationMatrix":[-0.874822617,-0.484443367,0,0.484443367,-0.874822617,0,0,0,1],"scale":1.1767,"type":"spanishbayonet1"}
{"ctxid":0,"pos":[-17.7833996,454.859985,101.677002],"rotationMatrix":[-0.998400331,-0.0565400757,0,0.0565400757,-0.998400331,0,0,0,1],"scale":1.33249998,"type":"spanishbayonet1"}
{"ctxid":0,"pos":[-17.2402992,448.493988,101.670998],"rotationMatrix":[0.8167454,0.576998234,0,-0.576998234,0.8167454,0,0,0,1],"scale":1.24870002,"type":"spanishbayonet1"}
{"ctxid":0,"pos":[-11.6033001,460.397003,101.670998],"rotationMatrix":[-0.966144562,0.258001328,0,-0.258001328,-0.966144562,0,0,0,1],"scale":1.47109997,"type":"spanishbayonet1"}
{"ctxid":0,"pos":[-308.913452,493.086334,84.6764984],"rotationMatrix":[0.533228755,0.845971107,0,-0.845971107,0.533228755,0,0,0,1],"scale":2.31139994,"type":"spanishbayonet1"}
{"ctxid":0,"pos":[-324.821991,468.197998,87.5485992],"rotationMatrix":[0.997379065,-0.0723533109,0,0.0723533109,0.997379065,0,0,0,1],"scale":2.57929993,"type":"spanishbayonet1"}
{"ctxid":0,"pos":[-416.447998,417.540985,97.0516968],"rotationMatrix":[-0.990810513,-0.135257259,0,0.135257259,-0.990810513,0,0,0,1],"scale":1.34010005,"type":"spanishbayonet1"}
{"ctxid":0,"pos":[-394.272003,415.341003,96.9919968],"rotationMatrix":[-0.416581154,-0.909098506,0,0.909098506,-0.416581154,0,0,0,1],"scale":1.48580003,"type":"spanishbayonet1"}
{"ctxid":0,"pos":[-496.307007,496.307007,98.2940979],"rotationMatrix":[-0.0573488474,0.998354197,0,-0.998354197,-0.0573488474,0,0,0,1],"scale":2.12639999,"type":"spanishbayonet1"}
{"ctxid":0,"pos":[-660.994995,780.857971,75.6548004],"rotationMatrix":[0.69751358,0.716571569,0,-0.716571569,0.69751358,0,0,0,1],"scale":1.15017128,"type":"spanishbayonet1"}
{"ctxid":0,"pos":[-667.666992,777.49585,75.9093857],"rotationMatrix":[0.634829402,0.772652328,0,-0.772652328,0.634829402,0,0,0,1],"scale":1.14361858,"type":"spanishbayonet1"}
{"ctxid":0,"pos":[-501.67099,527.713989,96.2562027],"rotationMatrix":[-0.842048168,0.539402366,0,-0.539402366,-0.842048168,0,0,0,1],"scale":1.9303,"type":"spanishbayonet1"}
{"ctxid":0,"pos":[-507.166992,533.528992,96.4129028],"rotationMatrix":[-0.975276828,0.220986679,0,-0.220986679,-0.975276828,0,0,0,1],"scale":1.27530003,"type":"spanishbayonet1"}
{"ctxid":0,"pos":[-707.955994,548.356995,120.665001],"rotationMatrix":[0.965835094,0.259157419,0,-0.259157419,0.965835094,0,0,0,1],"scale":1.97880006,"type":"spanishbayonet1"}
{"ctxid":0,"pos":[-684.573975,506.602997,118.794998],"rotationMatrix":[-0.980448127,0.196777716,0,-0.196777716,-0.980448127,0,0,0,1],"scale":1.53980005,"type":"spanishbayonet1"}
{"ctxid":0,"pos":[-674.169983,514.812012,118.844002],"rotationMatrix":[-0.558318615,0.82962662,0,-0.82962662,-0.558318615,0,0,0,1],"scale":1.98440003,"type":"spanishbayonet1"}
{"ctxid":0,"pos":[-771.330017,888.514038,75.7225037],"rotationMatrix":[-0.976072073,-0.217447251,0,0.217447251,-0.976072073,0,0,0,1],"scale":1.18850005,"type":"spanishbayonet1"}
{"ctxid":0,"pos":[-750.942017,669.906982,105.899002],"rotationMatrix":[0.804562569,0.593867898,0,-0.593867898,0.804562569,0,0,0,1],"scale":1.35640001,"type":"spanishbayonet1"}
{"ctxid":0,"pos":[-893.487976,672.08197,111.313004],"rotationMatrix":[-0.976469517,0.215655476,0,-0.215655476,-0.976469517,0,0,0,1],"scale":2.56500006,"type":"spanishbayonet1"}
{"ctxid":0,"pos":[-907.770996,672.164001,112.010002],"rotationMatrix":[-0.306697845,0.951806903,0,-0.951806903,-0.306697845,0,0,0,1],"scale":2.44370008,"type":"spanishbayonet1"}
{"ctxid":0,"pos":[-613.835022,454.371002,114.711998],"rotationMatrix":[-0.391779304,0.920059204,0,-0.920059204,-0.391779304,0,0,0,1],"scale":1.10679996,"type":"spanishbayonet1"}
{"ctxid":0,"pos":[-597.768982,419.514008,111.325996],"rotationMatrix":[-0.787940502,0.615751386,0,-0.615751386,-0.787940502,0,0,0,1],"scale":1.3506,"type":"spanishbayonet1"}
{"ctxid":0,"pos":[-502.234009,490.781006,100.161003],"rotationMatrix":[-0.477136612,-0.878829122,0,0.878829122,-0.477136612,0,0,0,1],"scale":1.91890001,"type":"spanishbayonet1"}
{"ctxid":0,"pos":[-755.880005,357.979004,143.565994],"rotationMatrix":[-0.838594913,-0.544755518,0,0.544755518,-0.838594913,0,0,0,1],"scale":1.24360001,"type":"spanishbayonet1"}
{"ctxid":0,"pos":[-757.127991,356.496002,143.686005],"rotationMatrix":[-0.110348105,0.993893027,0,-0.993893027,-0.110348105,0,0,0,1],"scale":1.19819999,"type":"spanishbayonet1"}
{"ctxid":0,"pos":[-758.28302,355.427002,143.856995],"rotationMatrix":[0.772457361,0.635066628,0,-0.635066628,0.772457361,0,0,0,1],"scale":1.19770002,"type":"spanishbayonet1"}
{"ctxid":0,"pos":[-761.801025,352.256012,143.705994],"rotationMatrix":[-0.156720519,0.987643003,0,-0.987643003,-0.156720519,0,0,0,1],"scale":1.07169998,"type":"spanishbayonet1"}
{"ctxid":0,"pos":[-764.697998,349.427002,144.039001],"rotationMatrix":[0.555186868,0.831725657,0,-0.831725657,0.555186868,0,0,0,1],"scale":1.12880003,"type":"spanishbayonet1"}
{"ctxid":0,"pos":[895.68988,-233.823898,152.723999],"rotationMatrix":[0.651221454,0.758887649,0,-0.758887649,0.651221454,0,0,0,0.999999881],"scale":2.20149994,"type":"spanishbayonet1"}
{"ctxid":0,"pos":[916.388977,-245.227005,148.942993],"rotationMatrix":[-0.961784363,0.273808032,0,-0.273808032,-0.961784363,0,0,0,1],"scale":2.27579999,"type":"spanishbayonet1"}
{"ctxid":0,"pos":[926.310974,-221.847458,149.320206],"rotationMatrix":[-0.999492705,0.0318451226,0,-0.0318451226,-0.999492705,0,0,0,0.999999881],"scale":2.2888999,"type":"spanishbayonet1"}
{"ctxid":0,"pos":[927.161987,-263.281006,153.153],"rotationMatrix":[-0.790210366,0.612835705,0,-0.612835705,-0.790210366,0,0,0,1],"scale":2.36890006,"type":"spanishbayonet1"}
{"ctxid":0,