{"ctxid":0,"pos":[-20.5878448,694.758972,74.5792007],"rotationMatrix":[1,0,0,0,1,0,0,0,1],"scale":1,"type":"storagerack"}
{"ctxid":0,"pos":[57.3997841,733.25177,74.5792007],"rotationMatrix":[0.61086154,-0.791737437,0,0.791737437,0.61086154,0,0,0,1],"scale":1,"type":"storagerack"}
{"ctxid":0,"pos":[-577.928833,58.6265717,101.334801],"rotationMatrix":[0.707106829,-0.707106709,0,0.707106709,0.707106829,0,0,0,1],"scale":1,"type":"storagerack"}
{"ctxid":0,"pos":[-166.458649,-36.5000725,121.000847],"rotationMatrix":[0.845805645,0.533491135,0,-0.533491135,0.845805645,0,0,0,1],"scale":1,"type":"storagerack"}
{"ctxid":0,"pos":[-243.812332,-77.0867996,120.899315],"rotationMatrix":[0.0848342925,-0.996394813,0,0.996394813,0.0848342925,0,0,0,0.999999762],"scale":1,"type":"storagerack"}
{"ctxid":0,"pos":[-141.064285,-12.4102783,121.303413],"rotationMatrix":[0.644013107,-0.76501447,0,0.76501447,0.644013107,0,0,0,1],"scale":1,"type":"storagerack"}
{"ctxid":0,"pos":[-112.972054,12.2188187,121.670692],"rotationMatrix":[0.652338147,-0.757928014,0,0.757928014,0.652338147,0,0,0,1],"scale":1,"type":"storagerack"}
{"ctxid":0,"pos":[-84.1925507,83.3773499,122.381424],"rotationMatrix":[0.660273492,0.751025319,0,-0.751025319,0.660273492,0,0,0,1],"scale":1,"type":"storagerack"}
{"ctxid":0,"pos":[-76.4039612,-20.8623085,119.830246],"rotationMatrix":[-0.74484092,-0.667241812,0,0.667241812,-0.74484092,0,0,0,0.999999762],"scale":1,"type":"storagerack"}
{"ctxid":0,"pos":[-376.434082,184.99144,101.858459],"rotationMatrix":[0.507664442,0.859092176,0.0650933012,-0.858039856,0.510965884,-0.0517792553,-0.0777436197,-0.0295661576,0.996534646],"scale":0.992424309,"type":"storagerack"}
{"ctxid":0,"pos":[320.828064,-156.640366,143.922852],"rotationMatrix":[0.0300111175,0.999549508,0,-0.999549508,0.0300111175,0,0,0,1],"scale":1,"type":"storagerack"}
{"ctxid":0,"pos":[699.352478,-810.537476,157.936996],"rotationMatrix":[-0.010808073,-0.999940932,0,0.999940932,-0.010808073,0,0,0,0.999999166],"scale":1,"type":"storagerack"}
{"ctxid":0,"pos":[-66.430336,755.02417,74.7323227],"rotationMatrix":[0.00953937136,-0.999954402,0,0.999954402,0.00953937136,0,0,0,0.999999881],"scale":1,"type":"storagerack"}
{"ctxid":0,"pos":[10.9036007,845.481506,74.7323227],"rotationMatrix":[-0.998820662,-0.048547782,0,0.048547782,-0.998820662,0,0,0,0.999999762],"scale":1,"type":"storagerack"}
{"ctxid":0,"pos":[-0.837538242,837.569458,74.7323227],"rotationMatrix":[-0.0123679712,-0.999923229,0,0.999923229,-0.0123679712,0,0,0,0.999999642],"scale":1,"type":"storagerack"}
{"ctxid":0,"pos":[37.6252632,819.106445,74.7323227],"rotationMatrix":[-0.0123679712,-0.999923229,0,0.999923229,-0.0123679712,0,0,0,0.999999642],"scale":1,"type":"storagerack"}
{"ctxid":0,"pos":[-27.067812,755.018188,74.7323227],"rotationMatrix":[-0.0123679712,-0.999923229,0,0.999923229,-0.0123679712,0,0,0,0.999999642],"scale":1,"type":"storagerack"}
{"ctxid":0,"pos":[-71.2253418,-16.2232151,119.830246],"rotationMatrix":[-0.74484092,-0.667241812,0,0.667241812,-0.74484092,0,0,0,0.999999762],"scale":1,"type":"storagerack"}
{"ctxid":0,"pos":[10.4581995,729.874329,74.7323227],"rotationMatrix":[0.382510483,-0.923950613,0,0.923950613,0.382510483,0,0,0,0.999999404],"scale":1,"type":"storagerack"}
{"ctxid":0,"pos":[12.9734411,732.596985,74.7323227],"rotationMatrix":[-0.407957584,0.913000286,0,-0.913000286,-0.407957584,0,0,0,0.999999404],"scale":1,"type":"storagerack"}
{"ctxid":0,"pos":[15.0445471,731.74707,74.7323227],"rotationMatrix":[0.407957941,-0.913000286,0,0.913000286,0.407957941,0,0,0,0.999999523],"scale":1,"type":"storagerack"}
{"ctxid":0,"pos":[17.0501957,732.643188,74.7323227],"rotationMatrix":[0.407957941,-0.913000286,0,0.913000286,0.407957941,0,0,0,0.999999523],"scale":1,"type":"storagerack"}
