{"ctxid":0,"pos":[-234.770996,12.8540001,122.388],"rotationMatrix":[0.707081437,-0.707132101,0,0.707132101,0.707081437,0,0,0,1],"scale":1,"type":"substation_support"}
{"ctxid":0,"pos":[-243.029999,20.9916,122.388],"rotationMatrix":[0.707081437,-0.707132101,0,0.707132101,0.707081437,0,0,0,1],"scale":1,"type":"substation_support"}
{"ctxid":0,"pos":[-239.404999,24.5422001,122.388],"rotationMatrix":[0.707081437,-0.707132101,0,0.707132101,0.707081437,0,0,0,1],"scale":1,"type":"substation_support"}
{"ctxid":0,"pos":[-230.550003,17.0835991,122.388],"rotationMatrix":[0.707081437,-0.707132101,0,0.707132101,0.707081437,0,0,0,1],"scale":1,"type":"substation_support"}
{"ctxid":0,"pos":[-227.192993,20.3911991,122.388],"rotationMatrix":[0.707081437,-0.707132101,0,0.707132101,0.707081437,0,0,0,1],"scale":1,"type":"substation_support"}
{"ctxid":0,"pos":[-235.367996,28.6480007,122.388],"rotationMatrix":[0.707081437,-0.707132101,0,0.707132101,0.707081437,0,0,0,1],"scale":1,"type":"substation_support"}
{"ctxid":0,"pos":[-232.201004,31.7549992,122.388],"rotationMatrix":[0.707081437,-0.707132101,0,0.707132101,0.707081437,0,0,0,1],"scale":1,"type":"substation_support"}
{"ctxid":0,"pos":[-224.098007,23.4925995,122.388],"rotationMatrix":[0.707081437,-0.707132101,0,0.707132101,0.707081437,0,0,0,1],"scale":1,"type":"substation_support"}
{"ctxid":0,"pos":[-227.209,37.0458984,122.388],"rotationMatrix":[0.707081437,-0.707132101,0,0.707132101,0.707081437,0,0,0,1],"scale":1,"type":"substation_support"}
{"ctxid":0,"pos":[-219.291,29.2236004,122.388],"rotationMatrix":[0.707081437,-0.707132101,0,0.707132101,0.707081437,0,0,0,1],"scale":1,"type":"substation_support"}
{"ctxid":0,"pos":[-246.516006,17.4659004,122.383003],"rotationMatrix":[0.707081437,-0.707132101,0,0.707132101,0.707081437,0,0,0,1],"scale":1,"type":"substation_support"}
{"ctxid":0,"pos":[-238.251007,9.37160015,122.383003],"rotationMatrix":[0.707081437,-0.707132101,0,0.707132101,0.707081437,0,0,0,1],"scale":1,"type":"substation_support"}
