{"ctxid":0,"pos":[-216.155548,-314.652893,118.782822],"rotationMatrix":[0.858997107,0.511978447,-0.000631575705,-0.511977315,0.858996928,0.00138302543,0.00125060161,-0.000864661532,0.999997675],"scale":1,"type":"tent1"}
{"ctxid":0,"pos":[-205.15564,-308.435333,118.795723],"rotationMatrix":[0.868740559,0.49526614,7.23393096e-05,-0.495265007,0.86873877,-0.00213745842,-0.00112145673,0.0018210744,0.999996901],"scale":1,"type":"tent1"}
{"ctxid":0,"pos":[-201.144058,-98.2118912,119.309532],"rotationMatrix":[-0.808219671,-0.588880956,0,0.588880956,-0.808219671,0,0,0,1],"scale":1,"type":"tent1"}
{"ctxid":0,"pos":[-190.932144,-90.7713699,119.334801],"rotationMatrix":[-0.808219671,-0.588880956,0,0.588880956,-0.808219671,0,0,0,1],"scale":1,"type":"tent1"}
{"ctxid":0,"pos":[-232.173096,-120.819984,119.245773],"rotationMatrix":[-0.80821991,-0.588880837,0,0.588880837,-0.80821991,0,0,0,1],"scale":1,"type":"tent1"}
{"ctxid":0,"pos":[-211.559357,-105.800568,119.284843],"rotationMatrix":[-0.80821991,-0.588880837,0,0.588880837,-0.80821991,0,0,0,1],"scale":1,"type":"tent1"}
{"ctxid":0,"pos":[-221.771271,-113.241089,119.250168],"rotationMatrix":[-0.80821991,-0.588880837,0,0.588880837,-0.80821991,0,0,0,1],"scale":1,"type":"tent1"}
{"ctxid":0,"pos":[71.0796127,85.796814,119.366714],"rotationMatrix":[0.808220565,0.588879287,0,-0.588879287,0.808220565,0,0,0,0.999999642],"scale":1,"type":"tent1"}
{"ctxid":0,"pos":[531.296997,-15.003397,146.530869],"rotationMatrix":[-0.00204120297,-0.999997497,0,0.999997497,-0.00204120297,0,0,0,0.999999523],"scale":1,"type":"tent1"}
{"ctxid":0,"pos":[531.271118,-27.6383266,146.530869],"rotationMatrix":[-0.00204120297,-0.999997497,0,0.999997497,-0.00204120297,0,0,0,0.999999523],"scale":1,"type":"tent1"}
{"ctxid":0,"pos":[530.98175,-44.2140388,146.530869],"rotationMatrix":[0.00245036371,-0.999996543,0,0.999996543,0.00245036371,0,0,0,0.999999642],"scale":1,"type":"tent1"}
{"ctxid":0,"pos":[531.012634,-56.8489647,146.530869],"rotationMatrix":[0.00245036371,-0.999996543,0,0.999996543,0.00245036371,0,0,0,0.999999642],"scale":1,"type":"tent1"}
{"ctxid":1,"pos":[-194.597641,-302.030609,118.805389],"rotationMatrix":[0.862848043,0.505461991,5.63553986e-05,-0.50546205,0.862848103,-0.000606095302,-0.000354985503,0.000494486012,0.999998927],"scale":1,"type":"tent1"}
{"ctxid":1,"pos":[-227.361618,-320.990143,118.800705],"rotationMatrix":[0.869973481,0.493096083,-0.0013051132,-0.493090272,0.869971693,0.00324733742,0.00273666391,-0.00218155957,0.999993324],"scale":1,"type":"tent1"}
{"ctxid":1,"pos":[159.630676,-4.91508627,127.042511],"rotationMatrix":[0.572892666,-0.819629371,0,0.819629371,0.572892666,0,0,0,0.999999046],"scale":1,"type":"tent1"}
{"ctxid":1,"pos":[151.068924,7.09449339,127.04615],"rotationMatrix":[0.583999753,-0.811752796,0,0.811752796,0.583999753,0,0,0,0.999999046],"scale":1,"type":"tent1"}
{"ctxid":1,"pos":[167.663849,-16.2216682,127.042511],"rotationMatrix":[0.577403665,-0.816457927,0,0.816457927,0.577403665,0,0,0,0.999999166],"scale":1,"type":"tent1"}
