{"ctxid":0,"pos":[185.350937,-4.74183655,128.786224],"rotationMatrix":[0.825111628,0.564969659,0,-0.564969659,0.825111628,0,0,0,1],"scale":1,"type":"tent1"}
{"ctxid":0,"pos":[174.925568,-11.8801651,128.786224],"rotationMatrix":[0.825111628,0.564969659,0,-0.564969659,0.825111628,0,0,0,1],"scale":1,"type":"tent1"}
{"ctxid":0,"pos":[149.467545,20.5554123,128.786224],"rotationMatrix":[0.561985135,-0.827147365,0,0.827147365,0.561985135,0,0,0,1],"scale":1,"type":"tent1"}
{"ctxid":0,"pos":[156.568146,10.1043854,128.786224],"rotationMatrix":[0.561985135,-0.827147365,0,0.827147365,0.561985135,0,0,0,1],"scale":1,"type":"tent1"}
{"ctxid":0,"pos":[-215.50061,-222.866226,118.802505],"rotationMatrix":[0.588879108,-0.808221161,6.01238571e-05,0.808102906,0.588794231,0.0170624238,-0.0138256121,-0.00999911875,0.999854445],"scale":1,"type":"tent1"}
{"ctxid":0,"pos":[-222.94104,-212.654312,118.80175],"rotationMatrix":[0.588879108,-0.808221161,6.00577332e-05,0.808102906,0.588794231,0.0170624256,-0.0138255749,-0.00999917369,0.999854445],"scale":1,"type":"tent1"}
{"ctxid":0,"pos":[-207.921631,-233.268066,118.803284],"rotationMatrix":[0.588879108,-0.808221161,6.00554049e-05,0.808102906,0.588794231,0.0170620698,-0.0138252862,-0.00999896601,0.999854445],"scale":1,"type":"tent1"}
{"ctxid":0,"pos":[-200.481201,-243.480011,118.804039],"rotationMatrix":[0.588879108,-0.808221161,5.9990678e-05,0.808102906,0.588794231,0.0170620754,-0.0138252508,-0.00999902096,0.999854445],"scale":1,"type":"tent1"}
{"ctxid":0,"pos":[-252.708008,-265.888306,118.166718],"rotationMatrix":[-0.588879704,0.808220685,1.81888117e-05,-0.808220685,-0.588879704,-3.1363561e-07,1.04575356e-05,-1.48852678e-05,1],"scale":1,"type":"tent1"}
{"ctxid":0,"pos":[-245.267456,-276.100281,118.166489],"rotationMatrix":[-0.588879704,0.808220685,1.81888099e-05,-0.808220685,-0.588879704,-3.13635155e-07,1.04575338e-05,-1.4885265e-05,1],"scale":1,"type":"tent1"}
{"ctxid":0,"pos":[-201.144058,-98.2118912,119.309532],"rotationMatrix":[-0.808219671,-0.588880956,0,0.588880956,-0.808219671,0,0,0,1],"scale":1,"type":"tent1"}
{"ctxid":0,"pos":[-190.932144,-90.7713699,119.334801],"rotationMatrix":[-0.808219671,-0.588880956,0,0.588880956,-0.808219671,0,0,0,1],"scale":1,"type":"tent1"}
{"ctxid":0,"pos":[-232.173096,-120.819984,119.245773],"rotationMatrix":[-0.80821991,-0.588880837,0,0.588880837,-0.80821991,0,0,0,1],"scale":1,"type":"tent1"}
{"ctxid":0,"pos":[-211.559357,-105.800568,119.284843],"rotationMatrix":[-0.80821991,-0.588880837,0,0.588880837,-0.80821991,0,0,0,1],"scale":1,"type":"tent1"}
{"ctxid":0,"pos":[-221.771271,-113.241089,119.250168],"rotationMatrix":[-0.80821991,-0.588880837,0,0.588880837,-0.80821991,0,0,0,1],"scale":1,"type":"tent1"}
{"ctxid":0,"pos":[-242.515625,-258.391052,118.166725],"rotationMatrix":[0.588879883,-0.808220565,-1.81888099e-05,0.808220565,0.588879883,3.13636974e-07,1.04575356e-05,-1.4885265e-05,1],"scale":1,"type":"tent1"}
{"ctxid":0,"pos":[-235.075195,-268.602966,118.166489],"rotationMatrix":[0.588879883,-0.808220565,-1.81888099e-05,0.808220565,0.588879883,3.13636974e-07,1.04575356e-05,-1.4885265e-05,1],"scale":1,"type":"tent1"}
{"ctxid":0,"pos":[-233.124268,-219.991119,118.58757],"rotationMatrix":[-0.588879347,0.808220923,-6.0078688e-05,-0.808102667,-0.58879447,-0.0170621667,-0.0138253756,-0.00999900792,0.999854445],"scale":1,"type":"tent1"}
{"ctxid":0,"pos":[-225.683716,-230.203033,118.588326],"rotationMatrix":[-0.588879347,0.808220923,-6.00591302e-05,-0.808102667,-0.58879447,-0.0170624163,-0.0138255646,-0.0099991709,0.999854445],"scale":1,"type":"tent1"}
{"ctxid":0,"pos":[-210.664429,-250.816818,118.589859],"rotationMatrix":[-0.588879347,0.808220923,-6.00614585e-05,-0.808102667,-0.58879447,-0.0170625243,-0.0138256531,-0.00999923237,0.999854445],"scale":1,"type":"tent1"}
{"ctxid":0,"pos":[-218.104858,-240.604904,118.589104],"rotationMatrix":[-0.588879347,0.808220923,-6.00591302e-05,-0.808102667,-0.58879447,-0.0170624163,-0.0138255646,-0.0099991709,0.999854445],"scale":1,"type":"tent1"}
{"ctxid":0,"pos":[81.0834961,93.7510071,119.388542],"rotationMatrix":[-0.588879704,0.808220565,0,-0.808220565,-0.588879704,0,0,0,1],"scale":1,"type":"tent1"}
{"ctxid":0,"pos":[72.3026123,105.80246,119.388542],"rotationMatrix":[-0.588879704,0.808220565,0,-0.808220565,-0.588879704,0,0,0,1],"scale":1,"type":"tent1"}
{"ctxid":0,"pos":[531.296997,-15.003397,146.530869],"rotationMatrix":[-0.00204120297,-0.999997497,0,0.999997497,-0.00204120297,0,0,0,0.999999523],"scale":1,"type":"tent1"}
{"ctxid":0,"pos":[531.271118,-27.6383266,146.530869],"rotationMatrix":[-0.00204120297,-0.999997497,0,0.999997497,-0.00204120297,0,0,0,0.999999523],"scale":1,"type":"tent1"}
{"ctxid":0,"pos":[530.98175,-44.2140388,146.530869],"rotationMatrix":[0.00245036371,-0.999996543,0,0.999996543,0.00245036371,0,0,0,0.999999642],"scale":1,"type":"tent1"}
{"ctxid":0,"pos":[531.012634,-56.8489647,146.530869],"rotationMatrix":[0.00245036371,-0.999996543,0,0.999996543,0.00245036371,0,0,0,0.999999642],"scale":1,"type":"tent1"}
