{"ctxid":0,"pos":[185.350937,-4.74183655,128.786224],"rotationMatrix":[0.825111628,0.564969659,0,-0.564969659,0.825111628,0,0,0,1],"scale":1,"type":"tent1"}
{"ctxid":0,"pos":[174.925568,-11.8801651,128.786224],"rotationMatrix":[0.825111628,0.564969659,0,-0.564969659,0.825111628,0,0,0,1],"scale":1,"type":"tent1"}
{"ctxid":0,"pos":[149.467545,20.5554123,128.786224],"rotationMatrix":[0.561985135,-0.827147365,0,0.827147365,0.561985135,0,0,0,1],"scale":1,"type":"tent1"}
{"ctxid":0,"pos":[156.568146,10.1043854,128.786224],"rotationMatrix":[0.561985135,-0.827147365,0,0.827147365,0.561985135,0,0,0,1],"scale":1,"type":"tent1"}
{"ctxid":0,"pos":[-201.144058,-98.2118912,119.309532],"rotationMatrix":[-0.808219671,-0.588880956,0,0.588880956,-0.808219671,0,0,0,1],"scale":1,"type":"tent1"}
{"ctxid":0,"pos":[-190.932144,-90.7713699,119.334801],"rotationMatrix":[-0.808219671,-0.588880956,0,0.588880956,-0.808219671,0,0,0,1],"scale":1,"type":"tent1"}
{"ctxid":0,"pos":[-232.173096,-120.819984,119.245773],"rotationMatrix":[-0.80821991,-0.588880837,0,0.588880837,-0.80821991,0,0,0,1],"scale":1,"type":"tent1"}
{"ctxid":0,"pos":[-211.559357,-105.800568,119.284843],"rotationMatrix":[-0.80821991,-0.588880837,0,0.588880837,-0.80821991,0,0,0,1],"scale":1,"type":"tent1"}
{"ctxid":0,"pos":[-221.771271,-113.241089,119.250168],"rotationMatrix":[-0.80821991,-0.588880837,0,0.588880837,-0.80821991,0,0,0,1],"scale":1,"type":"tent1"}
{"ctxid":0,"pos":[81.0834961,93.7510071,119.388542],"rotationMatrix":[-0.588879704,0.808220565,0,-0.808220565,-0.588879704,0,0,0,1],"scale":1,"type":"tent1"}
{"ctxid":0,"pos":[72.3026123,105.80246,119.388542],"rotationMatrix":[-0.588879704,0.808220565,0,-0.808220565,-0.588879704,0,0,0,1],"scale":1,"type":"tent1"}
{"ctxid":0,"pos":[531.296997,-15.003397,146.530869],"rotationMatrix":[-0.00204120297,-0.999997497,0,0.999997497,-0.00204120297,0,0,0,0.999999523],"scale":1,"type":"tent1"}
{"ctxid":0,"pos":[531.271118,-27.6383266,146.530869],"rotationMatrix":[-0.00204120297,-0.999997497,0,0.999997497,-0.00204120297,0,0,0,0.999999523],"scale":1,"type":"tent1"}
{"ctxid":0,"pos":[530.98175,-44.2140388,146.530869],"rotationMatrix":[0.00245036371,-0.999996543,0,0.999996543,0.00245036371,0,0,0,0.999999642],"scale":1,"type":"tent1"}
{"ctxid":0,"pos":[531.012634,-56.8489647,146.530869],"rotationMatrix":[0.00245036371,-0.999996543,0,0.999996543,0.00245036371,0,0,0,0.999999642],"scale":1,"type":"tent1"}
