{"ctxid":0,"pos":[-45.0340996,368.360992,109.892998],"rotationMatrix":[0.783526301,0.618528306,0.0592393167,-0.619614661,0.784906149,-3.82328617e-05,-0.0465209521,-0.0366755947,0.998243809],"scale":1,"type":"train_support1"}
{"ctxid":0,"pos":[-74.3612976,345.252991,109.892998],"rotationMatrix":[0.783526301,0.618528306,0.0592393167,-0.619614661,0.784906149,-3.82328617e-05,-0.0465209521,-0.0366755947,0.998243809],"scale":1,"type":"train_support1"}
{"ctxid":0,"pos":[-103.611,322.071991,109.912003],"rotationMatrix":[0.811624765,0.584179103,0,-0.584179103,0.811624765,0,0,0,1],"scale":1,"type":"train_support1"}
{"ctxid":0,"pos":[-134.164993,300.841003,109.539001],"rotationMatrix":[0.880243778,0.474521756,0,-0.474521756,0.880243778,0,0,0,1],"scale":1,"type":"train_support1"}
{"ctxid":0,"pos":[-168.348999,286.127991,108.098],"rotationMatrix":[0.971582651,0.23670055,0,-0.23670055,0.971582651,0,0,0,1],"scale":1,"type":"train_support1"}
{"ctxid":0,"pos":[-238.641006,299.963989,104.462997],"rotationMatrix":[0.730328321,-0.68309629,0,0.68309629,0.730328321,0,0,0,1],"scale":1,"type":"train_support1"}
{"ctxid":0,"pos":[-290.466003,398.005005,100.959999],"rotationMatrix":[0.533228755,-0.845971107,0,0.845971107,0.533228755,0,0,0,1],"scale":1,"type":"train_support1"}
{"ctxid":0,"pos":[-314.681,426.028015,98.8376007],"rotationMatrix":[0.707081437,-0.707132101,0,0.707132101,0.707081437,0,0,0,1],"scale":1,"type":"train_support1"}
{"ctxid":0,"pos":[-341.148987,452.235992,98.8797989],"rotationMatrix":[0.707081437,-0.707132101,0,0.707132101,0.707081437,0,0,0,1],"scale":1,"type":"train_support1"}
{"ctxid":0,"pos":[-263.610992,332.101013,104.075996],"rotationMatrix":[0.42497921,-0.905203104,0,0.905203104,0.42497921,0,0,0,1],"scale":1,"type":"train_support1"}
{"ctxid":0,"pos":[-275.932007,364.056,104.155998],"rotationMatrix":[0.285031319,-0.958518207,0,0.958518207,0.285031319,0,0,0,1],"scale":1,"type":"train_support1"}
{"ctxid":0,"pos":[-520.877319,631.169189,98.8038025],"rotationMatrix":[0.732380748,-0.680895329,0,0.680895329,0.732380748,0,0,0,1],"scale":1,"type":"train_support1"}
{"ctxid":0,"pos":[-556.383972,658.971008,98.0374985],"rotationMatrix":[0.89337039,-0.449320972,0,0.449320972,0.89337039,0,0,0,1],"scale":1,"type":"train_support1"}
{"ctxid":0,"pos":[-591.700989,670.697021,95.7630997],"rotationMatrix":[0.988599539,-0.150568768,0,0.150568768,0.988599539,0,0,0,1],"scale":1,"type":"train_support1"}
{"ctxid":0,"pos":[-628.776978,674.689026,93.5682983],"rotationMatrix":[0.997096777,-0.0761447102,0,0.0761447102,0.997096777,0,0,0,1],"scale":1,"type":"train_support1"}
{"ctxid":0,"pos":[263.5,704.723999,111.026001],"rotationMatrix":[-0.374815702,0.92709291,-0.00345118926,-0.927098572,-0.37481761,0.000100925521,-0.00119999913,0.00323742116,0.99999404],"scale":1,"type":"train_support1"}
{"ctxid":0,"pos":[272.756989,668.911011,113.151001],"rotationMatrix":[0.0488911867,0.998780012,0.00693972223,-0.998804033,0.0488922596,1.50682517e-05,-0.000324248831,-0.00693215942,0.99997592],"scale":1,"type":"train_support1"}
{"ctxid":0,"pos":[267.838989,636.383972,114.435997],"rotationMatrix":[0.28499651,0.95808506,0.0291550756,-0.95849216,0.285118818,-3.95447314e-05,-0.0083505474,-0.0279336404,0.9995749],"scale":1,"type":"train_support1"}
{"ctxid":0,"pos":[196.548004,779.898987,105.335999],"rotationMatrix":[-0.622270346,0.782064319,0.0339858942,-0.782517254,-0.622628927,-4.14664682e-05,0.0211281721,-0.0266203508,0.999422312],"scale":1,"type":"train_support1"}
{"ctxid":0,"pos":[219.781006,756.314026,106.847],"rotationMatrix":[-0.749946356,0.661498308,-0.000645925466,-0.661498308,-0.749946594,-0.000244166702,-0.000645925466,0.000244166702,0.999999762],"scale":1,"type":"train_support1"}
{"ctxid":0,"pos":[244.091003,733.434998,108.862],"rotationMatrix":[-0.612810373,0.790214598,-0.00493117142,-0.790224373,-0.612817645,4.57848946e-05,-0.0029857289,0.00392478937,0.999987841],"scale":1,"type":"train_support1"}
{"ctxid":0,"pos":[246.764008,600.905029,115.454002],"rotationMatrix":[0.706579447,0.705792427,0.0510150455,-0.706708074,0.707505226,-0.000125694423,-0.0361821242,-0.0359639339,0.998697877],"scale":1,"type":"train_support1"}
{"ctxid":0,"pos":[218.934006,576.343018,115.574997],"rotationMatrix":[0.782104969,0.617520988,0.0835442469,-0.61968565,0.784850121,-2.64569971e-05,-0.0655860528,-0.0517504774,0.996504068],"scale":1,"type":"train_support1"}
{"ctxid":0,"pos":[189.768997,553.364014,114.257004],"rotationMatrix":[0.779915333,0.615627885,0.112846695,-0.619579315,0.784934044,-6.97531796e-05,-0.088620156,-0.069863081,0.993612409],"scale":1,"type":"train_support1"}
{"ctxid":0,"pos":[160.457993,530.27002,112.217003],"rotationMatrix":[0.780326247,0.616086662,0.107369497,-0.619663,0.784868002,-6.88509972e-05,-0.0843133032,-0.0664791763,0.994219184],"scale":1,"type":"train_support1"}
{"ctxid":0,"pos":[131.048996,507.097992,110.622002],"rotationMatrix":[0.782009363,0.617470086,0.0848058313,-0.619699657,0.784839034,-4.34990034e-05,-0.0665857866,-0.0525201298,0.996397495],"scale":1,"type":"train_support1"}
{"ctxid":0,"pos":[101.613998,483.906006,109.919998],"rotationMatrix":[0.783400655,0.618459284,0.061575532,-0.619634748,0.784890294,-6.61305512e-06,-0.0483341254,-0.0381491594,0.998102427],"scale":1,"type":"train_support1"}
{"ctxid":0,"pos":[72.2751007,460.790009,109.892998],"rotationMatrix":[0.783526301,0.618528306,0.0592393167,-0.619614661,0.784906149,-3.82328617e-05,-0.0465209521,-0.0366755947,0.998243809],"scale":1,"type":"train_support1"}
{"ctxid":0,"pos":[42.9478989,437.682007,109.892998],"rotationMatrix":[0.783526301,0.618528306,0.0592393167,-0.619614661,0.784906149,-3.82328617e-05,-0.0465209521,-0.0366755947,0.998243809],"scale":1,"type":"train_support1"}
{"ctxid":0,"pos":[13.6204004,414.575012,109.892998],"rotationMatrix":[0.783526301,0.618528306,0.0592393167,-0.619614661,0.784906149,-3.82328617e-05,-0.0465209521,-0.0366755947,0.998243809],"scale":1,"type":"train_support1"}
