{"ctxid":0,"pos":[-599.684998,138.414993,101.707062],"rotationMatrix":[0.707081437,-0.707132101,0,0.707132101,0.707081437,0,0,0,1],"scale":1,"type":"workshop1"}
{"ctxid":0,"pos":[-625.179016,112.920998,102.401176],"rotationMatrix":[0.707081437,-0.707132101,0,0.707132101,0.707081437,0,0,0,1],"scale":1,"type":"workshop1"}
