{"name":"lampLight_227","class":"SpotLight","__parent":"lampLights_114","position":[-310.186981,666.80835,82.3195496],"animationPeriod":2,"brightness":0.899999976,"color":[0.82745105,0.92549026,0.470588267,1],"fadeStartDistance":10,"hidden":true,"innerAngle":10,"outerAngle":170,"rotationMatrix":[-0.951524734,-0.30757156,-8.94069672e-08,-8.94069672e-08,6.55651093e-07,-0.999999881,0.30757156,-0.951524854,-4.76837158e-07],"shadowDarkenColor":[0,0,0,0],"shadowDistance":20}
{"name":"lampBulb_679","class":"PointLight","__parent":"lampLights_114","position":[-310.050049,665.685181,82.2977295],"brightness":20,"color":[0.826189578,0.925667524,0.471540183,1],"hidden":true,"radius":0.5,"rotationMatrix":[-0.951524734,-0.30757156,-8.94069672e-08,-8.94069672e-08,6.55651093e-07,-0.999999881,0.30757156,-0.951524854,-4.76837158e-07],"shadowDarkenColor":[0,0,0,0]}
{"name":"lampBulb_680","class":"PointLight","__parent":"lampLights_114","position":[-309.564728,665.842102,82.2977295],"brightness":20,"color":[0.826189578,0.925667524,0.471540183,1],"hidden":true,"radius":0.5,"rotationMatrix":[-0.951524734,-0.30757156,-8.94069672e-08,-8.94069672e-08,6.55651093e-07,-0.999999881,0.30757156,-0.951524854,-4.76837158e-07],"shadowDarkenColor":[0,0,0,0]}
{"name":"lampBulb_681","class":"PointLight","__parent":"lampLights_114","position":[-310.281647,666.401611,82.2977295],"brightness":20,"color":[0.826189578,0.925667524,0.471540183,1],"hidden":true,"radius":0.5,"rotationMatrix":[-0.951524734,-0.30757156,-8.94069672e-08,-8.94069672e-08,6.55651093e-07,-0.999999881,0.30757156,-0.951524854,-4.76837158e-07],"shadowDarkenColor":[0,0,0,0]}
{"name":"lampLight_228","class":"SpotLight","__parent":"lampLights_114","position":[-309.955841,666.093384,82.3195496],"animationPeriod":2,"brightness":0.899999976,"color":[0.82745105,0.92549026,0.470588267,1],"fadeStartDistance":10,"hidden":true,"innerAngle":10,"outerAngle":170,"rotationMatrix":[-0.951524734,-0.30757156,-8.94069672e-08,-8.94069672e-08,6.55651093e-07,-0.999999881,0.30757156,-0.951524854,-4.76837158e-07],"shadowDarkenColor":[0,0,0,0],"shadowDistance":20}
{"name":"lampBulb_682","class":"PointLight","__parent":"lampLights_114","position":[-310.013092,667.228394,82.2977295],"brightness":20,"color":[0.826189578,0.925667524,0.471540183,1],"hidden":true,"radius":0.5,"rotationMatrix":[-0.951524734,-0.30757156,-8.94069672e-08,-8.94069672e-08,6.55651093e-07,-0.999999881,0.30757156,-0.951524854,-4.76837158e-07],"shadowDarkenColor":[0,0,0,0]}
{"name":"lampBulb_683","class":"PointLight","__parent":"lampLights_114","position":[-309.796326,666.558472,82.2977295],"brightness":20,"color":[0.826189578,0.925667524,0.471540183,1],"hidden":true,"radius":0.5,"rotationMatrix":[-0.951524734,-0.30757156,-8.94069672e-08,-8.94069672e-08,6.55651093e-07,-0.999999881,0.30757156,-0.951524854,-4.76837158e-07],"shadowDarkenColor":[0,0,0,0]}
{"name":"lampBulb_684","class":"PointLight","__parent":"lampLights_114","position":[-310.498322,667.071899,82.2977295],"brightness":20,"color":[0.826189578,0.925667524,0.471540183,1],"hidden":true,"radius":0.5,"rotationMatrix":[-0.951524734,-0.30757156,-8.94069672e-08,-8.94069672e-08,6.55651093e-07,-0.999999881,0.30757156,-0.951524854,-4.76837158e-07],"shadowDarkenColor":[0,0,0,0]}
