{"name":"lampLight_191","class":"SpotLight","__parent":"lampLights_96","position":[-701.361572,5.89465523,110.159004],"animationPeriod":2,"brightness":0.899999976,"color":[0.82745105,0.92549026,0.470588267,1],"fadeStartDistance":10,"innerAngle":10,"outerAngle":170,"rotationMatrix":[0.707106709,0.707106769,-3.36346534e-06,-2.33461788e-06,-2.42204055e-06,-0.99999994,-0.707106709,0.707106769,-6.18172393e-08],"shadowDarkenColor":[0,0,0,0],"shadowDistance":20}
{"name":"lampBulb_571","class":"PointLight","__parent":"lampLights_96","position":[-701.979675,6.84243965,110.138039],"brightness":20,"color":[0.826189578,0.925667524,0.471540183,1],"radius":0.5,"rotationMatrix":[0.707106709,0.707106769,-3.36346534e-06,-2.33461788e-06,-2.42204055e-06,-0.99999994,-0.707106709,0.707106769,-6.18172393e-08],"shadowDarkenColor":[0,0,0,0]}
{"name":"lampBulb_572","class":"PointLight","__parent":"lampLights_96","position":[-702.34613,6.48770332,110.138206],"brightness":20,"color":[0.826189578,0.925667524,0.471540183,1],"radius":0.5,"rotationMatrix":[0.707106709,0.707106769,-3.36346534e-06,-2.33461788e-06,-2.42204055e-06,-0.99999994,-0.707106709,0.707106769,-6.18172393e-08],"shadowDarkenColor":[0,0,0,0]}
{"name":"lampBulb_573","class":"PointLight","__parent":"lampLights_96","position":[-701.455994,6.30151558,110.137398],"brightness":20,"color":[0.826189578,0.925667524,0.471540183,1],"radius":0.5,"rotationMatrix":[0.707106709,0.707106769,-3.36346534e-06,-2.33461788e-06,-2.42204055e-06,-0.99999994,-0.707106709,0.707106769,-6.18172393e-08],"shadowDarkenColor":[0,0,0,0]}
{"name":"lampLight_192","class":"SpotLight","__parent":"lampLights_96","position":[-701.884216,6.43451118,110.159615],"animationPeriod":2,"brightness":0.899999976,"color":[0.82745105,0.92549026,0.470588267,1],"fadeStartDistance":10,"innerAngle":10,"outerAngle":170,"rotationMatrix":[0.707106709,0.707106769,-3.36346534e-06,-2.33461788e-06,-2.42204055e-06,-0.99999994,-0.707106709,0.707106769,-6.18172393e-08],"shadowDarkenColor":[0,0,0,0],"shadowDistance":20}
{"name":"lampBulb_574","class":"PointLight","__parent":"lampLights_96","position":[-701.332397,5.4406147,110.136986],"brightness":20,"color":[0.826189578,0.925667524,0.471540183,1],"radius":0.5,"rotationMatrix":[0.707106709,0.707106769,-3.36346534e-06,-2.33461788e-06,-2.42204055e-06,-0.99999994,-0.707106709,0.707106769,-6.18172393e-08],"shadowDarkenColor":[0,0,0,0]}
{"name":"lampBulb_575","class":"PointLight","__parent":"lampLights_96","position":[-701.822388,5.94671822,110.137566],"brightness":20,"color":[0.826189578,0.925667524,0.471540183,1],"radius":0.5,"rotationMatrix":[0.707106709,0.707106769,-3.36346534e-06,-2.33461788e-06,-2.42204055e-06,-0.99999994,-0.707106709,0.707106769,-6.18172393e-08],"shadowDarkenColor":[0,0,0,0]}
{"name":"lampBulb_576","class":"PointLight","__parent":"lampLights_96","position":[-700.966003,5.79541206,110.136818],"brightness":20,"color":[0.826189578,0.925667524,0.471540183,1],"radius":0.5,"rotationMatrix":[0.707106709,0.707106769,-3.36346534e-06,-2.33461788e-06,-2.42204055e-06,-0.99999994,-0.707106709,0.707106769,-6.18172393e-08],"shadowDarkenColor":[0,0,0,0]}
