{
  "looped":false,
  "manualFov":true,
  "markers":[
    {
      "fov":20,
      "movingEnd":true,
      "movingStart":true,
      "pos":{
        "x":653.5780996,
        "y":-603.7526546,
        "z":231.2179361
      },
      "rot":{
        "z":-0.9985720671,
        "w":0.02990660217,
        "x":0.001325125344,
        "y":0.04424551964
      },
      "time":0,
      "trackPosition":true
    },
    {
      "fov":20,
      "movingEnd":true,
      "movingStart":true,
      "pos":{
        "x":653.9685855,
        "y":-597.2394009,
        "z":231.7972987
      },
      "rot":{
        "z":-0.9985720671,
        "w":0.02990660217,
        "x":0.001325125344,
        "y":0.04424551964
      },
      "time":3,
      "trackPosition":true
    }
  ],
  "name":"camPath",
  "version":"6"
}