{
  "looped":false,
  "manualFov":true,
  "markers":[
    {
      "fov":20,
      "movingEnd":true,
      "movingStart":true,
      "pos":{
        "x":-593.0841675,
        "y":-616.0941162,
        "z":188.2109375
      },
      "rot":{
        "z":0.9065911045,
        "w":-0.4203616609,
        "x":-0.01567545634,
        "y":-0.03380714894
      },
      "time":0,
      "trackPosition":true
    },
    {
      "fov":20,
      "movingEnd":true,
      "movingStart":true,
      "pos":{
        "x":-589.1616821,
        "y":-613.9457397,
        "z":188.4557343
      },
      "rot":{
        "z":0.9065911045,
        "w":-0.4203616609,
        "x":-0.01567545634,
        "y":-0.03380714894
      },
      "time":3,
      "trackPosition":true
    }
  ],
  "name":"camPath",
  "rotFixId":1,
  "version":"6"
}