{
  "looped":false,
  "manualFov":true,
  "markers":[
    {
      "fov":35,
      "movingEnd":true,
      "movingStart":true,
      "pos":{
        "x":-617.099962,
        "y":-625.9028444,
        "z":188.7880099
      },
      "rot":{
        "z":-0.8648042246,
        "w":-0.4920425434,
        "x":-0.04947158539,
        "y":0.08695027821
      },
      "time":0,
      "trackPosition":true
    },
    {
      "cut":true,
      "fov":35,
      "movingEnd":true,
      "movingStart":true,
      "pos":{
        "x":-593.9894856,
        "y":-614.0254633,
        "z":188.4018662
      },
      "rot":{
        "z":-0.9664496027,
        "w":0.2459951043,
        "x":0.01822949332,
        "y":0.0716188504
      },
      "time":16,
      "trackPosition":true
    },
    {
      "fov":35,
      "movingEnd":true,
      "movingStart":true,
      "pos":{
        "x":-599.9230427,
        "y":-634.0972548,
        "z":191.3251404
      },
      "rot":{
        "z":-0.4064613036,
        "w":0.8918944117,
        "x":0.1804238057,
        "y":0.08222418965
      },
      "time":16,
      "trackPosition":true
    },
    {
      "fov":35,
      "movingEnd":true,
      "movingStart":true,
      "pos":{
        "x":-590.3604706,
        "y":-625.0241616,
        "z":191.8585761
      },
      "rot":{
        "z":-0.4064613036,
        "w":0.8918944117,
        "x":0.1804238057,
        "y":0.08222418965
      },
      "time":30,
      "trackPosition":true
    }
  ],
  "name":"camPath",
  "rotFixId":1,
  "version":"6"
}