{
  "looped":false,
  "manualFov":true,
  "markers":[
    {
      "fov":40,
      "movingEnd":true,
      "movingStart":true,
      "pos":{
        "x":633.4570571,
        "y":-616.820524,
        "z":231.62253
      },
      "rot":{
        "z":0.6623380165,
        "w":0.737904162,
        "x":0.09647391346,
        "y":-0.0865943625
      },
      "time":0,
      "trackPosition":true
    },
    {
      "cut":true,
      "fov":40,
      "movingEnd":true,
      "movingStart":true,
      "pos":{
        "x":644.9105575,
        "y":-595.5131883,
        "z":231.8937598
      },
      "rot":{
        "z":0.9810108414,
        "w":0.1083867658,
        "x":0.01766307612,
        "y":-0.1598688643
      },
      "time":16,
      "trackPosition":true
    },
    {
      "fov":40,
      "movingEnd":true,
      "movingStart":true,
      "pos":{
        "x":655.0818546,
        "y":-610.7955873,
        "z":229.804731
      },
      "rot":{
        "z":0.476555905,
        "w":-0.8778780035,
        "x":-0.04145258341,
        "y":-0.02250252691
      },
      "time":16,
      "trackPosition":true
    },
    {
      "fov":40,
      "movingEnd":true,
      "movingStart":true,
      "pos":{
        "x":648.0053518,
        "y":-621.2456936,
        "z":229.804731
      },
      "rot":{
        "z":0.4510089226,
        "w":-0.8912240888,
        "x":-0.04288933263,
        "y":-0.02170438607
      },
      "time":28,
      "trackPosition":true
    }
  ],
  "name":"camPath",
  "rotFixId":1,
  "version":"6"
}