{"name":"lampLight_37","class":"SpotLight","__parent":"lampLights_19","position":[-914.134766,376.176544,162.993164],"animationPeriod":2,"brightness":0.899999976,"color":[0.82745105,0.92549026,0.470588267,1],"fadeStartDistance":10,"innerAngle":10,"isEnabled":false,"outerAngle":170,"rotationMatrix":[1.44037371e-09,-0.999999881,2.94844517e-06,-0.00048851961,-2.9484454e-06,-0.999999762,0.999999762,0,-0.00048851961],"shadowDarkenColor":[0,0,0,0],"shadowDistance":20}
{"name":"lampBulb_109","class":"PointLight","__parent":"lampLights_19","position":[-913.022644,375.96817,162.971344],"brightness":20,"color":[0.826189578,0.925667524,0.471540183,1],"isEnabled":false,"radius":0.5,"rotationMatrix":[1.44037371e-09,-0.999999881,2.94844517e-06,-0.00048851961,-2.9484454e-06,-0.999999762,0.999999762,0,-0.00048851961],"shadowDarkenColor":[0,0,0,0]}
{"name":"lampBulb_110","class":"PointLight","__parent":"lampLights_19","position":[-913.025757,376.478241,162.971344],"brightness":20,"color":[0.826189578,0.925667524,0.471540183,1],"isEnabled":false,"radius":0.5,"rotationMatrix":[1.44037371e-09,-0.999999881,2.94844517e-06,-0.00048851961,-2.9484454e-06,-0.999999762,0.999999762,0,-0.00048851961],"shadowDarkenColor":[0,0,0,0]}
{"name":"lampBulb_111","class":"PointLight","__parent":"lampLights_19","position":[-913.775513,375.963531,162.971344],"brightness":20,"color":[0.826189578,0.925667524,0.471540183,1],"isEnabled":false,"radius":0.5,"rotationMatrix":[1.44037371e-09,-0.999999881,2.94844517e-06,-0.00048851961,-2.9484454e-06,-0.999999762,0.999999762,0,-0.00048851961],"shadowDarkenColor":[0,0,0,0]}
{"name":"lampLight_38","class":"SpotLight","__parent":"lampLights_19","position":[-913.383362,376.181183,162.993164],"animationPeriod":2,"brightness":0.899999976,"color":[0.82745105,0.92549026,0.470588267,1],"fadeStartDistance":10,"innerAngle":10,"isEnabled":false,"outerAngle":170,"rotationMatrix":[1.44037371e-09,-0.999999881,2.94844517e-06,-0.00048851961,-2.9484454e-06,-0.999999762,0.999999762,0,-0.00048851961],"shadowDarkenColor":[0,0,0,0],"shadowDistance":20}
{"name":"lampBulb_112","class":"PointLight","__parent":"lampLights_19","position":[-914.483093,376.469269,162.971344],"brightness":20,"color":[0.826189578,0.925667524,0.471540183,1],"isEnabled":false,"radius":0.5,"rotationMatrix":[1.44037371e-09,-0.999999881,2.94844517e-06,-0.00048851961,-2.9484454e-06,-0.999999762,0.999999762,0,-0.00048851961],"shadowDarkenColor":[0,0,0,0]}
{"name":"lampBulb_113","class":"PointLight","__parent":"lampLights_19","position":[-913.778687,376.473602,162.971344],"brightness":20,"color":[0.826189578,0.925667524,0.471540183,1],"isEnabled":false,"radius":0.5,"rotationMatrix":[1.44037371e-09,-0.999999881,2.94844517e-06,-0.00048851961,-2.9484454e-06,-0.999999762,0.999999762,0,-0.00048851961],"shadowDarkenColor":[0,0,0,0]}
{"name":"lampBulb_114","class":"PointLight","__parent":"lampLights_19","position":[-914.479919,375.959198,162.971344],"brightness":20,"color":[0.826189578,0.925667524,0.471540183,1],"isEnabled":false,"radius":0.5,"rotationMatrix":[1.44037371e-09,-0.999999881,2.94844517e-06,-0.00048851961,-2.9484454e-06,-0.999999762,0.999999762,0,-0.00048851961],"shadowDarkenColor":[0,0,0,0]}
