{"name":"lampLight_111","class":"SpotLight","__parent":"lampLights_56","position":[-907.50116,211.654358,166.227081],"animationPeriod":2,"brightness":0.899999976,"color":[0.82745105,0.92549026,0.470588267,1],"fadeStartDistance":10,"innerAngle":10,"isEnabled":false,"outerAngle":170,"rotationMatrix":[0.707106709,0.707106769,-3.36346534e-06,-2.33461788e-06,-2.42204055e-06,-0.99999994,-0.707106709,0.707106769,-6.18172393e-08],"shadowDarkenColor":[0,0,0,0],"shadowDistance":20}
{"name":"lampBulb_331","class":"PointLight","__parent":"lampLights_56","position":[-908.119263,212.602142,166.206116],"brightness":20,"color":[0.826189578,0.925667524,0.471540183,1],"isEnabled":false,"radius":0.5,"rotationMatrix":[0.707106709,0.707106769,-3.36346534e-06,-2.33461788e-06,-2.42204055e-06,-0.99999994,-0.707106709,0.707106769,-6.18172393e-08],"shadowDarkenColor":[0,0,0,0]}
{"name":"lampBulb_332","class":"PointLight","__parent":"lampLights_56","position":[-908.485718,212.247406,166.206284],"brightness":20,"color":[0.826189578,0.925667524,0.471540183,1],"isEnabled":false,"radius":0.5,"rotationMatrix":[0.707106709,0.707106769,-3.36346534e-06,-2.33461788e-06,-2.42204055e-06,-0.99999994,-0.707106709,0.707106769,-6.18172393e-08],"shadowDarkenColor":[0,0,0,0]}
{"name":"lampBulb_333","class":"PointLight","__parent":"lampLights_56","position":[-907.595581,212.061218,166.205475],"brightness":20,"color":[0.826189578,0.925667524,0.471540183,1],"isEnabled":false,"radius":0.5,"rotationMatrix":[0.707106709,0.707106769,-3.36346534e-06,-2.33461788e-06,-2.42204055e-06,-0.99999994,-0.707106709,0.707106769,-6.18172393e-08],"shadowDarkenColor":[0,0,0,0]}
{"name":"lampLight_112","class":"SpotLight","__parent":"lampLights_56","position":[-908.023804,212.194214,166.227692],"animationPeriod":2,"brightness":0.899999976,"color":[0.82745105,0.92549026,0.470588267,1],"fadeStartDistance":10,"innerAngle":10,"isEnabled":false,"outerAngle":170,"rotationMatrix":[0.707106709,0.707106769,-3.36346534e-06,-2.33461788e-06,-2.42204055e-06,-0.99999994,-0.707106709,0.707106769,-6.18172393e-08],"shadowDarkenColor":[0,0,0,0],"shadowDistance":20}
{"name":"lampBulb_334","class":"PointLight","__parent":"lampLights_56","position":[-907.471985,211.200317,166.205063],"brightness":20,"color":[0.826189578,0.925667524,0.471540183,1],"isEnabled":false,"radius":0.5,"rotationMatrix":[0.707106709,0.707106769,-3.36346534e-06,-2.33461788e-06,-2.42204055e-06,-0.99999994,-0.707106709,0.707106769,-6.18172393e-08],"shadowDarkenColor":[0,0,0,0]}
{"name":"lampBulb_335","class":"PointLight","__parent":"lampLights_56","position":[-907.961975,211.706421,166.205643],"brightness":20,"color":[0.826189578,0.925667524,0.471540183,1],"isEnabled":false,"radius":0.5,"rotationMatrix":[0.707106709,0.707106769,-3.36346534e-06,-2.33461788e-06,-2.42204055e-06,-0.99999994,-0.707106709,0.707106769,-6.18172393e-08],"shadowDarkenColor":[0,0,0,0]}
{"name":"lampBulb_336","class":"PointLight","__parent":"lampLights_56","position":[-907.105591,211.555115,166.204895],"brightness":20,"color":[0.826189578,0.925667524,0.471540183,1],"isEnabled":false,"radius":0.5,"rotationMatrix":[0.707106709,0.707106769,-3.36346534e-06,-2.33461788e-06,-2.42204055e-06,-0.99999994,-0.707106709,0.707106769,-6.18172393e-08],"shadowDarkenColor":[0,0,0,0]}
