{"name":"lampLight_207","class":"SpotLight","__parent":"lampLights_104","position":[-539.336853,663.541443,95.8804169],"animationPeriod":2,"brightness":0.899999976,"color":[0.82745105,0.92549026,0.470588267,1],"fadeStartDistance":10,"hidden":true,"innerAngle":10,"outerAngle":170,"rotationMatrix":[0.693401933,-0.720551014,0,5.96046448e-08,1.1920929e-07,-0.99999994,0.720551014,0.693401873,1.1920929e-07],"shadowDarkenColor":[0,0,0,0],"shadowDistance":20}
{"name":"lampBulb_619","class":"PointLight","__parent":"lampLights_104","position":[-538.387268,664.156677,95.8585968],"brightness":20,"color":[0.826189578,0.925667524,0.471540183,1],"hidden":true,"radius":0.5,"rotationMatrix":[0.693401933,-0.720551014,0,5.96046448e-08,1.1920929e-07,-0.99999994,0.720551014,0.693401873,1.1920929e-07],"shadowDarkenColor":[0,0,0,0]}
{"name":"lampBulb_620","class":"PointLight","__parent":"lampLights_104","position":[-538.740906,664.52417,95.8585968],"brightness":20,"color":[0.826189578,0.925667524,0.471540183,1],"hidden":true,"radius":0.5,"rotationMatrix":[0.693401933,-0.720551014,0,5.96046448e-08,1.1920929e-07,-0.99999994,0.720551014,0.693401873,1.1920929e-07],"shadowDarkenColor":[0,0,0,0]}
{"name":"lampBulb_621","class":"PointLight","__parent":"lampLights_104","position":[-538.92981,663.634583,95.8585968],"brightness":20,"color":[0.826189578,0.925667524,0.471540183,1],"hidden":true,"radius":0.5,"rotationMatrix":[0.693401933,-0.720551014,0,5.96046448e-08,1.1920929e-07,-0.99999994,0.720551014,0.693401873,1.1920929e-07],"shadowDarkenColor":[0,0,0,0]}
{"name":"lampLight_208","class":"SpotLight","__parent":"lampLights_104","position":[-538.795471,664.0625,95.8804169],"animationPeriod":2,"brightness":0.899999976,"color":[0.82745105,0.92549026,0.470588267,1],"fadeStartDistance":10,"hidden":true,"innerAngle":10,"outerAngle":170,"rotationMatrix":[0.693401933,-0.720551014,0,5.96046448e-08,1.1920929e-07,-0.99999994,0.720551014,0.693401873,1.1920929e-07],"shadowDarkenColor":[0,0,0,0],"shadowDistance":20}
{"name":"lampBulb_622","class":"PointLight","__parent":"lampLights_104","position":[-539.79071,663.513672,95.8585968],"brightness":20,"color":[0.826189578,0.925667524,0.471540183,1],"hidden":true,"radius":0.5,"rotationMatrix":[0.693401933,-0.720551014,0,5.96046448e-08,1.1920929e-07,-0.99999994,0.720551014,0.693401873,1.1920929e-07],"shadowDarkenColor":[0,0,0,0]}
{"name":"lampBulb_623","class":"PointLight","__parent":"lampLights_104","position":[-539.283447,664.002075,95.8585968],"brightness":20,"color":[0.826189578,0.925667524,0.471540183,1],"hidden":true,"radius":0.5,"rotationMatrix":[0.693401933,-0.720551014,0,5.96046448e-08,1.1920929e-07,-0.99999994,0.720551014,0.693401873,1.1920929e-07],"shadowDarkenColor":[0,0,0,0]}
{"name":"lampBulb_624","class":"PointLight","__parent":"lampLights_104","position":[-539.437317,663.146118,95.8585968],"brightness":20,"color":[0.826189578,0.925667524,0.471540183,1],"hidden":true,"radius":0.5,"rotationMatrix":[0.693401933,-0.720551014,0,5.96046448e-08,1.1920929e-07,-0.99999994,0.720551014,0.693401873,1.1920929e-07],"shadowDarkenColor":[0,0,0,0]}
