{"name":"lampLight_303","class":"SpotLight","__parent":"lampLights_152","position":[33.7055168,452.496246,118.471909],"animationPeriod":2,"brightness":0.899999976,"color":[0.82745105,0.92549026,0.470588267,1],"fadeStartDistance":10,"innerAngle":10,"outerAngle":170,"rotationMatrix":[-0.700718403,-0.713437557,-9.83476639e-07,2.98023224e-08,1.49011612e-06,-0.999999821,0.713437557,-0.700718582,-8.34465027e-07],"shadowDarkenColor":[0,0,0,0],"shadowDistance":20}
{"name":"lampBulb_907","class":"PointLight","__parent":"lampLights_152","position":[34.3278732,451.5513,118.450089],"brightness":20,"color":[0.826189578,0.925667524,0.471540183,1],"radius":0.5,"rotationMatrix":[-0.700718403,-0.713437557,-9.83476639e-07,2.98023224e-08,1.49011612e-06,-0.999999821,0.713437557,-0.700718582,-8.34465027e-07],"shadowDarkenColor":[0,0,0,0]}
{"name":"lampBulb_908","class":"PointLight","__parent":"lampLights_152","position":[34.6926613,451.907745,118.450089],"brightness":20,"color":[0.826189578,0.925667524,0.471540183,1],"radius":0.5,"rotationMatrix":[-0.700718403,-0.713437557,-9.83476639e-07,2.98023224e-08,1.49011612e-06,-0.999999821,0.713437557,-0.700718582,-8.34465027e-07],"shadowDarkenColor":[0,0,0,0]}
{"name":"lampBulb_909","class":"PointLight","__parent":"lampLights_152","position":[33.8016472,452.089874,118.450089],"brightness":20,"color":[0.826189578,0.925667524,0.471540183,1],"radius":0.5,"rotationMatrix":[-0.700718403,-0.713437557,-9.83476639e-07,2.98023224e-08,1.49011612e-06,-0.999999821,0.713437557,-0.700718582,-8.34465027e-07],"shadowDarkenColor":[0,0,0,0]}
{"name":"lampLight_304","class":"SpotLight","__parent":"lampLights_152","position":[34.2306366,451.958771,118.471909],"animationPeriod":2,"brightness":0.899999976,"color":[0.82745105,0.92549026,0.470588267,1],"fadeStartDistance":10,"innerAngle":10,"outerAngle":170,"rotationMatrix":[-0.700718403,-0.713437557,-9.83476639e-07,2.98023224e-08,1.49011612e-06,-0.999999821,0.713437557,-0.700718582,-8.34465027e-07],"shadowDarkenColor":[0,0,0,0],"shadowDistance":20}
{"name":"lampBulb_910","class":"PointLight","__parent":"lampLights_152","position":[33.6742783,452.949829,118.450089],"brightness":20,"color":[0.826189578,0.925667524,0.471540183,1],"radius":0.5,"rotationMatrix":[-0.700718403,-0.713437557,-9.83476639e-07,2.98023224e-08,1.49011612e-06,-0.999999821,0.713437557,-0.700718582,-8.34465027e-07],"shadowDarkenColor":[0,0,0,0]}
{"name":"lampBulb_911","class":"PointLight","__parent":"lampLights_152","position":[34.1664963,452.44632,118.450089],"brightness":20,"color":[0.826189578,0.925667524,0.471540183,1],"radius":0.5,"rotationMatrix":[-0.700718403,-0.713437557,-9.83476639e-07,2.98023224e-08,1.49011612e-06,-0.999999821,0.713437557,-0.700718582,-8.34465027e-07],"shadowDarkenColor":[0,0,0,0]}
{"name":"lampBulb_912","class":"PointLight","__parent":"lampLights_152","position":[33.3094254,452.593628,118.450089],"brightness":20,"color":[0.826189578,0.925667524,0.471540183,1],"radius":0.5,"rotationMatrix":[-0.700718403,-0.713437557,-9.83476639e-07,2.98023224e-08,1.49011612e-06,-0.999999821,0.713437557,-0.700718582,-8.34465027e-07],"shadowDarkenColor":[0,0,0,0]}
