{"name":"lampLight_43","class":"SpotLight","__parent":"lampLights_22","position":[-896.348022,314.45105,165.532608],"animationPeriod":2,"brightness":0.899999976,"color":[0.82745105,0.92549026,0.470588267,1],"fadeStartDistance":10,"innerAngle":10,"outerAngle":170,"rotationMatrix":[0.704390883,-0.709812164,-0.000342041254,-0.000488251448,-2.38418579e-06,-0.999999642,0.709812045,0.704390764,-0.000348210335],"shadowDarkenColor":[0,0,0,0],"shadowDistance":20}
{"name":"lampBulb_127","class":"PointLight","__parent":"lampLights_22","position":[-895.411865,315.086548,165.51088],"brightness":20,"color":[0.826189578,0.925667524,0.471540183,1],"radius":0.5,"rotationMatrix":[0.704390883,-0.709812164,-0.000342041254,-0.000488251448,-2.38418579e-06,-0.999999642,0.709812045,0.704390764,-0.000348210335],"shadowDarkenColor":[0,0,0,0]}
{"name":"lampBulb_128","class":"PointLight","__parent":"lampLights_22","position":[-895.773315,315.446381,165.511047],"brightness":20,"color":[0.826189578,0.925667524,0.471540183,1],"radius":0.5,"rotationMatrix":[0.704390883,-0.709812164,-0.000342041254,-0.000488251448,-2.38418579e-06,-0.999999642,0.709812045,0.704390764,-0.000348210335],"shadowDarkenColor":[0,0,0,0]}
{"name":"lampBulb_129","class":"PointLight","__parent":"lampLights_22","position":[-895.942993,314.552948,165.510757],"brightness":20,"color":[0.826189578,0.925667524,0.471540183,1],"radius":0.5,"rotationMatrix":[0.704390883,-0.709812164,-0.000342041254,-0.000488251448,-2.38418579e-06,-0.999999642,0.709812045,0.704390764,-0.000348210335],"shadowDarkenColor":[0,0,0,0]}
{"name":"lampLight_44","class":"SpotLight","__parent":"lampLights_22","position":[-895.817932,314.983612,165.5327],"animationPeriod":2,"brightness":0.899999976,"color":[0.82745105,0.92549026,0.470588267,1],"fadeStartDistance":10,"innerAngle":10,"outerAngle":170,"rotationMatrix":[0.704390883,-0.709812164,-0.000342041254,-0.000488251448,-2.38418579e-06,-0.999999642,0.709812045,0.704390764,-0.000348210335],"shadowDarkenColor":[0,0,0,0],"shadowDistance":20}
{"name":"lampBulb_130","class":"PointLight","__parent":"lampLights_22","position":[-896.801453,314.413452,165.510818],"brightness":20,"color":[0.826189578,0.925667524,0.471540183,1],"radius":0.5,"rotationMatrix":[0.704390883,-0.709812164,-0.000342041254,-0.000488251448,-2.38418579e-06,-0.999999642,0.709812045,0.704390764,-0.000348210335],"shadowDarkenColor":[0,0,0,0]}
{"name":"lampBulb_131","class":"PointLight","__parent":"lampLights_22","position":[-896.304504,314.91272,165.510925],"brightness":20,"color":[0.826189578,0.925667524,0.471540183,1],"radius":0.5,"rotationMatrix":[0.704390883,-0.709812164,-0.000342041254,-0.000488251448,-2.38418579e-06,-0.999999642,0.709812045,0.704390764,-0.000348210335],"shadowDarkenColor":[0,0,0,0]}
{"name":"lampBulb_132","class":"PointLight","__parent":"lampLights_22","position":[-896.439941,314.05368,165.510651],"brightness":20,"color":[0.826189578,0.925667524,0.471540183,1],"radius":0.5,"rotationMatrix":[0.704390883,-0.709812164,-0.000342041254,-0.000488251448,-2.38418579e-06,-0.999999642,0.709812045,0.704390764,-0.000348210335],"shadowDarkenColor":[0,0,0,0]}
