{
  "looped":false,
  "manualFov":true,
  "markers":[
    {
      "fov":60,
      "movingEnd":true,
      "movingStart":true,
      "pos":{
        "x":-768.204529,
        "y":426.198975,
        "z":74.3959579
      },
      "rot":{
        "z":-0.0763133019,
        "w":0.929929078,
        "x":0.358528107,
        "y":0.0294220988
      },
      "time":0,
      "trackPosition":false
    },
    {
      "cut":true,
      "fov":60,
      "movingEnd":true,
      "movingStart":true,
      "pos":{
        "x":-768.204529,
        "y":526.621948,
        "z":74.3959579
      },
      "rot":{
        "z":-0.0763133019,
        "w":0.929929078,
        "x":0.358528107,
        "y":0.0294220988
      },
      "time":10,
      "trackPosition":false
    },
    {
      "fov":60,
      "movingEnd":true,
      "movingStart":true,
      "pos":{
        "x":-770.886658,
        "y":505.612488,
        "z":36.0131874
      },
      "rot":{
        "z":-0.854661644,
        "w":0.485562325,
        "x":0.0907933936,
        "y":0.159809798
      },
      "time":10,
      "trackPosition":false
    },
    {
      "fov":60,
      "movingEnd":true,
      "movingStart":true,
      "pos":{
        "x":-781.723206,
        "y":499.153809,
        "z":31.1244755
      },
      "rot":{
        "z":-0.854661644,
        "w":0.485562325,
        "x":0.0907933936,
        "y":0.159809798
      },
      "time":16,
      "trackPosition":false
    }
  ],
  "name":"camPath2",
  "rotFixId":1,
  "version":"6"
}