{"name":"lampLight_121","class":"SpotLight","__parent":"lampLights_61","position":[-802.853699,316.323029,158.112427],"animationPeriod":2,"brightness":0.899999976,"color":[0.82745105,0.92549026,0.470588267,1],"fadeStartDistance":10,"innerAngle":10,"isEnabled":false,"outerAngle":170,"rotationMatrix":[0.707106709,0.707106769,-3.36346534e-06,-2.33461788e-06,-2.42204055e-06,-0.99999994,-0.707106709,0.707106769,-6.18172393e-08],"shadowDarkenColor":[0,0,0,0],"shadowDistance":20}
{"name":"lampBulb_361","class":"PointLight","__parent":"lampLights_61","position":[-803.471802,317.270782,158.091461],"brightness":20,"color":[0.826189578,0.925667524,0.471540183,1],"isEnabled":false,"radius":0.5,"rotationMatrix":[0.707106709,0.707106769,-3.36346534e-06,-2.33461788e-06,-2.42204055e-06,-0.99999994,-0.707106709,0.707106769,-6.18172393e-08],"shadowDarkenColor":[0,0,0,0]}
{"name":"lampBulb_362","class":"PointLight","__parent":"lampLights_61","position":[-803.838257,316.916046,158.091629],"brightness":20,"color":[0.826189578,0.925667524,0.471540183,1],"isEnabled":false,"radius":0.5,"rotationMatrix":[0.707106709,0.707106769,-3.36346534e-06,-2.33461788e-06,-2.42204055e-06,-0.99999994,-0.707106709,0.707106769,-6.18172393e-08],"shadowDarkenColor":[0,0,0,0]}
{"name":"lampBulb_363","class":"PointLight","__parent":"lampLights_61","position":[-802.94812,316.729889,158.09082],"brightness":20,"color":[0.826189578,0.925667524,0.471540183,1],"isEnabled":false,"radius":0.5,"rotationMatrix":[0.707106709,0.707106769,-3.36346534e-06,-2.33461788e-06,-2.42204055e-06,-0.99999994,-0.707106709,0.707106769,-6.18172393e-08],"shadowDarkenColor":[0,0,0,0]}
{"name":"lampLight_122","class":"SpotLight","__parent":"lampLights_61","position":[-803.376343,316.862885,158.113037],"animationPeriod":2,"brightness":0.899999976,"color":[0.82745105,0.92549026,0.470588267,1],"fadeStartDistance":10,"innerAngle":10,"isEnabled":false,"outerAngle":170,"rotationMatrix":[0.707106709,0.707106769,-3.36346534e-06,-2.33461788e-06,-2.42204055e-06,-0.99999994,-0.707106709,0.707106769,-6.18172393e-08],"shadowDarkenColor":[0,0,0,0],"shadowDistance":20}
{"name":"lampBulb_364","class":"PointLight","__parent":"lampLights_61","position":[-802.824524,315.868988,158.090408],"brightness":20,"color":[0.826189578,0.925667524,0.471540183,1],"isEnabled":false,"radius":0.5,"rotationMatrix":[0.707106709,0.707106769,-3.36346534e-06,-2.33461788e-06,-2.42204055e-06,-0.99999994,-0.707106709,0.707106769,-6.18172393e-08],"shadowDarkenColor":[0,0,0,0]}
{"name":"lampBulb_365","class":"PointLight","__parent":"lampLights_61","position":[-803.314514,316.375092,158.090988],"brightness":20,"color":[0.826189578,0.925667524,0.471540183,1],"isEnabled":false,"radius":0.5,"rotationMatrix":[0.707106709,0.707106769,-3.36346534e-06,-2.33461788e-06,-2.42204055e-06,-0.99999994,-0.707106709,0.707106769,-6.18172393e-08],"shadowDarkenColor":[0,0,0,0]}
{"name":"lampBulb_366","class":"PointLight","__parent":"lampLights_61","position":[-802.45813,316.223785,158.09024],"brightness":20,"color":[0.826189578,0.925667524,0.471540183,1],"isEnabled":false,"radius":0.5,"rotationMatrix":[0.707106709,0.707106769,-3.36346534e-06,-2.33461788e-06,-2.42204055e-06,-0.99999994,-0.707106709,0.707106769,-6.18172393e-08],"shadowDarkenColor":[0,0,0,0]}
