{"name":"lampLight_205","class":"SpotLight","__parent":"lampLights_103","position":[-454.281097,731.194336,82.3879471],"animationPeriod":2,"brightness":0.899999976,"color":[0.82745105,0.92549026,0.470588267,1],"fadeStartDistance":10,"innerAngle":10,"outerAngle":170,"rotationMatrix":[0.693401933,-0.720551014,0,5.96046448e-08,1.1920929e-07,-0.99999994,0.720551014,0.693401873,1.1920929e-07],"shadowDarkenColor":[0,0,0,0],"shadowDistance":20}
{"name":"lampBulb_613","class":"PointLight","__parent":"lampLights_103","position":[-453.331512,731.80957,82.366127],"brightness":20,"color":[0.826189578,0.925667524,0.471540183,1],"radius":0.5,"rotationMatrix":[0.693401933,-0.720551014,0,5.96046448e-08,1.1920929e-07,-0.99999994,0.720551014,0.693401873,1.1920929e-07],"shadowDarkenColor":[0,0,0,0]}
{"name":"lampBulb_614","class":"PointLight","__parent":"lampLights_103","position":[-453.68515,732.177063,82.366127],"brightness":20,"color":[0.826189578,0.925667524,0.471540183,1],"radius":0.5,"rotationMatrix":[0.693401933,-0.720551014,0,5.96046448e-08,1.1920929e-07,-0.99999994,0.720551014,0.693401873,1.1920929e-07],"shadowDarkenColor":[0,0,0,0]}
{"name":"lampBulb_615","class":"PointLight","__parent":"lampLights_103","position":[-453.874023,731.287476,82.366127],"brightness":20,"color":[0.826189578,0.925667524,0.471540183,1],"radius":0.5,"rotationMatrix":[0.693401933,-0.720551014,0,5.96046448e-08,1.1920929e-07,-0.99999994,0.720551014,0.693401873,1.1920929e-07],"shadowDarkenColor":[0,0,0,0]}
{"name":"lampLight_206","class":"SpotLight","__parent":"lampLights_103","position":[-453.739716,731.715393,82.3879471],"animationPeriod":2,"brightness":0.899999976,"color":[0.82745105,0.92549026,0.470588267,1],"fadeStartDistance":10,"innerAngle":10,"outerAngle":170,"rotationMatrix":[0.693401933,-0.720551014,0,5.96046448e-08,1.1920929e-07,-0.99999994,0.720551014,0.693401873,1.1920929e-07],"shadowDarkenColor":[0,0,0,0],"shadowDistance":20}
{"name":"lampBulb_616","class":"PointLight","__parent":"lampLights_103","position":[-454.734955,731.166565,82.366127],"brightness":20,"color":[0.826189578,0.925667524,0.471540183,1],"radius":0.5,"rotationMatrix":[0.693401933,-0.720551014,0,5.96046448e-08,1.1920929e-07,-0.99999994,0.720551014,0.693401873,1.1920929e-07],"shadowDarkenColor":[0,0,0,0]}
{"name":"lampBulb_617","class":"PointLight","__parent":"lampLights_103","position":[-454.227692,731.654968,82.366127],"brightness":20,"color":[0.826189578,0.925667524,0.471540183,1],"radius":0.5,"rotationMatrix":[0.693401933,-0.720551014,0,5.96046448e-08,1.1920929e-07,-0.99999994,0.720551014,0.693401873,1.1920929e-07],"shadowDarkenColor":[0,0,0,0]}
{"name":"lampBulb_618","class":"PointLight","__parent":"lampLights_103","position":[-454.381561,730.799011,82.366127],"brightness":20,"color":[0.826189578,0.925667524,0.471540183,1],"radius":0.5,"rotationMatrix":[0.693401933,-0.720551014,0,5.96046448e-08,1.1920929e-07,-0.99999994,0.720551014,0.693401873,1.1920929e-07],"shadowDarkenColor":[0,0,0,0]}
