{"name":"lampLight_263","class":"SpotLight","__parent":"lampLights_132","position":[-269.626312,770.601746,82.3874207],"animationPeriod":2,"brightness":0.899999976,"color":[0.82745105,0.92549026,0.470588267,1],"fadeStartDistance":10,"innerAngle":10,"isEnabled":false,"outerAngle":170,"rotationMatrix":[-4.92006778e-14,0.99999994,1.50995803e-07,3.2584137e-07,1.50995788e-07,-1,-0.99999994,0,-3.25841341e-07],"shadowDarkenColor":[0,0,0,0],"shadowDistance":20}
{"name":"lampBulb_787","class":"PointLight","__parent":"lampLights_132","position":[-268.514984,770.389282,82.3656006],"brightness":20,"color":[0.826189578,0.925667524,0.471540183,1],"isEnabled":false,"radius":0.5,"rotationMatrix":[-4.92006778e-14,0.99999994,1.50995803e-07,3.2584137e-07,1.50995788e-07,-1,-0.99999994,0,-3.25841341e-07],"shadowDarkenColor":[0,0,0,0]}
{"name":"lampBulb_788","class":"PointLight","__parent":"lampLights_132","position":[-268.516266,770.899292,82.3656006],"brightness":20,"color":[0.826189578,0.925667524,0.471540183,1],"isEnabled":false,"radius":0.5,"rotationMatrix":[-4.92006778e-14,0.99999994,1.50995803e-07,3.2584137e-07,1.50995788e-07,-1,-0.99999994,0,-3.25841341e-07],"shadowDarkenColor":[0,0,0,0]}
{"name":"lampBulb_789","class":"PointLight","__parent":"lampLights_132","position":[-269.267914,770.387512,82.3656006],"brightness":20,"color":[0.826189578,0.925667524,0.471540183,1],"isEnabled":false,"radius":0.5,"rotationMatrix":[-4.92006778e-14,0.99999994,1.50995803e-07,3.2584137e-07,1.50995788e-07,-1,-0.99999994,0,-3.25841341e-07],"shadowDarkenColor":[0,0,0,0]}
{"name":"lampLight_264","class":"SpotLight","__parent":"lampLights_132","position":[-268.874969,770.603577,82.3874207],"animationPeriod":2,"brightness":0.899999976,"color":[0.82745105,0.92549026,0.470588267,1],"fadeStartDistance":10,"innerAngle":10,"isEnabled":false,"outerAngle":170,"rotationMatrix":[-4.92006778e-14,0.99999994,1.50995803e-07,3.2584137e-07,1.50995788e-07,-1,-0.99999994,0,-3.25841341e-07],"shadowDarkenColor":[0,0,0,0],"shadowDistance":20}
{"name":"lampBulb_790","class":"PointLight","__parent":"lampLights_132","position":[-269.973236,770.895569,82.3656006],"brightness":20,"color":[0.826189578,0.925667524,0.471540183,1],"isEnabled":false,"radius":0.5,"rotationMatrix":[-4.92006778e-14,0.99999994,1.50995803e-07,3.2584137e-07,1.50995788e-07,-1,-0.99999994,0,-3.25841341e-07],"shadowDarkenColor":[0,0,0,0]}
{"name":"lampBulb_791","class":"PointLight","__parent":"lampLights_132","position":[-269.269073,770.897461,82.3656006],"brightness":20,"color":[0.826189578,0.925667524,0.471540183,1],"isEnabled":false,"radius":0.5,"rotationMatrix":[-4.92006778e-14,0.99999994,1.50995803e-07,3.2584137e-07,1.50995788e-07,-1,-0.99999994,0,-3.25841341e-07],"shadowDarkenColor":[0,0,0,0]}
{"name":"lampBulb_792","class":"PointLight","__parent":"lampLights_132","position":[-269.972321,770.385742,82.3656006],"brightness":20,"color":[0.826189578,0.925667524,0.471540183,1],"isEnabled":false,"radius":0.5,"rotationMatrix":[-4.92006778e-14,0.99999994,1.50995803e-07,3.2584137e-07,1.50995788e-07,-1,-0.99999994,0,-3.25841341e-07],"shadowDarkenColor":[0,0,0,0]}
