{
  "looped":false,
  "manualFov":true,
  "markers":[
    {
      "fov":25,
      "movingEnd":true,
      "movingStart":true,
      "pos":{
        "x":-870.1395399,
        "y":287.9617246,
        "z":162.711825
      },
      "rot":{
        "w":-0.2712906077,
        "x":-0.01930038899,
        "y":0.06828845667,
        "z":-0.9598779026
      },
      "time":0,
      "trackPosition":false
    },
    {
      "fov":25,
      "movingEnd":true,
      "movingStart":true,
      "pos":{
        "x":-878.6906172,
        "y":298.3298596,
        "z":164.9277719
      },
      "rot":{
        "w":-0.2375054918,
        "x":-0.03228300752,
        "y":0.1307606149,
        "z":-0.9620034357
      },
      "time":3,
      "trackPosition":false
    }
  ],
  "name":"camPath1",
  "version":"6"
}