{
  "looped":false,
  "manualFov":false,
  "markers":[
    {
      "fov":35,
      "movingEnd":true,
      "movingStart":true,
      "pos":{
        "x":-655.2687988,
        "y":50.00753021,
        "z":105.8781128
      },
      "rot":{
        "w":0.8676121727,
        "x":0.08937527502,
        "y":-0.05012284568,
        "z":0.4865684725
      },
      "time":0,
      "trackPosition":true
    },
    {
      "cut":true,
      "fov":35,
      "movingEnd":true,
      "movingStart":true,
      "pos":{
        "x":-646.3588257,
        "y":40.33983612,
        "z":104.7967606
      },
      "rot":{
        "w":0.9111026452,
        "x":0.0401675075,
        "y":-0.01806759302,
        "z":0.4098195984
      },
      "time":15,
      "trackPosition":true
    },
    {
      "fov":35,
      "movingEnd":true,
      "movingStart":true,
      "pos":{
        "x":-640.0773952,
        "y":50.53917264,
        "z":105.2426603
      },
      "rot":{
        "w":0.9265730977,
        "x":-0.04252880812,
        "y":-0.01713454537,
        "z":-0.3733093441
      },
      "time":17,
      "trackPosition":false
    },
    {
      "fov":10,
      "movingEnd":true,
      "movingStart":true,
      "pos":{
        "x":-642.5443784,
        "y":53.00926516,
        "z":107.7357271
      },
      "rot":{
        "w":0.9188531637,
        "x":-0.08206123859,
        "y":-0.0346952565,
        "z":-0.3844099641
      },
      "time":27,
      "trackPosition":false
    }
  ],
  "name":"camPath1",
  "rotFixId":1,
  "version":"6"
}