{
  "looped":false,
  "manualFov":false,
  "markers":[
    {
      "fov":35,
      "movingEnd":true,
      "movingStart":true,
      "pos":{
        "x":-846.0547485,
        "y":269.1760254,
        "z":162.4851685
      },
      "rot":{
        "w":0.8455489893,
        "x":0.1145491766,
        "y":0.07000497614,
        "z":-0.5167443238
      },
      "time":0,
      "trackPosition":true
    },
    {
      "cut":true,
      "fov":35,
      "movingEnd":true,
      "movingStart":true,
      "pos":{
        "x":-852.3339844,
        "y":255.752594,
        "z":162.4851685
      },
      "rot":{
        "w":0.8982459674,
        "x":0.1159629078,
        "y":0.05427711756,
        "z":-0.4204292813
      },
      "time":12,
      "trackPosition":true
    },
    {
      "fov":35,
      "movingEnd":true,
      "movingStart":true,
      "pos":{
        "x":-870.9072876,
        "y":274.9961243,
        "z":164.8143463
      },
      "rot":{
        "w":0.7676360547,
        "x":0.07329423175,
        "y":-0.06051537711,
        "z":0.6337986527
      },
      "time":12,
      "trackPosition":true
    },
    {
      "fov":35,
      "movingEnd":true,
      "movingStart":true,
      "pos":{
        "x":-867.5732422,
        "y":262.9047852,
        "z":162.6227722
      },
      "rot":{
        "w":0.8448821486,
        "x":0.06685975369,
        "y":-0.04187062833,
        "z":0.5291037504
      },
      "time":27,
      "trackPosition":true
    }
  ],
  "name":"camPath1",
  "rotFixId":3,
  "version":"6"
}