{"name":"lampLight_113","class":"SpotLight","__parent":"lampLights_57","position":[-729.681152,-22.40592,109.834877],"animationPeriod":2,"brightness":0.899999976,"color":[0.82745105,0.92549026,0.470588267,1],"fadeStartDistance":10,"innerAngle":10,"outerAngle":170,"rotationMatrix":[0.707106709,0.707106769,-3.36346534e-06,-2.33461788e-06,-2.42204055e-06,-0.99999994,-0.707106709,0.707106769,-6.18172393e-08],"shadowDarkenColor":[0,0,0,0],"shadowDistance":20}
{"name":"lampBulb_337","class":"PointLight","__parent":"lampLights_57","position":[-730.299255,-21.4581356,109.813911],"brightness":20,"color":[0.826189578,0.925667524,0.471540183,1],"radius":0.5,"rotationMatrix":[0.707106709,0.707106769,-3.36346534e-06,-2.33461788e-06,-2.42204055e-06,-0.99999994,-0.707106709,0.707106769,-6.18172393e-08],"shadowDarkenColor":[0,0,0,0]}
{"name":"lampBulb_338","class":"PointLight","__parent":"lampLights_57","position":[-730.66571,-21.8128719,109.814079],"brightness":20,"color":[0.826189578,0.925667524,0.471540183,1],"radius":0.5,"rotationMatrix":[0.707106709,0.707106769,-3.36346534e-06,-2.33461788e-06,-2.42204055e-06,-0.99999994,-0.707106709,0.707106769,-6.18172393e-08],"shadowDarkenColor":[0,0,0,0]}
{"name":"lampBulb_339","class":"PointLight","__parent":"lampLights_57","position":[-729.775574,-21.9990597,109.813271],"brightness":20,"color":[0.826189578,0.925667524,0.471540183,1],"radius":0.5,"rotationMatrix":[0.707106709,0.707106769,-3.36346534e-06,-2.33461788e-06,-2.42204055e-06,-0.99999994,-0.707106709,0.707106769,-6.18172393e-08],"shadowDarkenColor":[0,0,0,0]}
{"name":"lampLight_114","class":"SpotLight","__parent":"lampLights_57","position":[-730.203796,-21.8660641,109.835487],"animationPeriod":2,"brightness":0.899999976,"color":[0.82745105,0.92549026,0.470588267,1],"fadeStartDistance":10,"innerAngle":10,"outerAngle":170,"rotationMatrix":[0.707106709,0.707106769,-3.36346534e-06,-2.33461788e-06,-2.42204055e-06,-0.99999994,-0.707106709,0.707106769,-6.18172393e-08],"shadowDarkenColor":[0,0,0,0],"shadowDistance":20}
{"name":"lampBulb_340","class":"PointLight","__parent":"lampLights_57","position":[-729.651978,-22.8599606,109.812859],"brightness":20,"color":[0.826189578,0.925667524,0.471540183,1],"radius":0.5,"rotationMatrix":[0.707106709,0.707106769,-3.36346534e-06,-2.33461788e-06,-2.42204055e-06,-0.99999994,-0.707106709,0.707106769,-6.18172393e-08],"shadowDarkenColor":[0,0,0,0]}
{"name":"lampBulb_341","class":"PointLight","__parent":"lampLights_57","position":[-730.141968,-22.353857,109.813438],"brightness":20,"color":[0.826189578,0.925667524,0.471540183,1],"radius":0.5,"rotationMatrix":[0.707106709,0.707106769,-3.36346534e-06,-2.33461788e-06,-2.42204055e-06,-0.99999994,-0.707106709,0.707106769,-6.18172393e-08],"shadowDarkenColor":[0,0,0,0]}
{"name":"lampBulb_342","class":"PointLight","__parent":"lampLights_57","position":[-729.285583,-22.5051632,109.812691],"brightness":20,"color":[0.826189578,0.925667524,0.471540183,1],"radius":0.5,"rotationMatrix":[0.707106709,0.707106769,-3.36346534e-06,-2.33461788e-06,-2.42204055e-06,-0.99999994,-0.707106709,0.707106769,-6.18172393e-08],"shadowDarkenColor":[0,0,0,0]}
