{"name":"lampLight_107","class":"SpotLight","__parent":"lampLights_54","position":[-948.223572,197.353683,165.720352],"animationPeriod":2,"brightness":0.899999976,"color":[0.82745105,0.92549026,0.470588267,1],"fadeStartDistance":10,"hidden":true,"innerAngle":10,"outerAngle":170,"rotationMatrix":[0.722738147,0.691121936,-0.000354290009,-0.000488191843,-2.2649765e-06,-1,-0.691121876,0.722738385,0.000335693359],"shadowDarkenColor":[0,0,0,0],"shadowDistance":20}
{"name":"lampBulb_319","class":"PointLight","__parent":"lampLights_54","position":[-948.841675,198.301468,165.699387],"brightness":20,"color":[0.826189578,0.925667524,0.471540183,1],"hidden":true,"radius":0.5,"rotationMatrix":[0.722738147,0.691121936,-0.000354290009,-0.000488191843,-2.2649765e-06,-1,-0.691121876,0.722738385,0.000335693359],"shadowDarkenColor":[0,0,0,0]}
{"name":"lampBulb_320","class":"PointLight","__parent":"lampLights_54","position":[-949.20813,197.946732,165.699554],"brightness":20,"color":[0.826189578,0.925667524,0.471540183,1],"hidden":true,"radius":0.5,"rotationMatrix":[0.722738147,0.691121936,-0.000354290009,-0.000488191843,-2.2649765e-06,-1,-0.691121876,0.722738385,0.000335693359],"shadowDarkenColor":[0,0,0,0]}
{"name":"lampBulb_321","class":"PointLight","__parent":"lampLights_54","position":[-948.317993,197.760544,165.698746],"brightness":20,"color":[0.826189578,0.925667524,0.471540183,1],"hidden":true,"radius":0.5,"rotationMatrix":[0.722738147,0.691121936,-0.000354290009,-0.000488191843,-2.2649765e-06,-1,-0.691121876,0.722738385,0.000335693359],"shadowDarkenColor":[0,0,0,0]}
{"name":"lampLight_108","class":"SpotLight","__parent":"lampLights_54","position":[-948.746216,197.893539,165.720963],"animationPeriod":2,"brightness":0.899999976,"color":[0.82745105,0.92549026,0.470588267,1],"fadeStartDistance":10,"hidden":true,"innerAngle":10,"outerAngle":170,"rotationMatrix":[0.722738147,0.691121936,-0.000354290009,-0.000488191843,-2.2649765e-06,-1,-0.691121876,0.722738385,0.000335693359],"shadowDarkenColor":[0,0,0,0],"shadowDistance":20}
{"name":"lampBulb_322","class":"PointLight","__parent":"lampLights_54","position":[-948.194397,196.899643,165.698334],"brightness":20,"color":[0.826189578,0.925667524,0.471540183,1],"hidden":true,"radius":0.5,"rotationMatrix":[0.722738147,0.691121936,-0.000354290009,-0.000488191843,-2.2649765e-06,-1,-0.691121876,0.722738385,0.000335693359],"shadowDarkenColor":[0,0,0,0]}
{"name":"lampBulb_323","class":"PointLight","__parent":"lampLights_54","position":[-948.684387,197.405746,165.698914],"brightness":20,"color":[0.826189578,0.925667524,0.471540183,1],"hidden":true,"radius":0.5,"rotationMatrix":[0.722738147,0.691121936,-0.000354290009,-0.000488191843,-2.2649765e-06,-1,-0.691121876,0.722738385,0.000335693359],"shadowDarkenColor":[0,0,0,0]}
{"name":"lampBulb_324","class":"PointLight","__parent":"lampLights_54","position":[-947.828003,197.25444,165.698166],"brightness":20,"color":[0.826189578,0.925667524,0.471540183,1],"hidden":true,"radius":0.5,"rotationMatrix":[0.722738147,0.691121936,-0.000354290009,-0.000488191843,-2.2649765e-06,-1,-0.691121876,0.722738385,0.000335693359],"shadowDarkenColor":[0,0,0,0]}
