{"name":"lampLight_299","class":"SpotLight","__parent":"lampLights_150","position":[-419.214508,489.846802,103.891663],"animationPeriod":2,"brightness":0.899999976,"color":[0.82745105,0.92549026,0.470588267,1],"fadeStartDistance":10,"hidden":true,"innerAngle":10,"isEnabled":false,"outerAngle":170,"rotationMatrix":[0.707106709,-0.707106709,-8.0840141e-07,1.43629563e-07,1.28688191e-06,-0.999999881,0.707106709,0.707106769,1.01152432e-06],"shadowDarkenColor":[0,0,0,0],"shadowDistance":20}
{"name":"lampBulb_895","class":"PointLight","__parent":"lampLights_150","position":[-418.264008,490.460632,103.869843],"brightness":20,"color":[0.826189578,0.925667524,0.471540183,1],"hidden":true,"isEnabled":false,"radius":0.5,"rotationMatrix":[0.707106709,-0.707106709,-8.0840141e-07,1.43629563e-07,1.28688191e-06,-0.999999881,0.707106709,0.707106769,1.01152432e-06],"shadowDarkenColor":[0,0,0,0]}
{"name":"lampBulb_896","class":"PointLight","__parent":"lampLights_150","position":[-418.617157,490.828613,103.869843],"brightness":20,"color":[0.826189578,0.925667524,0.471540183,1],"hidden":true,"isEnabled":false,"radius":0.5,"rotationMatrix":[0.707106709,-0.707106709,-8.0840141e-07,1.43629563e-07,1.28688191e-06,-0.999999881,0.707106709,0.707106769,1.01152432e-06],"shadowDarkenColor":[0,0,0,0]}
{"name":"lampBulb_897","class":"PointLight","__parent":"lampLights_150","position":[-418.807281,489.93927,103.869843],"brightness":20,"color":[0.826189578,0.925667524,0.471540183,1],"hidden":true,"isEnabled":false,"radius":0.5,"rotationMatrix":[0.707106709,-0.707106709,-8.0840141e-07,1.43629563e-07,1.28688191e-06,-0.999999881,0.707106709,0.707106769,1.01152432e-06],"shadowDarkenColor":[0,0,0,0]}
{"name":"lampLight_300","class":"SpotLight","__parent":"lampLights_150","position":[-418.672333,490.367065,103.891663],"animationPeriod":2,"brightness":0.899999976,"color":[0.82745105,0.92549026,0.470588267,1],"fadeStartDistance":10,"hidden":true,"innerAngle":10,"isEnabled":false,"outerAngle":170,"rotationMatrix":[0.707106709,-0.707106709,-8.0840141e-07,1.43629563e-07,1.28688191e-06,-0.999999881,0.707106709,0.707106769,1.01152432e-06],"shadowDarkenColor":[0,0,0,0],"shadowDistance":20}
{"name":"lampBulb_898","class":"PointLight","__parent":"lampLights_150","position":[-419.668365,489.819641,103.869843],"brightness":20,"color":[0.826189578,0.925667524,0.471540183,1],"hidden":true,"isEnabled":false,"radius":0.5,"rotationMatrix":[0.707106709,-0.707106709,-8.0840141e-07,1.43629563e-07,1.28688191e-06,-0.999999881,0.707106709,0.707106769,1.01152432e-06],"shadowDarkenColor":[0,0,0,0]}
{"name":"lampBulb_899","class":"PointLight","__parent":"lampLights_150","position":[-419.160431,490.307312,103.869843],"brightness":20,"color":[0.826189578,0.925667524,0.471540183,1],"hidden":true,"isEnabled":false,"radius":0.5,"rotationMatrix":[0.707106709,-0.707106709,-8.0840141e-07,1.43629563e-07,1.28688191e-06,-0.999999881,0.707106709,0.707106769,1.01152432e-06],"shadowDarkenColor":[0,0,0,0]}
{"name":"lampBulb_900","class":"PointLight","__parent":"lampLights_150","position":[-419.31546,489.451599,103.869843],"brightness":20,"color":[0.826189578,0.925667524,0.471540183,1],"hidden":true,"isEnabled":false,"radius":0.5,"rotationMatrix":[0.707106709,-0.707106709,-8.0840141e-07,1.43629563e-07,1.28688191e-06,-0.999999881,0.707106709,0.707106769,1.01152432e-06],"shadowDarkenColor":[0,0,0,0]}
