{"name":"lampLight_81","class":"SpotLight","__parent":"lampLights_41","position":[-914.061951,652.690918,119.619453],"animationPeriod":2,"brightness":0.899999976,"color":[0.82745105,0.92549026,0.470588267,1],"fadeStartDistance":10,"hidden":true,"innerAngle":10,"outerAngle":170,"rotationMatrix":[-0.00719475746,-0.999974132,2.08616257e-07,2.68220901e-07,-2.38418579e-07,-1,0.999974132,-0.00719472766,2.38418579e-07],"shadowDarkenColor":[0,0,0,0],"shadowDistance":20}
{"name":"lampBulb_241","class":"PointLight","__parent":"lampLights_41","position":[-912.952637,652.467651,119.597633],"brightness":20,"color":[0.826189578,0.925667524,0.471540183,1],"hidden":true,"radius":0.5,"rotationMatrix":[-0.00719475746,-0.999974132,2.08616257e-07,2.68220901e-07,-2.38418579e-07,-1,0.999974132,-0.00719472766,2.38418579e-07],"shadowDarkenColor":[0,0,0,0]}
{"name":"lampBulb_242","class":"PointLight","__parent":"lampLights_41","position":[-912.948975,652.977722,119.597633],"brightness":20,"color":[0.826189578,0.925667524,0.471540183,1],"hidden":true,"radius":0.5,"rotationMatrix":[-0.00719475746,-0.999974132,2.08616257e-07,2.68220901e-07,-2.38418579e-07,-1,0.999974132,-0.00719472766,2.38418579e-07],"shadowDarkenColor":[0,0,0,0]}
{"name":"lampBulb_243","class":"PointLight","__parent":"lampLights_41","position":[-913.705566,652.473083,119.597633],"brightness":20,"color":[0.826189578,0.925667524,0.471540183,1],"hidden":true,"radius":0.5,"rotationMatrix":[-0.00719475746,-0.999974132,2.08616257e-07,2.68220901e-07,-2.38418579e-07,-1,0.999974132,-0.00719472766,2.38418579e-07],"shadowDarkenColor":[0,0,0,0]}
{"name":"lampLight_82","class":"SpotLight","__parent":"lampLights_41","position":[-913.310547,652.685425,119.619453],"animationPeriod":2,"brightness":0.899999976,"color":[0.82745105,0.92549026,0.470588267,1],"fadeStartDistance":10,"hidden":true,"innerAngle":10,"outerAngle":170,"rotationMatrix":[-0.00719475746,-0.999974132,2.08616257e-07,2.68220901e-07,-2.38418579e-07,-1,0.999974132,-0.00719472766,2.38418579e-07],"shadowDarkenColor":[0,0,0,0],"shadowDistance":20}
{"name":"lampBulb_244","class":"PointLight","__parent":"lampLights_41","position":[-914.406311,652.988281,119.597633],"brightness":20,"color":[0.826189578,0.925667524,0.471540183,1],"hidden":true,"radius":0.5,"rotationMatrix":[-0.00719475746,-0.999974132,2.08616257e-07,2.68220901e-07,-2.38418579e-07,-1,0.999974132,-0.00719472766,2.38418579e-07],"shadowDarkenColor":[0,0,0,0]}
{"name":"lampBulb_245","class":"PointLight","__parent":"lampLights_41","position":[-913.701904,652.983154,119.597633],"brightness":20,"color":[0.826189578,0.925667524,0.471540183,1],"hidden":true,"radius":0.5,"rotationMatrix":[-0.00719475746,-0.999974132,2.08616257e-07,2.68220901e-07,-2.38418579e-07,-1,0.999974132,-0.00719472766,2.38418579e-07],"shadowDarkenColor":[0,0,0,0]}
{"name":"lampBulb_246","class":"PointLight","__parent":"lampLights_41","position":[-914.409973,652.478149,119.597633],"brightness":20,"color":[0.826189578,0.925667524,0.471540183,1],"hidden":true,"radius":0.5,"rotationMatrix":[-0.00719475746,-0.999974132,2.08616257e-07,2.68220901e-07,-2.38418579e-07,-1,0.999974132,-0.00719472766,2.38418579e-07],"shadowDarkenColor":[0,0,0,0]}
