{"name":"lampLight_217","class":"SpotLight","__parent":"lampLights_109","position":[71.2450409,450.874023,123.622757],"animationPeriod":2,"brightness":0.899999976,"color":[0.82745105,0.92549026,0.470588267,1],"fadeStartDistance":10,"innerAngle":10,"isEnabled":false,"outerAngle":170,"rotationMatrix":[-0.759454966,-0.650559545,-9.53674316e-07,-8.94069672e-08,1.66893005e-06,-0.99999994,0.650559545,-0.759455144,-1.1920929e-06],"shadowDarkenColor":[0,0,0,0],"shadowDistance":20}
{"name":"lampBulb_649","class":"PointLight","__parent":"lampLights_109","position":[71.7838974,449.879059,123.600937],"brightness":20,"color":[0.826189578,0.925667524,0.471540183,1],"isEnabled":false,"radius":0.5,"rotationMatrix":[-0.759454966,-0.650559545,-9.53674316e-07,-8.94069672e-08,1.66893005e-06,-0.99999994,0.650559545,-0.759455144,-1.1920929e-06],"shadowDarkenColor":[0,0,0,0]}
{"name":"lampBulb_650","class":"PointLight","__parent":"lampLights_109","position":[72.177948,450.20285,123.600937],"brightness":20,"color":[0.826189578,0.925667524,0.471540183,1],"isEnabled":false,"radius":0.5,"rotationMatrix":[-0.759454966,-0.650559545,-9.53674316e-07,-8.94069672e-08,1.66893005e-06,-0.99999994,0.650559545,-0.759455144,-1.1920929e-06],"shadowDarkenColor":[0,0,0,0]}
{"name":"lampBulb_651","class":"PointLight","__parent":"lampLights_109","position":[71.3059006,450.460876,123.600937],"brightness":20,"color":[0.826189578,0.925667524,0.471540183,1],"isEnabled":false,"radius":0.5,"rotationMatrix":[-0.759454966,-0.650559545,-9.53674316e-07,-8.94069672e-08,1.66893005e-06,-0.99999994,0.650559545,-0.759455144,-1.1920929e-06],"shadowDarkenColor":[0,0,0,0]}
{"name":"lampLight_218","class":"SpotLight","__parent":"lampLights_109","position":[71.722023,450.293396,123.622757],"animationPeriod":2,"brightness":0.899999976,"color":[0.82745105,0.92549026,0.470588267,1],"fadeStartDistance":10,"innerAngle":10,"isEnabled":false,"outerAngle":170,"rotationMatrix":[-0.759454966,-0.650559545,-9.53674316e-07,-8.94069672e-08,1.66893005e-06,-0.99999994,0.650559545,-0.759455144,-1.1920929e-06],"shadowDarkenColor":[0,0,0,0],"shadowDistance":20}
{"name":"lampBulb_652","class":"PointLight","__parent":"lampLights_109","position":[71.2529144,451.328613,123.600937],"brightness":20,"color":[0.826189578,0.925667524,0.471540183,1],"isEnabled":false,"radius":0.5,"rotationMatrix":[-0.759454966,-0.650559545,-9.53674316e-07,-8.94069672e-08,1.66893005e-06,-0.99999994,0.650559545,-0.759455144,-1.1920929e-06],"shadowDarkenColor":[0,0,0,0]}
{"name":"lampBulb_653","class":"PointLight","__parent":"lampLights_109","position":[71.7000351,450.784637,123.600937],"brightness":20,"color":[0.826189578,0.925667524,0.471540183,1],"isEnabled":false,"radius":0.5,"rotationMatrix":[-0.759454966,-0.650559545,-9.53674316e-07,-8.94069672e-08,1.66893005e-06,-0.99999994,0.650559545,-0.759455144,-1.1920929e-06],"shadowDarkenColor":[0,0,0,0]}
{"name":"lampBulb_654","class":"PointLight","__parent":"lampLights_109","position":[70.8587952,451.005096,123.600937],"brightness":20,"color":[0.826189578,0.925667524,0.471540183,1],"isEnabled":false,"radius":0.5,"rotationMatrix":[-0.759454966,-0.650559545,-9.53674316e-07,-8.94069672e-08,1.66893005e-06,-0.99999994,0.650559545,-0.759455144,-1.1920929e-06],"shadowDarkenColor":[0,0,0,0]}
