{
  "looped":false,
  "manualFov":true,
  "markers":[
    {
      "fov":20,
      "movingEnd":true,
      "movingStart":true,
      "pos":{
        "x":-145.4829902,
        "y":-105.9430237,
        "z":121.8790533
      },
      "rot":{
        "z":0.8692776258,
        "w":-0.4926700729,
        "x":-0.0199228755,
        "y":-0.03515234813
      },
      "time":0,
      "trackPosition":true
    },
    {
      "fov":20,
      "movingEnd":true,
      "movingStart":true,
      "pos":{
        "x":-141.3359689,
        "y":-102.1752133,
        "z":122.3240893
      },
      "rot":{
        "z":0.8692776258,
        "w":-0.4926700729,
        "x":-0.0199228755,
        "y":-0.03515234813
      },
      "time":3,
      "trackPosition":true
    }
  ],
  "name":"camPath",
  "rotFixId":1,
  "version":"6"
}