{
  "looped":false,
  "manualFov":false,
  "markers":[
    {
      "fov":20,
      "movingEnd":true,
      "movingStart":true,
      "pos":{
        "x":-182.1187286,
        "y":-112.2516174,
        "z":121.8790512
      },
      "rot":{
        "z":0.8692776258,
        "w":-0.4926700729,
        "x":-0.0199228755,
        "y":-0.03515234813
      },
      "time":0,
      "trackPosition":true
    },
    {
      "fov":20,
      "movingEnd":true,
      "movingStart":true,
      "pos":{
        "x":-188.0854645,
        "y":-116.5914841,
        "z":122.3240891
      },
      "rot":{
        "z":0.8692776258,
        "w":-0.4926700729,
        "x":-0.0199228755,
        "y":-0.03515234813
      },
      "time":3,
      "trackPosition":true
    }
  ],
  "name":"camPath",
  "rotFixId":1,
  "version":"6"
}