{
  "looped":false,
  "manualFov":true,
  "markers":[
    {
      "fov":35,
      "movingEnd":true,
      "movingStart":true,
      "pos":{
        "x":-146.5009405,
        "y":-110.5198869,
        "z":124.1978772
      },
      "rot":{
        "z":-0.5451945821,
        "w":0.8234459027,
        "x":0.1310424035,
        "y":0.08676175104
      },
      "time":0,
      "trackPosition":true
    },
    {
      "cut":true,
      "fov":35,
      "movingEnd":true,
      "movingStart":true,
      "pos":{
        "x":-168.6757552,
        "y":-121.1536048,
        "z":123.1483268
      },
      "rot":{
        "z":0.1074910794,
        "w":0.9817339431,
        "x":0.1560518879,
        "y":-0.01708628492
      },
      "time":12,
      "trackPosition":true
    },
    {
      "fov":35,
      "movingEnd":true,
      "movingStart":true,
      "pos":{
        "x":-158.0140533,
        "y":-96.81525421,
        "z":121.3111267
      },
      "rot":{
        "z":0.9859501165,
        "w":-0.01143437089,
        "x":-0.001932541188,
        "y":-0.1666369955
      },
      "time":12,
      "trackPosition":true
    },
    {
      "fov":35,
      "movingEnd":true,
      "movingStart":true,
      "pos":{
        "x":-173.9090729,
        "y":-110.3159485,
        "z":120.7060318
      },
      "rot":{
        "z":0.8136179296,
        "w":0.5417911678,
        "x":0.1169058614,
        "y":-0.1755597186
      },
      "time":24,
      "trackPosition":true
    }
  ],
  "name":"camPath",
  "rotFixId":3,
  "version":"6"
}