{
  "looped":false,
  "manualFov":true,
  "markers":[
    {
      "fov":30,
      "movingEnd":true,
      "movingStart":true,
      "pos":{
        "x":-904.4237854,
        "y":2063.65872,
        "z":85.61817146
      },
      "rot":{
        "w":-0.358151558,
        "x":-0.03445469658,
        "y":-0.08934610824,
        "z":0.9287397958
      },
      "time":0,
      "trackPosition":true
    },
    {
      "cut":true,
      "fov":30,
      "movingEnd":true,
      "movingStart":true,
      "pos":{
        "x":-896.5113173,
        "y":2049.205018,
        "z":84.45997571
      },
      "rot":{
        "w":-0.5400977991,
        "x":-0.05492990128,
        "y":-0.08497315451,
        "z":0.8354978375
      },
      "time":15,
      "trackPosition":true
    },
    {
      "fov":30,
      "movingEnd":true,
      "movingStart":true,
      "pos":{
        "x":-914.9333556,
        "y":2041.011875,
        "z":85.14025734
      },
      "rot":{
        "w":-0.9819755764,
        "x":-0.08790177422,
        "y":0.01491837589,
        "z":-0.1666573957
      },
      "time":15,
      "trackPosition":true
    },
    {
      "fov":30,
      "movingEnd":true,
      "movingStart":true,
      "pos":{
        "x":-901.6272334,
        "y":2041.611836,
        "z":84.40591547
      },
      "rot":{
        "w":-0.9971010252,
        "x":-0.07567622847,
        "y":-0.0005990285056,
        "z":0.007892728657
      },
      "time":30,
      "trackPosition":true
    }
  ],
  "name":"camPath1",
  "version":"6"
}